== PowerShell parsers ==
== Bootstrap qualification ==
......
----------------------------------------------------------------------
Ran 6 tests in 0.054s

OK
== Workspace formatting ==
Diff in \\?\D:\a\eliot-search\eliot-search\bins\eliot-search\src\app.rs:160:
     Ok(responses)
 }
 
[31m-fn invoke_daemon(
[0m[31m-    daemon: &Path,
[0m[31m-    arguments: &[OsString],
[0m[31m-    inherit_stdin: bool,
[0m[31m-) -> Result<(), String> {
[0m[32m+fn invoke_daemon(daemon: &Path, arguments: &[OsString], inherit_stdin: bool) -> Result<(), String> {
[0m     let mut command = Command::new(daemon);
     command.args(arguments);
     command.stdin(if inherit_stdin {
Diff in \\?\D:\a\eliot-search\eliot-search\bins\eliot-search\src\app.rs:190:
     required_arguments: usize,
     inherit_stdin: bool,
 ) -> Result<(), String> {
[31m-    let (arguments, explicit_daemon) =
[0m[31m-        split_daemon_option(arguments, required_arguments)?;
[0m[32m+    let (arguments, explicit_daemon) = split_daemon_option(arguments, required_arguments)?;
[0m     let daemon = daemon_path(explicit_daemon);
     let mut forwarded = Vec::with_capacity(arguments.len().saturating_add(1));
     forwarded.push(OsString::from(daemon_command));
Diff in \\?\D:\a\eliot-search\eliot-search\bins\eliot-search\src\endpoint_client.rs:13:
 const MAX_RESPONSE_LINES: usize = 1_000_000;
 const IO_TIMEOUT: Duration = Duration::from_secs(30);
 
[31m-pub(crate) fn invoke_remote(
[0m[31m-    address: &str,
[0m[31m-    token_file: &Path,
[0m[31m-    command: &str,
[0m[31m-) -> Result<(), String> {
[0m[32m+pub(crate) fn invoke_remote(address: &str, token_file: &Path, command: &str) -> Result<(), String> {
[0m     if command.is_empty()
         || command.len() > 128 * 1024
         || command.contains('\n')
Diff in \\?\D:\a\eliot-search\eliot-search\bins\eliot-search\src\endpoint_client.rs:91:
     if metadata.len() > u64::try_from(MAX_TOKEN_FILE_BYTES).unwrap_or(u64::MAX) {
         return Err("REMOTE_TOKEN_FILE_TOO_LARGE".to_owned());
     }
[31m-    let mut file = File::open(path)
[0m[31m-        .map_err(|error| format!("REMOTE_TOKEN_OPEN_ERROR:{error}"))?;
[0m[32m+    let mut file = File::open(path).map_err(|error| format!("REMOTE_TOKEN_OPEN_ERROR:{error}"))?;
[0m     let mut bytes = Vec::with_capacity(
[31m-        usize::try_from(metadata.len())
[0m[31m-            .map_err(|_| "REMOTE_TOKEN_FILE_TOO_LARGE".to_owned())?,
[0m[32m+        usize::try_from(metadata.len()).map_err(|_| "REMOTE_TOKEN_FILE_TOO_LARGE".to_owned())?,
[0m     );
     (&mut file)
         .take(u64::try_from(MAX_TOKEN_FILE_BYTES + 1).unwrap_or(u64::MAX))
Diff in \\?\D:\a\eliot-search\eliot-search\bins\eliot-search\src\endpoint_client.rs:135:
     maximum_bytes: usize,
 ) -> Result<Option<String>, String> {
     let mut bytes = Vec::new();
[31m-    let mut limited = reader.take(
[0m[31m-        u64::try_from(maximum_bytes.saturating_add(1)).unwrap_or(u64::MAX),
[0m[31m-    );
[0m[32m+    let mut limited =
[0m[32m+        reader.take(u64::try_from(maximum_bytes.saturating_add(1)).unwrap_or(u64::MAX));
[0m     let read = limited
         .read_until(b'\n', &mut bytes)
         .map_err(|error| format!("REMOTE_READ_ERROR:{error}"))?;
Diff in \\?\D:\a\eliot-search\eliot-search\bins\eliot-search\src\endpoint_client.rs:199:
 
 fn digest(bytes: &[u8]) -> Digest {
     const INITIAL: [u32; 8] = [
[31m-        0x6a09_e667, 0xbb67_ae85, 0x3c6e_f372, 0xa54f_f53a,
[0m[31m-        0x510e_527f, 0x9b05_688c, 0x1f83_d9ab, 0x5be0_cd19,
[0m[32m+        0x6a09_e667,
[0m[32m+        0xbb67_ae85,
[0m[32m+        0x3c6e_f372,
[0m[32m+        0xa54f_f53a,
[0m[32m+        0x510e_527f,
[0m[32m+        0x9b05_688c,
[0m[32m+        0x1f83_d9ab,
[0m[32m+        0x5be0_cd19,
[0m     ];
     const K: [u32; 64] = [
[31m-        0x428a_2f98, 0x7137_4491, 0xb5c0_fbcf, 0xe9b5_dba5,
[0m[31m-        0x3956_c25b, 0x59f1_11f1, 0x923f_82a4, 0xab1c_5ed5,
[0m[31m-        0xd807_aa98, 0x1283_5b01, 0x2431_85be, 0x550c_7dc3,
[0m[31m-        0x72be_5d74, 0x80de_b1fe, 0x9bdc_06a7, 0xc19b_f174,
[0m[31m-        0xe49b_69c1, 0xefbe_4786, 0x0fc1_9dc6, 0x240c_a1cc,
[0m[31m-        0x2de9_2c6f, 0x4a74_84aa, 0x5cb0_a9dc, 0x76f9_88da,
[0m[31m-        0x983e_5152, 0xa831_c66d, 0xb003_27c8, 0xbf59_7fc7,
[0m[31m-        0xc6e0_0bf3, 0xd5a7_9147, 0x06ca_6351, 0x1429_2967,
[0m[31m-        0x27b7_0a85, 0x2e1b_2138, 0x4d2c_6dfc, 0x5338_0d13,
[0m[31m-        0x650a_7354, 0x766a_0abb, 0x81c2_c92e, 0x9272_2c85,
[0m[31m-        0xa2bf_e8a1, 0xa81a_664b, 0xc24b_8b70, 0xc76c_51a3,
[0m[31m-        0xd192_e819, 0xd699_0624, 0xf40e_3585, 0x106a_a070,
[0m[31m-        0x19a4_c116, 0x1e37_6c08, 0x2748_774c, 0x34b0_bcb5,
[0m[31m-        0x391c_0cb3, 0x4ed8_aa4, 0x5b9c_ca4f, 0x682e_6ff3,
[0m[31m-        0x748f_82ee, 0x78a5_636f, 0x84c8_7814, 0x8cc7_0208,
[0m[31m-        0x90be_fffa, 0xa450_6ceb, 0xbef9_a3f7, 0xc671_78f2,
[0m[32m+        0x428a_2f98,
[0m[32m+        0x7137_4491,
[0m[32m+        0xb5c0_fbcf,
[0m[32m+        0xe9b5_dba5,
[0m[32m+        0x3956_c25b,
[0m[32m+        0x59f1_11f1,
[0m[32m+        0x923f_82a4,
[0m[32m+        0xab1c_5ed5,
[0m[32m+        0xd807_aa98,
[0m[32m+        0x1283_5b01,
[0m[32m+        0x2431_85be,
[0m[32m+        0x550c_7dc3,
[0m[32m+        0x72be_5d74,
[0m[32m+        0x80de_b1fe,
[0m[32m+        0x9bdc_06a7,
[0m[32m+        0xc19b_f174,
[0m[32m+        0xe49b_69c1,
[0m[32m+        0xefbe_4786,
[0m[32m+        0x0fc1_9dc6,
[0m[32m+        0x240c_a1cc,
[0m[32m+        0x2de9_2c6f,
[0m[32m+        0x4a74_84aa,
[0m[32m+        0x5cb0_a9dc,
[0m[32m+        0x76f9_88da,
[0m[32m+        0x983e_5152,
[0m[32m+        0xa831_c66d,
[0m[32m+        0xb003_27c8,
[0m[32m+        0xbf59_7fc7,
[0m[32m+        0xc6e0_0bf3,
[0m[32m+        0xd5a7_9147,
[0m[32m+        0x06ca_6351,
[0m[32m+        0x1429_2967,
[0m[32m+        0x27b7_0a85,
[0m[32m+        0x2e1b_2138,
[0m[32m+        0x4d2c_6dfc,
[0m[32m+        0x5338_0d13,
[0m[32m+        0x650a_7354,
[0m[32m+        0x766a_0abb,
[0m[32m+        0x81c2_c92e,
[0m[32m+        0x9272_2c85,
[0m[32m+        0xa2bf_e8a1,
[0m[32m+        0xa81a_664b,
[0m[32m+        0xc24b_8b70,
[0m[32m+        0xc76c_51a3,
[0m[32m+        0xd192_e819,
[0m[32m+        0xd699_0624,
[0m[32m+        0xf40e_3585,
[0m[32m+        0x106a_a070,
[0m[32m+        0x19a4_c116,
[0m[32m+        0x1e37_6c08,
[0m[32m+        0x2748_774c,
[0m[32m+        0x34b0_bcb5,
[0m[32m+        0x391c_0cb3,
[0m[32m+        0x4ed8_aa4,
[0m[32m+        0x5b9c_ca4f,
[0m[32m+        0x682e_6ff3,
[0m[32m+        0x748f_82ee,
[0m[32m+        0x78a5_636f,
[0m[32m+        0x84c8_7814,
[0m[32m+        0x8cc7_0208,
[0m[32m+        0x90be_fffa,
[0m[32m+        0xa450_6ceb,
[0m[32m+        0xbef9_a3f7,
[0m[32m+        0xc671_78f2,
[0m     ];
 
     fn compress(state: &mut [u32; 8], block: &[u8; 64], constants: &[u32; 64]) {
Diff in \\?\D:\a\eliot-search\eliot-search\bins\eliot-search\src\endpoint_client.rs:225:
         let mut schedule = [0_u32; 64];
         for (index, word) in block.chunks_exact(4).enumerate() {
[31m-            schedule[index] = u32::from_be_bytes(
[0m[31m-                word.try_into().expect("four-byte SHA-256 schedule word"),
[0m[31m-            );
[0m[32m+            schedule[index] =
[0m[32m+                u32::from_be_bytes(word.try_into().expect("four-byte SHA-256 schedule word"));
[0m         }
         for index in 16..64 {
             let s0 = schedule[index - 15].rotate_right(7)
Diff in \\?\D:\a\eliot-search\eliot-search\bins\eliot-search\src\public_client.rs:123:
             ClientAction::Help => print_session_help(),
             ClientAction::Protocol(translated) => {
                 send_protocol_command(&mut child, &translated.protocol)?;
[31m-                let response =
[0m[31m-                    drain_until_terminal(&mut daemon_output, translated.terminal)?;
[0m[31m-                let succeeded = !response
[0m[31m-                    .terminal_line
[0m[31m-                    .contains("\"event\":\"error\"");
[0m[32m+                let response = drain_until_terminal(&mut daemon_output, translated.terminal)?;
[0m[32m+                let succeeded = !response.terminal_line.contains("\"event\":\"error\"");
[0m                 if succeeded && translated.clears_search_state {
                     latest_continuation = None;
                     latest_source_handle = None;
Diff in \\?\D:\a\eliot-search\eliot-search\bins\eliot-search\src\public_client.rs:205:
         }
         match self {
             Self::Single => true,
[31m-            Self::DirectoryIndex => {
[0m[31m-                line.contains("\"event\":\"directory_index_complete\"")
[0m[31m-            }
[0m[31m-            Self::StreamingSearch => {
[0m[31m-                line.contains("\"event\":\"corpus_search_complete\"")
[0m[31m-            }
[0m[32m+            Self::DirectoryIndex => line.contains("\"event\":\"directory_index_complete\""),
[0m[32m+            Self::StreamingSearch => line.contains("\"event\":\"corpus_search_complete\""),
[0m             Self::SearchPage => line.contains("\"event\":\"search_page_complete\""),
             Self::SourceList => line.contains("\"event\":\"source_list_complete\""),
             Self::Shutdown => line.contains("\"event\":\"data_root_stopped\""),
Diff in \\?\D:\a\eliot-search\eliot-search\bins\eliot-search\src\public_client.rs:229:
 ) -> Result<ResponseSummary, String> {
     let mut latest_source_handle = None;
     loop {
[31m-        let line = read_response_line(reader)?
[0m[31m-            .ok_or_else(|| "DAEMON_CLOSED_MID_RESPONSE".to_owned())?;
[0m[32m+        let line =
[0m[32m+            read_response_line(reader)?.ok_or_else(|| "DAEMON_CLOSED_MID_RESPONSE".to_owned())?;
[0m         println!("{line}");
         if let Some(handle) = extract_optional_token(&line, "source_handle")? {
             latest_source_handle = Some(handle);
Diff in \\?\D:\a\eliot-search\eliot-search\bins\eliot-search\src\public_client.rs:277:
             false,
             false,
         ),
[31m-        "shutdown" if remainder.is_empty() => command(
[0m[31m-            "shutdown".to_owned(),
[0m[31m-            Terminal::Shutdown,
[0m[31m-            true,
[0m[31m-            false,
[0m[31m-        ),
[0m[32m+        "shutdown" if remainder.is_empty() => {
[0m[32m+            command("shutdown".to_owned(), Terminal::Shutdown, true, false)
[0m[32m+        }
[0m         "gc-dry-run" if remainder.is_empty() => single("gc\tdry-run"),
         "gc-apply" if remainder.is_empty() => single("gc\tapply"),
         "index-file" => command(
Diff in \\?\D:\a\eliot-search\eliot-search\bins\eliot-search\src\public_client.rs:348:
             )
         }
         "next" => {
[31m-            let token = latest_continuation
[0m[31m-                .ok_or_else(|| "NO_ACTIVE_CONTINUATION".to_owned())?;
[0m[32m+            let token = latest_continuation.ok_or_else(|| "NO_ACTIVE_CONTINUATION".to_owned())?;
[0m             let page_size = if remainder.is_empty() {
                 DEFAULT_PAGE_SIZE
             } else {
Diff in \\?\D:\a\eliot-search\eliot-search\bins\eliot-search\src\public_client.rs:377:
             )
         }
         "expand-last" => {
[31m-            let handle = latest_source_handle
[0m[31m-                .ok_or_else(|| "NO_ACTIVE_SOURCE_HANDLE".to_owned())?;
[0m[32m+            let handle =
[0m[32m+                latest_source_handle.ok_or_else(|| "NO_ACTIVE_SOURCE_HANDLE".to_owned())?;
[0m             let (start, end) = parse_range(remainder)?;
             command(
                 format!("expand-handle\t{handle}\t{start}\t{end}"),
Diff in \\?\D:\a\eliot-search\eliot-search\bins\eliot-search\src\public_client.rs:558:
 }
 
 fn print_session_help() {
[31m-    eprintln!(
[0m[31m-        concat!(
[0m[31m-            "session commands: health, version, verify, ",
[0m[31m-            "verify-directory-manifests, list-sources, index-file PATH, ",
[0m[31m-            "index-directory PATH, sync-directory PATH, search QUERY, ",
[0m[31m-            "search-i QUERY, search-page SIZE QUERY, search-page-i SIZE QUERY, ",
[0m[31m-            "next [SIZE], continue TOKEN [SIZE], expand-last START END, ",
[0m[31m-            "expand-handle TOKEN START END, search-all QUERY, search-all-i QUERY, ",
[0m[31m-            "retire SOURCE_ID, read-revision REVISION_ID START END, ",
[0m[31m-            "gc-dry-run, gc-apply, shutdown"
[0m[31m-        )
[0m[31m-    );
[0m[32m+    eprintln!(concat!(
[0m[32m+        "session commands: health, version, verify, ",
[0m[32m+        "verify-directory-manifests, list-sources, index-file PATH, ",
[0m[32m+        "index-directory PATH, sync-directory PATH, search QUERY, ",
[0m[32m+        "search-i QUERY, search-page SIZE QUERY, search-page-i SIZE QUERY, ",
[0m[32m+        "next [SIZE], continue TOKEN [SIZE], expand-last START END, ",
[0m[32m+        "expand-handle TOKEN START END, search-all QUERY, search-all-i QUERY, ",
[0m[32m+        "retire SOURCE_ID, read-revision REVISION_ID START END, ",
[0m[32m+        "gc-dry-run, gc-apply, shutdown"
[0m[32m+    ));
[0m }
 
 fn read_user_line(reader: &mut impl BufRead) -> Result<Option<String>, String> {
Diff in \\?\D:\a\eliot-search\eliot-search\bins\eliot-search\src\public_client.rs:590:
         .map_err(|_| "DAEMON_RESPONSE_NOT_UTF8".to_owned())
 }
 
[31m-fn read_bounded_line(
[0m[31m-    reader: &mut impl BufRead,
[0m[31m-    maximum: usize,
[0m[31m-) -> Result<Option<Vec<u8>>, String> {
[0m[32m+fn read_bounded_line(reader: &mut impl BufRead, maximum: usize) -> Result<Option<Vec<u8>>, String> {
[0m     let mut output = Vec::new();
     let mut too_large = false;
     loop {
Diff in \\?\D:\a\eliot-search\eliot-search\bins\eliot-search\src\remote_client.rs:49:
 
 fn translate(command: &str, arguments: &[OsString]) -> Result<String, String> {
     match command {
[31m-        "health" | "version" | "verify" | "verify-directory-manifests"
[0m[31m-        | "list-sources" | "shutdown" => {
[0m[32m+        "health"
[0m[32m+        | "version"
[0m[32m+        | "verify"
[0m[32m+        | "verify-directory-manifests"
[0m[32m+        | "list-sources"
[0m[32m+        | "shutdown" => {
[0m             require_count(arguments, 0)?;
             Ok(command.to_owned())
         }
Diff in \\?\D:\a\eliot-search\eliot-search\bins\eliot-search\src\remote_client.rs:89:
         }
         "search-page" | "search-page-i" => {
             require_count(arguments, 2)?;
[31m-            let page_size = parse_page_size(require_utf8(
[0m[31m-                &arguments[0],
[0m[31m-                "REMOTE_PAGE_SIZE_NOT_UTF8",
[0m[31m-            )?)?;
[0m[32m+            let page_size =
[0m[32m+                parse_page_size(require_utf8(&arguments[0], "REMOTE_PAGE_SIZE_NOT_UTF8")?)?;
[0m             let query = require_utf8(&arguments[1], "REMOTE_QUERY_NOT_UTF8")?;
             validate_query(query)?;
             let mode = if command == "search-page-i" {
Diff in \\?\D:\a\eliot-search\eliot-search\bins\eliot-search\src\remote_client.rs:178:
     let value = require_utf8(value, "REMOTE_TOKEN_NOT_UTF8")?;
     if value.is_empty()
         || value.len() > 256
[31m-        || !value.bytes().all(|byte| {
[0m[31m-            byte.is_ascii_alphanumeric() || matches!(byte, b'-' | b'_' | b'.' | b':')
[0m[31m-        })
[0m[32m+        || !value
[0m[32m+            .bytes()
[0m[32m+            .all(|byte| byte.is_ascii_alphanumeric() || matches!(byte, b'-' | b'_' | b'.' | b':'))
[0m     {
         Err("REMOTE_TOKEN_INVALID".to_owned())
     } else {
Diff in \\?\D:\a\eliot-search\eliot-search\bins\eliot-search\src\main.rs:18:
 #[derive(Debug)]
 enum ClientCommand {
     Plain(&'static str),
[31m-    Query { wire_name: &'static str, value: String },
[0m[32m+    Query {
[0m[32m+        wire_name: &'static str,
[0m[32m+        value: String,
[0m[32m+    },
[0m }
 
 impl ClientCommand {
Diff in \\?\D:\a\eliot-search\eliot-search\bins\eliot-search\src\main.rs:65:
     let address = options
         .address
         .or(read_endpoint(&options.data_root)?)
[31m-        .unwrap_or(DEFAULT_ADDRESS.parse().map_err(|_| {
[0m[31m-            io::Error::new(ErrorKind::InvalidData, "invalid default endpoint")
[0m[31m-        })?);
[0m[32m+        .unwrap_or(
[0m[32m+            DEFAULT_ADDRESS
[0m[32m+                .parse()
[0m[32m+                .map_err(|_| io::Error::new(ErrorKind::InvalidData, "invalid default endpoint"))?,
[0m[32m+        );
[0m     ensure_loopback(address.ip())?;
     let token_path = options
         .token_file
Diff in \\?\D:\a\eliot-search\eliot-search\bins\eliot-search\src\main.rs:90:
 
 fn parse_options() -> io::Result<Options> {
     let mut arguments = env::args().skip(1).collect::<Vec<_>>();
[31m-    if arguments.first().is_some_and(|value| matches!(value.as_str(), "-h" | "--help")) {
[0m[32m+    if arguments
[0m[32m+        .first()
[0m[32m+        .is_some_and(|value| matches!(value.as_str(), "-h" | "--help"))
[0m[32m+    {
[0m         print_help();
         process::exit(0);
     }
Diff in \\?\D:\a\eliot-search\eliot-search\bins\eliot-search\src\main.rs:97:
[31m-    if arguments.first().is_some_and(|value| matches!(value.as_str(), "-V" | "--version")) {
[0m[32m+    if arguments
[0m[32m+        .first()
[0m[32m+        .is_some_and(|value| matches!(value.as_str(), "-V" | "--version"))
[0m[32m+    {
[0m         println!("eliot-search {}", env!("CARGO_PKG_VERSION"));
         process::exit(0);
     }
Diff in \\?\D:\a\eliot-search\eliot-search\bins\eliot-search\src\main.rs:118:
         "search" | "lexical" => {
             let value = take_value(&mut arguments, &command_name)?;
             ClientCommand::Query {
[31m-                wire_name: if command_name == "search" { "search" } else { "lexical" },
[0m[32m+                wire_name: if command_name == "search" {
[0m[32m+                    "search"
[0m[32m+                } else {
[0m[32m+                    "lexical"
[0m[32m+                },
[0m                 value,
             }
         }
Diff in \\?\D:\a\eliot-search\eliot-search\bins\eliot-search\src\main.rs:205:
                     "endpoint descriptor repeats address",
                 ));
             }
[31m-            let parsed = value.parse::<SocketAddr>().map_err(|_| {
[0m[31m-                io::Error::new(ErrorKind::InvalidData, "invalid endpoint address")
[0m[31m-            })?;
[0m[32m+            let parsed = value
[0m[32m+                .parse::<SocketAddr>()
[0m[32m+                .map_err(|_| io::Error::new(ErrorKind::InvalidData, "invalid endpoint address"))?;
[0m             ensure_loopback(parsed.ip())?;
             address = Some(parsed);
         }
Diff in \\?\D:\a\eliot-search\eliot-search\bins\eliot-search\src\main.rs:214:
     }
[31m-    address.map(Some).ok_or_else(|| {
[0m[31m-        io::Error::new(ErrorKind::InvalidData, "endpoint descriptor has no address")
[0m[31m-    })
[0m[32m+    address
[0m[32m+        .map(Some)
[0m[32m+        .ok_or_else(|| io::Error::new(ErrorKind::InvalidData, "endpoint descriptor has no address"))
[0m }
 
 fn read_small_regular_utf8(path: &Path, maximum: u64) -> io::Result<String> {
Diff in \\?\D:\a\eliot-search\eliot-search\bins\eliot-searchd\src\bin\eliot-search-sealed-authority.rs:33:
 use std::process::ExitCode;
 
 use sealed_access::{
[31m-    AccessFenceMutation, AccessFenceSnapshot, ActiveAccessFence, append_fence,
[0m[31m-    current_fence, require_active_fence,
[0m[32m+    AccessFenceMutation, AccessFenceSnapshot, ActiveAccessFence, append_fence, current_fence,
[0m[32m+    require_active_fence,
[0m };
 use sealed_access_codec::AccessFenceState;
 use sealed_catalog::{read_revision, verify_revision};
Diff in \\?\D:\a\eliot-search\eliot-search\bins\eliot-searchd\src\bin\eliot-search-sealed-authority.rs:79:
 fn acquire_ready_owner(
     data_root: &Path,
 ) -> Result<(OwnerEpochGuard, SealedRecoveryReport), String> {
[31m-    let owner = OwnerEpochGuard::acquire(data_root)
[0m[31m-        .map_err(|error| error.code().to_owned())?;
[0m[31m-    verify_owner_root(data_root, &owner)
[0m[31m-        .map_err(|error| error.code().to_owned())?;
[0m[31m-    let recovery = recover_all(data_root, &owner)
[0m[31m-        .map_err(|error| error.code().to_owned())?;
[0m[32m+    let owner = OwnerEpochGuard::acquire(data_root).map_err(|error| error.code().to_owned())?;
[0m[32m+    verify_owner_root(data_root, &owner).map_err(|error| error.code().to_owned())?;
[0m[32m+    let recovery = recover_all(data_root, &owner).map_err(|error| error.code().to_owned())?;
[0m     if !recovery.ready {
         return Err("SEALED_RECOVERY_NOT_READY".to_owned());
     }
Diff in \\?\D:\a\eliot-search\eliot-search\bins\eliot-searchd\src\bin\eliot-search-sealed-authority.rs:96:
     state: AccessFenceState,
 ) -> Result<AccessFenceMutation, String> {
     Ok(AccessFenceMutation {
[31m-        fence_id: utf8_argument(&arguments[2], "SEALED_ACCESS_IDENTIFIER_INVALID")?
[0m[32m+        fence_id: utf8_argument(&arguments[2], "SEALED_ACCESS_IDENTIFIER_INVALID")?.to_owned(),
[0m[32m+        mutation_id: utf8_argument(&arguments[3], "SEALED_ACCESS_IDENTIFIER_INVALID")?.to_owned(),
[0m[32m+        catalog_object_id: utf8_argument(&arguments[4], "SEALED_ACCESS_IDENTIFIER_INVALID")?
[0m             .to_owned(),
[31m-        mutation_id: utf8_argument(
[0m[31m-            &arguments[3],
[0m[31m-            "SEALED_ACCESS_IDENTIFIER_INVALID",
[0m[31m-        )?
[0m[31m-        .to_owned(),
[0m[31m-        catalog_object_id: utf8_argument(
[0m[31m-            &arguments[4],
[0m[31m-            "SEALED_ACCESS_IDENTIFIER_INVALID",
[0m[31m-        )?
[0m[31m-        .to_owned(),
[0m[31m-        source_id: utf8_argument(
[0m[31m-            &arguments[5],
[0m[31m-            "SEALED_ACCESS_IDENTIFIER_INVALID",
[0m[31m-        )?
[0m[31m-        .to_owned(),
[0m[31m-        source_revision_id: utf8_argument(
[0m[31m-            &arguments[6],
[0m[31m-            "SEALED_ACCESS_IDENTIFIER_INVALID",
[0m[31m-        )?
[0m[31m-        .to_owned(),
[0m[31m-        scope_id: utf8_argument(
[0m[31m-            &arguments[7],
[0m[31m-            "SEALED_ACCESS_IDENTIFIER_INVALID",
[0m[31m-        )?
[0m[31m-        .to_owned(),
[0m[31m-        scope_revision: parse_u64(
[0m[31m-            &arguments[8],
[0m[31m-            "SEALED_ACCESS_SCOPE_REVISION_INVALID",
[0m[31m-            false,
[0m[31m-        )?,
[0m[31m-        policy_id: utf8_argument(
[0m[31m-            &arguments[9],
[0m[31m-            "SEALED_ACCESS_IDENTIFIER_INVALID",
[0m[31m-        )?
[0m[31m-        .to_owned(),
[0m[32m+        source_id: utf8_argument(&arguments[5], "SEALED_ACCESS_IDENTIFIER_INVALID")?.to_owned(),
[0m[32m+        source_revision_id: utf8_argument(&arguments[6], "SEALED_ACCESS_IDENTIFIER_INVALID")?
[0m[32m+            .to_owned(),
[0m[32m+        scope_id: utf8_argument(&arguments[7], "SEALED_ACCESS_IDENTIFIER_INVALID")?.to_owned(),
[0m[32m+        scope_revision: parse_u64(&arguments[8], "SEALED_ACCESS_SCOPE_REVISION_INVALID", false)?,
[0m[32m+        policy_id: utf8_argument(&arguments[9], "SEALED_ACCESS_IDENTIFIER_INVALID")?.to_owned(),
[0m         policy_revision: parse_u64(
             &arguments[10],
             "SEALED_ACCESS_POLICY_REVISION_INVALID",
Diff in \\?\D:\a\eliot-search\eliot-search\bins\eliot-searchd\src\bin\eliot-search-sealed-authority.rs:160:
     purge_generation: u64,
 }
 
[31m-fn expected_fence<'a>(
[0m[31m-    arguments: &'a [std::ffi::OsString],
[0m[31m-) -> Result<ExpectedFence<'a>, String> {
[0m[32m+fn expected_fence<'a>(arguments: &'a [std::ffi::OsString]) -> Result<ExpectedFence<'a>, String> {
[0m     Ok(ExpectedFence {
[31m-        catalog_object_id: utf8_argument(
[0m[31m-            &arguments[3],
[0m[31m-            "SEALED_ACCESS_IDENTIFIER_INVALID",
[0m[31m-        )?,
[0m[31m-        source_id: utf8_argument(
[0m[31m-            &arguments[4],
[0m[31m-            "SEALED_ACCESS_IDENTIFIER_INVALID",
[0m[31m-        )?,
[0m[31m-        source_revision_id: utf8_argument(
[0m[31m-            &arguments[5],
[0m[31m-            "SEALED_ACCESS_IDENTIFIER_INVALID",
[0m[31m-        )?,
[0m[31m-        scope_id: utf8_argument(
[0m[31m-            &arguments[6],
[0m[31m-            "SEALED_ACCESS_IDENTIFIER_INVALID",
[0m[31m-        )?,
[0m[31m-        scope_revision: parse_u64(
[0m[31m-            &arguments[7],
[0m[31m-            "SEALED_ACCESS_SCOPE_REVISION_INVALID",
[0m[31m-            false,
[0m[31m-        )?,
[0m[31m-        policy_id: utf8_argument(
[0m[31m-            &arguments[8],
[0m[31m-            "SEALED_ACCESS_IDENTIFIER_INVALID",
[0m[31m-        )?,
[0m[32m+        catalog_object_id: utf8_argument(&arguments[3], "SEALED_ACCESS_IDENTIFIER_INVALID")?,
[0m[32m+        source_id: utf8_argument(&arguments[4], "SEALED_ACCESS_IDENTIFIER_INVALID")?,
[0m[32m+        source_revision_id: utf8_argument(&arguments[5], "SEALED_ACCESS_IDENTIFIER_INVALID")?,
[0m[32m+        scope_id: utf8_argument(&arguments[6], "SEALED_ACCESS_IDENTIFIER_INVALID")?,
[0m[32m+        scope_revision: parse_u64(&arguments[7], "SEALED_ACCESS_SCOPE_REVISION_INVALID", false)?,
[0m[32m+        policy_id: utf8_argument(&arguments[8], "SEALED_ACCESS_IDENTIFIER_INVALID")?,
[0m         policy_revision: parse_u64(
             &arguments[9],
             "SEALED_ACCESS_POLICY_REVISION_INVALID",
Diff in \\?\D:\a\eliot-search\eliot-search\bins\eliot-searchd\src\bin\eliot-search-sealed-authority.rs:195:
             false,
         )?,
[31m-        access_generation: parse_u64(
[0m[31m-            &arguments[10],
[0m[31m-            "SEALED_ACCESS_GENERATION_INVALID",
[0m[31m-            false,
[0m[31m-        )?,
[0m[32m+        access_generation: parse_u64(&arguments[10], "SEALED_ACCESS_GENERATION_INVALID", false)?,
[0m         purge_generation: parse_u64(
             &arguments[11],
             "SEALED_ACCESS_PURGE_GENERATION_INVALID",
Diff in \\?\D:\a\eliot-search\eliot-search\bins\eliot-searchd\src\bin\eliot-search-sealed-authority.rs:338:
                 "{{\"event\":\"match\",\"byte_start\":{},",
                 "\"byte_end\":{},\"line\":{},\"column_bytes\":{}}}"
             ),
[31m-            item.byte_start,
[0m[31m-            item.byte_end,
[0m[31m-            item.line,
[0m[31m-            item.column_bytes,
[0m[32m+            item.byte_start, item.byte_end, item.line, item.column_bytes,
[0m         );
     }
     println!(
Diff in \\?\D:\a\eliot-search\eliot-search\bins\eliot-searchd\src\bin\eliot-search-sealed-authority.rs:406:
                 Some(receipt.disposition.as_str()),
             );
             if receipt.affected.record.generation != receipt.current.record.generation {
[31m-                emit_fence(
[0m[31m-                    "fence_current",
[0m[31m-                    &receipt.current,
[0m[31m-                    &owner,
[0m[31m-                    &recovery,
[0m[31m-                    None,
[0m[31m-                );
[0m[32m+                emit_fence("fence_current", &receipt.current, &owner, &recovery, None);
[0m             }
         }
         "status" if arguments.len() == 3 => {
Diff in \\?\D:\a\eliot-search\eliot-search\bins\eliot-searchd\src\bin\eliot-search-sealed-authority.rs:419:
             let data_root = Path::new(&arguments[1]);
             let (owner, recovery) = acquire_ready_owner(data_root)?;
[31m-            let fence_id = utf8_argument(
[0m[31m-                &arguments[2],
[0m[31m-                "SEALED_ACCESS_IDENTIFIER_INVALID",
[0m[31m-            )?;
[0m[32m+            let fence_id = utf8_argument(&arguments[2], "SEALED_ACCESS_IDENTIFIER_INVALID")?;
[0m             let snapshot = current_fence(data_root, &owner, fence_id)
                 .map_err(|error| error.code().to_owned())?;
             emit_fence("fence_status", &snapshot, &owner, &recovery, None);
Diff in \\?\D:\a\eliot-search\eliot-search\bins\eliot-searchd\src\bin\eliot-search-sealed-authority.rs:429:
         "verify" if arguments.len() == 12 => {
             let data_root = Path::new(&arguments[1]);
             let (owner, recovery) = acquire_ready_owner(data_root)?;
[31m-            let fence_id = utf8_argument(
[0m[31m-                &arguments[2],
[0m[31m-                "SEALED_ACCESS_IDENTIFIER_INVALID",
[0m[31m-            )?;
[0m[32m+            let fence_id = utf8_argument(&arguments[2], "SEALED_ACCESS_IDENTIFIER_INVALID")?;
[0m             let expected = expected_fence(&arguments)?;
             let active = require_active_fence(
                 data_root,
Diff in \\?\D:\a\eliot-search\eliot-search\bins\eliot-searchd\src\bin\eliot-search-sealed-authority.rs:487:
         "search" | "search-ascii-insensitive" if arguments.len() == 13 => {
             let data_root = Path::new(&arguments[1]);
             let (owner, recovery) = acquire_ready_owner(data_root)?;
[31m-            let fence_id = utf8_argument(
[0m[31m-                &arguments[2],
[0m[31m-                "SEALED_ACCESS_IDENTIFIER_INVALID",
[0m[31m-            )?;
[0m[32m+            let fence_id = utf8_argument(&arguments[2], "SEALED_ACCESS_IDENTIFIER_INVALID")?;
[0m             let expected = expected_fence(&arguments)?;
[31m-            let query = utf8_argument(
[0m[31m-                &arguments[12],
[0m[31m-                "SEALED_EXACT_QUERY_INVALID_UTF8",
[0m[31m-            )?;
[0m[32m+            let query = utf8_argument(&arguments[12], "SEALED_EXACT_QUERY_INVALID_UTF8")?;
[0m             let active = require_active_fence(
                 data_root,
                 &owner,
Diff in \\?\D:\a\eliot-search\eliot-search\bins\eliot-searchd\src\sealed_access.rs:12:
 use std::path::Path;
 
 use crate::sealed_access_codec::{
[31m-    ACCESS_FENCE_FORMAT_VERSION, AccessCodecError, AccessFenceRecord,
[0m[31m-    AccessFenceState, validate_fence_id, validate_identifier, zero_digest,
[0m[32m+    ACCESS_FENCE_FORMAT_VERSION, AccessCodecError, AccessFenceRecord, AccessFenceState,
[0m[32m+    validate_fence_id, validate_identifier, zero_digest,
[0m };
 use crate::sealed_digest::{DigestError, Sha256Digest, sha256};
 use crate::sealed_owner_epoch::OwnerEpochGuard;
Diff in \\?\D:\a\eliot-search\eliot-search\bins\eliot-searchd\src\sealed_access.rs:20:
 use crate::sealed_root_identity::{RootIdentityError, verify_owner_root};
 use crate::sealed_store::{SealedStoreError, SensitiveBytes, open_sealed};
[31m-use crate::sealed_transaction::{
[0m[31m-    SealedTransactionError, TransactionStatus, inspect_transaction,
[0m[31m-};
[0m[32m+use crate::sealed_transaction::{SealedTransactionError, TransactionStatus, inspect_transaction};
[0m use crate::sealed_transaction_guard::put_idempotent_verified;
 
 /// Maximum generations in one access-fence chain.
Diff in \\?\D:\a\eliot-search\eliot-search\bins\eliot-searchd\src\sealed_access.rs:319:
             }
             (1, 0, zero_digest()?, 1)
         };
[31m-    if usize::try_from(generation).unwrap_or(usize::MAX)
[0m[31m-        > MAX_ACCESS_FENCE_GENERATIONS
[0m[31m-    {
[0m[32m+    if usize::try_from(generation).unwrap_or(usize::MAX) > MAX_ACCESS_FENCE_GENERATIONS {
[0m         return Err(SealedAccessError::CapacityExceeded);
     }
 
Diff in \\?\D:\a\eliot-search\eliot-search\bins\eliot-searchd\src\sealed_access.rs:359:
         || transaction.operation_id != transaction_id
         || transaction.plaintext_sha256 != record_sha256
         || transaction.plaintext_bytes
[31m-            != u64::try_from(encoded.len())
[0m[31m-                .map_err(|_| SealedAccessError::ChainInvalid)?
[0m[32m+            != u64::try_from(encoded.len()).map_err(|_| SealedAccessError::ChainInvalid)?
[0m     {
         return Err(SealedAccessError::ChainInvalid);
     }
Diff in \\?\D:\a\eliot-search\eliot-search\bins\eliot-searchd\src\sealed_access.rs:507:
     if current.previous_generation != previous_record.generation
         || current.previous_record_sha256 != previous.record_sha256
         || current.generation != previous_record.generation.saturating_add(1)
[31m-        || current.access_generation
[0m[31m-            != previous_record.access_generation.saturating_add(1)
[0m[32m+        || current.access_generation != previous_record.access_generation.saturating_add(1)
[0m     {
         return Err(SealedAccessError::GenerationConflict);
     }
Diff in \\?\D:\a\eliot-search\eliot-search\bins\eliot-searchd\src\sealed_access.rs:558:
         && left.owner_root_binding_sha256 == right.owner_root_binding_sha256
 }
 
[31m-fn record_matches_mutation(
[0m[31m-    record: &AccessFenceRecord,
[0m[31m-    mutation: &AccessFenceMutation,
[0m[31m-) -> bool {
[0m[32m+fn record_matches_mutation(record: &AccessFenceRecord, mutation: &AccessFenceMutation) -> bool {
[0m     record.fence_id == mutation.fence_id
         && record.mutation_id == mutation.mutation_id
         && record.source_id == mutation.source_id
Diff in \\?\D:\a\eliot-search\eliot-search\bins\eliot-searchd\src\sealed_access.rs:599:
 
 #[cfg(windows)]
 mod platform {
[31m-    use super::{
[0m[31m-        MAX_ACCESS_FENCE_GENERATIONS, SEALED_DIRECTORY, SEALED_SUFFIX,
[0m[31m-        SealedAccessError,
[0m[31m-    };
[0m[32m+    use super::{MAX_ACCESS_FENCE_GENERATIONS, SEALED_DIRECTORY, SEALED_SUFFIX, SealedAccessError};
[0m     use std::collections::BTreeMap;
     use std::fs;
     use std::os::windows::fs::MetadataExt;
Diff in \\?\D:\a\eliot-search\eliot-search\bins\eliot-searchd\src\sealed_access.rs:618:
         if !directory.exists() {
             return Ok(BTreeMap::new());
         }
[31m-        let metadata = fs::symlink_metadata(&directory)
[0m[31m-            .map_err(|_| SealedAccessError::IoFailure)?;
[0m[32m+        let metadata =
[0m[32m+            fs::symlink_metadata(&directory).map_err(|_| SealedAccessError::IoFailure)?;
[0m         if !metadata.is_dir()
             || metadata.file_type().is_symlink()
             || metadata.file_attributes() & FILE_ATTRIBUTE_REPARSE_POINT != 0
Diff in \\?\D:\a\eliot-search\eliot-search\bins\eliot-searchd\src\sealed_access.rs:628:
         }
         let prefix = format!("access-fence-{fence_id}-");
         let mut records = BTreeMap::new();
[31m-        for entry in fs::read_dir(&directory)
[0m[31m-            .map_err(|_| SealedAccessError::IoFailure)?
[0m[31m-        {
[0m[32m+        for entry in fs::read_dir(&directory).map_err(|_| SealedAccessError::IoFailure)? {
[0m             let entry = entry.map_err(|_| SealedAccessError::IoFailure)?;
             let file_name = entry.file_name();
             let Some(file_name) = file_name.to_str() else {
Diff in \\?\D:\a\eliot-search\eliot-search\bins\eliot-searchd\src\sealed_access.rs:639:
             if !file_name.starts_with(&prefix) {
                 continue;
             }
[31m-            let entry_metadata = fs::symlink_metadata(entry.path())
[0m[31m-                .map_err(|_| SealedAccessError::IoFailure)?;
[0m[32m+            let entry_metadata =
[0m[32m+                fs::symlink_metadata(entry.path()).map_err(|_| SealedAccessError::IoFailure)?;
[0m             if !entry_metadata.is_file()
                 || entry_metadata.file_type().is_symlink()
                 || entry_metadata.file_attributes() & FILE_ATTRIBUTE_REPARSE_POINT != 0
Diff in \\?\D:\a\eliot-search\eliot-search\bins\eliot-searchd\src\sealed_access_codec.rs:16:
 /// Canonical record magic.
 pub const ACCESS_FENCE_MAGIC: &str = "ELIOT-SEALED-ACCESS-FENCE-V1";
 const FIELD_COUNT: usize = 17;
[31m-const ZERO_DIGEST_HEX: &str =
[0m[31m-    "0000000000000000000000000000000000000000000000000000000000000000";
[0m[32m+const ZERO_DIGEST_HEX: &str = "0000000000000000000000000000000000000000000000000000000000000000";
[0m 
 /// Closed current access disposition.
 #[derive(Clone, Copy, Debug, Eq, Ord, PartialEq, PartialOrd)]
Diff in \\?\D:\a\eliot-search\eliot-search\bins\eliot-searchd\src\sealed_access_codec.rs:214:
 
     /// Parses strict canonical UTF-8 bytes and rejects unknown fields.
     pub fn decode(bytes: &[u8]) -> Result<Self, AccessCodecError> {
[31m-        let value = core::str::from_utf8(bytes)
[0m[31m-            .map_err(|_| AccessCodecError::InvalidRecord)?;
[0m[32m+        let value = core::str::from_utf8(bytes).map_err(|_| AccessCodecError::InvalidRecord)?;
[0m         if !value.ends_with('\n') {
             return Err(AccessCodecError::InvalidRecord);
         }
Diff in \\?\D:\a\eliot-search\eliot-search\bins\eliot-searchd\src\sealed_access_codec.rs:244:
             format_version: parse_u16(&take(&mut fields, "format_version")?)?,
             fence_id: take(&mut fields, "fence_id")?,
             generation: parse_u64(&take(&mut fields, "generation")?, false)?,
[31m-            previous_generation: parse_u64(
[0m[31m-                &take(&mut fields, "previous_generation")?,
[0m[31m-                true,
[0m[31m-            )?,
[0m[32m+            previous_generation: parse_u64(&take(&mut fields, "previous_generation")?, true)?,
[0m             previous_record_sha256: Sha256Digest::from_hex(&take(
                 &mut fields,
                 "previous_record_sha256",
Diff in \\?\D:\a\eliot-search\eliot-search\bins\eliot-searchd\src\sealed_access_codec.rs:258:
             scope_id: take(&mut fields, "scope_id")?,
             scope_revision: parse_u64(&take(&mut fields, "scope_revision")?, false)?,
             policy_id: take(&mut fields, "policy_id")?,
[31m-            policy_revision: parse_u64(
[0m[31m-                &take(&mut fields, "policy_revision")?,
[0m[31m-                false,
[0m[31m-            )?,
[0m[31m-            access_generation: parse_u64(
[0m[31m-                &take(&mut fields, "access_generation")?,
[0m[31m-                false,
[0m[31m-            )?,
[0m[31m-            purge_generation: parse_u64(
[0m[31m-                &take(&mut fields, "purge_generation")?,
[0m[31m-                true,
[0m[31m-            )?,
[0m[32m+            policy_revision: parse_u64(&take(&mut fields, "policy_revision")?, false)?,
[0m[32m+            access_generation: parse_u64(&take(&mut fields, "access_generation")?, false)?,
[0m[32m+            purge_generation: parse_u64(&take(&mut fields, "purge_generation")?, true)?,
[0m             state: AccessFenceState::parse(&take(&mut fields, "state")?)?,
[31m-            admitted_owner_epoch: parse_u64(
[0m[31m-                &take(&mut fields, "admitted_owner_epoch")?,
[0m[31m-                false,
[0m[31m-            )?,
[0m[32m+            admitted_owner_epoch: parse_u64(&take(&mut fields, "admitted_owner_epoch")?, false)?,
[0m             owner_root_binding_sha256: Sha256Digest::from_hex(&take(
                 &mut fields,
                 "owner_root_binding_sha256",
Diff in \\?\D:\a\eliot-search\eliot-search\bins\eliot-searchd\src\sealed_access_codec.rs:320:
     }
 }
 
[31m-fn take(
[0m[31m-    fields: &mut BTreeMap<String, String>,
[0m[31m-    key: &str,
[0m[31m-) -> Result<String, AccessCodecError> {
[0m[32m+fn take(fields: &mut BTreeMap<String, String>, key: &str) -> Result<String, AccessCodecError> {
[0m     fields.remove(key).ok_or(AccessCodecError::InvalidRecord)
 }
 
Diff in \\?\D:\a\eliot-search\eliot-search\bins\eliot-searchd\src\sealed_catalog.rs:12:
 use std::path::Path;
 
 use crate::sealed_digest::{DigestError, Sha256Digest, sha256};
[31m-use crate::sealed_store::{
[0m[31m-    SealedStoreError, SensitiveBytes, open_sealed, verify_sealed,
[0m[31m-};
[0m[31m-use crate::sealed_transaction::{
[0m[31m-    SealedTransactionError, SealedTransactionReceipt,
[0m[31m-};
[0m[32m+use crate::sealed_store::{SealedStoreError, SensitiveBytes, open_sealed, verify_sealed};
[0m[32m+use crate::sealed_transaction::{SealedTransactionError, SealedTransactionReceipt};
[0m use crate::sealed_transaction_guard::put_idempotent_verified;
 
 /// Maximum source or revision identifier length in the sealed catalog.
Diff in \\?\D:\a\eliot-search\eliot-search\bins\eliot-searchd\src\sealed_catalog.rs:158:
     }
 
     fn decode(bytes: &[u8]) -> Result<Self, SealedCatalogError> {
[31m-        let value = core::str::from_utf8(bytes)
[0m[31m-            .map_err(|_| SealedCatalogError::ManifestInvalid)?;
[0m[32m+        let value = core::str::from_utf8(bytes).map_err(|_| SealedCatalogError::ManifestInvalid)?;
[0m         if !value.ends_with('\n') {
             return Err(SealedCatalogError::ManifestInvalid);
         }
Diff in \\?\D:\a\eliot-search\eliot-search\bins\eliot-searchd\src\sealed_catalog.rs:189:
             source_revision_id: take_field(&mut fields, "source_revision_id")?,
             content_operation_id: take_field(&mut fields, "content_operation_id")?,
             content_object_id: take_field(&mut fields, "content_object_id")?,
[31m-            content_sha256: Sha256Digest::from_hex(&take_field(
[0m[31m-                &mut fields,
[0m[31m-                "content_sha256",
[0m[31m-            )?)?,
[0m[32m+            content_sha256: Sha256Digest::from_hex(&take_field(&mut fields, "content_sha256")?)?,
[0m             content_plaintext_bytes: parse_u64(&take_field(
                 &mut fields,
                 "content_plaintext_bytes",
Diff in \\?\D:\a\eliot-search\eliot-search\bins\eliot-searchd\src\sealed_catalog.rs:201:
                 &mut fields,
                 "content_ciphertext_bytes",
             )?)?,
[31m-            catalog_format_version: parse_u16(&take_field(
[0m[31m-                &mut fields,
[0m[31m-                "catalog_format_version",
[0m[31m-            )?)?,
[0m[32m+            catalog_format_version: parse_u16(&take_field(&mut fields, "catalog_format_version")?)?,
[0m         };
         if !fields.is_empty() {
             return Err(SealedCatalogError::ManifestInvalid);
Diff in \\?\D:\a\eliot-search\eliot-search\bins\eliot-searchd\src\sealed_catalog.rs:293:
     let content_sha256 = sha256(content.expose())?;
     let content_plaintext_bytes =
         u64::try_from(content.len()).map_err(|_| SealedCatalogError::ContentLengthMismatch)?;
[31m-    let content_transaction = put_idempotent_verified(
[0m[31m-        data_root,
[0m[31m-        content_operation_id,
[0m[31m-        content_object_id,
[0m[31m-        content,
[0m[31m-    )?;
[0m[32m+    let content_transaction =
[0m[32m+        put_idempotent_verified(data_root, content_operation_id, content_object_id, content)?;
[0m     let content_verification = verify_sealed(data_root, content_object_id)?;
     if content_transaction.plaintext_bytes != content_plaintext_bytes
         || content_transaction.plaintext_bytes != content_verification.plaintext_bytes
Diff in \\?\D:\a\eliot-search\eliot-search\bins\eliot-searchd\src\sealed_digest.rs:149:
             flags: u32,
         ) -> NtStatus;
 
[31m-        fn BCryptCloseAlgorithmProvider(
[0m[31m-            algorithm: AlgorithmHandle,
[0m[31m-            flags: u32,
[0m[31m-        ) -> NtStatus;
[0m[32m+        fn BCryptCloseAlgorithmProvider(algorithm: AlgorithmHandle, flags: u32) -> NtStatus;
[0m 
         fn BCryptHash(
             algorithm: AlgorithmHandle,
Diff in \\?\D:\a\eliot-search\eliot-search\bins\eliot-searchd\src\sealed_digest.rs:173:
             // SAFETY: `handle` is valid writable storage; both UTF-16 provider
             // pointers remain live for the duration of the call.
             let status = unsafe {
[31m-                BCryptOpenAlgorithmProvider(
[0m[31m-                    &mut handle,
[0m[31m-                    SHA256_ALGORITHM.as_ptr(),
[0m[31m-                    null(),
[0m[31m-                    0,
[0m[31m-                )
[0m[32m+                BCryptOpenAlgorithmProvider(&mut handle, SHA256_ALGORITHM.as_ptr(), null(), 0)
[0m             };
             if status < 0 || handle.is_null() {
                 return Err(DigestError::ProviderOpenFailed);
Diff in \\?\D:\a\eliot-search\eliot-search\bins\eliot-searchd\src\sealed_digest.rs:201:
     }
 
     pub(super) fn sha256(bytes: &[u8]) -> Result<Sha256Digest, DigestError> {
[31m-        let input_bytes =
[0m[31m-            u32::try_from(bytes.len()).map_err(|_| DigestError::InputTooLarge)?;
[0m[32m+        let input_bytes = u32::try_from(bytes.len()).map_err(|_| DigestError::InputTooLarge)?;
[0m         let provider = Provider::open_sha256()?;
         let mut output = [0_u8; 32];
         // SAFETY: all pointers refer to live buffers of the exact lengths passed
Diff in \\?\D:\a\eliot-search\eliot-search\bins\eliot-searchd\src\sealed_owner_epoch.rs:21:
 const OWNER_EPOCH_MAGIC: &str = "ELIOT-SEALED-OWNER-EPOCH-V1";
 const OWNER_EPOCH_FORMAT_VERSION: u16 = 1;
 const OWNER_EPOCH_FIELD_COUNT: usize = 5;
[31m-const ZERO_DIGEST_HEX: &str =
[0m[31m-    "0000000000000000000000000000000000000000000000000000000000000000";
[0m[32m+const ZERO_DIGEST_HEX: &str = "0000000000000000000000000000000000000000000000000000000000000000";
[0m 
 /// Closed owner-epoch failure.
 #[derive(Clone, Copy, Debug, Eq, Ord, PartialEq, PartialOrd)]
Diff in \\?\D:\a\eliot-search\eliot-search\bins\eliot-searchd\src\sealed_owner_epoch.rs:124:
             return Err(OwnerEpochError::ChainInvalid);
         }
         if self.epoch == 1 {
[31m-            if self.previous_epoch != 0
[0m[31m-                || self.previous_record_sha256.to_hex() != ZERO_DIGEST_HEX
[0m[31m-            {
[0m[32m+            if self.previous_epoch != 0 || self.previous_record_sha256.to_hex() != ZERO_DIGEST_HEX {
[0m                 return Err(OwnerEpochError::PredecessorMismatch);
             }
         } else if self.previous_epoch != self.epoch - 1 {
Diff in \\?\D:\a\eliot-search\eliot-search\bins\eliot-searchd\src\sealed_owner_epoch.rs:327:
 #[cfg(windows)]
 mod platform {
     use super::{
[31m-        MAX_OWNER_EPOCH_RECORDS, OWNER_EPOCH_FORMAT_VERSION, OwnerEpochError,
[0m[31m-        OwnerEpochGuard, OwnerEpochRecord, Sha256Digest, SensitiveBytes,
[0m[31m-        ZERO_DIGEST_HEX, object_id, parse_epoch_object_id, put_idempotent_verified,
[0m[31m-        transaction_id,
[0m[32m+        MAX_OWNER_EPOCH_RECORDS, OWNER_EPOCH_FORMAT_VERSION, OwnerEpochError, OwnerEpochGuard,
[0m[32m+        OwnerEpochRecord, SensitiveBytes, Sha256Digest, ZERO_DIGEST_HEX, object_id,
[0m[32m+        parse_epoch_object_id, put_idempotent_verified, transaction_id,
[0m     };
     use crate::sealed_digest::sha256;
     use crate::sealed_root_lock::SealedRootLease;
Diff in \\?\D:\a\eliot-search\eliot-search\bins\eliot-searchd\src\sealed_owner_epoch.rs:434:
         })
     }
 
[31m-    fn discover_epoch_objects(
[0m[31m-        data_root: &Path,
[0m[31m-    ) -> Result<BTreeMap<u64, String>, OwnerEpochError> {
[0m[32m+    fn discover_epoch_objects(data_root: &Path) -> Result<BTreeMap<u64, String>, OwnerEpochError> {
[0m         let directory = data_root.join(SEALED_DIRECTORY);
         if !directory.exists() {
             return Ok(BTreeMap::new());
Diff in \\?\D:\a\eliot-search\eliot-search\bins\eliot-searchd\src\sealed_owner_epoch.rs:478:
             .open(data_root)
             .map_err(|_| OwnerEpochError::IoFailure)?;
         let metadata = file.metadata().map_err(|_| OwnerEpochError::IoFailure)?;
[31m-        if !metadata.is_dir()
[0m[31m-            || metadata.file_attributes() & FILE_ATTRIBUTE_REPARSE_POINT != 0
[0m[31m-        {
[0m[32m+        if !metadata.is_dir() || metadata.file_attributes() & FILE_ATTRIBUTE_REPARSE_POINT != 0 {
[0m             return Err(OwnerEpochError::RootBindingMismatch);
         }
         let canonical = fs::canonicalize(data_root).map_err(|_| OwnerEpochError::IoFailure)?;
Diff in \\?\D:\a\eliot-search\eliot-search\bins\eliot-searchd\src\sealed_recovery.rs:52:
         match self {
             Self::UnsupportedPlatform => "SEALED_RECOVERY_UNSUPPORTED_PLATFORM",
             Self::OwnerGuardRequired => "SEALED_RECOVERY_OWNER_GUARD_REQUIRED",
[31m-            Self::TransactionDirectoryInvalid => {
[0m[31m-                "SEALED_RECOVERY_TRANSACTION_DIRECTORY_INVALID"
[0m[31m-            }
[0m[31m-            Self::TransactionFilenameInvalid => {
[0m[31m-                "SEALED_RECOVERY_TRANSACTION_FILENAME_INVALID"
[0m[31m-            }
[0m[31m-            Self::OperationCapacityExceeded => {
[0m[31m-                "SEALED_RECOVERY_OPERATION_CAPACITY_EXCEEDED"
[0m[31m-            }
[0m[32m+            Self::TransactionDirectoryInvalid => "SEALED_RECOVERY_TRANSACTION_DIRECTORY_INVALID",
[0m[32m+            Self::TransactionFilenameInvalid => "SEALED_RECOVERY_TRANSACTION_FILENAME_INVALID",
[0m[32m+            Self::OperationCapacityExceeded => "SEALED_RECOVERY_OPERATION_CAPACITY_EXCEEDED",
[0m             Self::IoFailure => "SEALED_RECOVERY_IO_FAILURE",
             Self::Digest(error) => error.code(),
             Self::SealedStore(error) => error.code(),
Diff in \\?\D:\a\eliot-search\eliot-search\bins\eliot-searchd\src\sealed_recovery.rs:208:
 #[cfg(windows)]
 mod platform {
     use super::{
[31m-        MAX_RECOVERY_OPERATIONS, OwnerEpochGuard, RecoveryIssueCode,
[0m[31m-        SealedRecoveryError, SealedRecoveryReport,
[0m[32m+        MAX_RECOVERY_OPERATIONS, OwnerEpochGuard, RecoveryIssueCode, SealedRecoveryError,
[0m[32m+        SealedRecoveryReport,
[0m     };
     use crate::sealed_digest::sha256;
     use crate::sealed_store::{SealedStoreError, open_sealed, verify_sealed};
Diff in \\?\D:\a\eliot-search\eliot-search\bins\eliot-searchd\src\sealed_recovery.rs:216:
[31m-    use crate::sealed_transaction::{
[0m[31m-        TransactionBinding, TransactionStatus, inspect_transaction,
[0m[31m-    };
[0m[32m+    use crate::sealed_transaction::{TransactionBinding, TransactionStatus, inspect_transaction};
[0m     use crate::sealed_transaction_guard::put_idempotent_verified;
     use std::collections::BTreeSet;
     use std::fs;
Diff in \\?\D:\a\eliot-search\eliot-search\bins\eliot-searchd\src\sealed_recovery.rs:241:
             if temporary.exists() {
                 return Err(SealedRecoveryError::IoFailure);
             }
[31m-            report.removed_temporary_files =
[0m[31m-                report.removed_temporary_files.saturating_add(1);
[0m[32m+            report.removed_temporary_files = report.removed_temporary_files.saturating_add(1);
[0m         }
 
         for operation_id in operations {
Diff in \\?\D:\a\eliot-search\eliot-search\bins\eliot-searchd\src\sealed_recovery.rs:269:
                             report.reconciled_operations =
                                 report.reconciled_operations.saturating_add(1);
                         }
[31m-                        Err(BindingFailure::Missing) => report.issue(
[0m[31m-                            operation_id,
[0m[31m-                            RecoveryIssueCode::PreparedObjectMissing,
[0m[31m-                        ),
[0m[31m-                        Err(BindingFailure::PlaintextLength) => report.issue(
[0m[31m-                            operation_id,
[0m[31m-                            RecoveryIssueCode::PlaintextLengthMismatch,
[0m[31m-                        ),
[0m[31m-                        Err(BindingFailure::CiphertextLength) => report.issue(
[0m[31m-                            operation_id,
[0m[31m-                            RecoveryIssueCode::CiphertextLengthMismatch,
[0m[31m-                        ),
[0m[31m-                        Err(BindingFailure::Digest) => report.issue(
[0m[31m-                            operation_id,
[0m[31m-                            RecoveryIssueCode::PlaintextDigestMismatch,
[0m[31m-                        ),
[0m[32m+                        Err(BindingFailure::Missing) => {
[0m[32m+                            report.issue(operation_id, RecoveryIssueCode::PreparedObjectMissing)
[0m[32m+                        }
[0m[32m+                        Err(BindingFailure::PlaintextLength) => {
[0m[32m+                            report.issue(operation_id, RecoveryIssueCode::PlaintextLengthMismatch)
[0m[32m+                        }
[0m[32m+                        Err(BindingFailure::CiphertextLength) => {
[0m[32m+                            report.issue(operation_id, RecoveryIssueCode::CiphertextLengthMismatch)
[0m[32m+                        }
[0m[32m+                        Err(BindingFailure::Digest) => {
[0m[32m+                            report.issue(operation_id, RecoveryIssueCode::PlaintextDigestMismatch)
[0m[32m+                        }
[0m                         Err(BindingFailure::Fatal(error)) => return Err(error),
                     }
                 }
Diff in \\?\D:\a\eliot-search\eliot-search\bins\eliot-searchd\src\sealed_recovery.rs:291:
[31m-                TransactionStatus::Committed
[0m[31m-                | TransactionStatus::CommittedCleanupPending => {
[0m[32m+                TransactionStatus::Committed | TransactionStatus::CommittedCleanupPending => {
[0m                     let Some(binding) = observation.binding else {
                         report.issue(operation_id, RecoveryIssueCode::TransactionConflict);
                         continue;
Diff in \\?\D:\a\eliot-search\eliot-search\bins\eliot-searchd\src\sealed_recovery.rs:302:
                                 &binding.object_id,
                                 plaintext,
                             )?;
[31m-                            if observation.status
[0m[31m-                                == TransactionStatus::CommittedCleanupPending
[0m[31m-                            {
[0m[32m+                            if observation.status == TransactionStatus::CommittedCleanupPending {
[0m                                 report.reconciled_operations =
                                     report.reconciled_operations.saturating_add(1);
                             } else {
Diff in \\?\D:\a\eliot-search\eliot-search\bins\eliot-searchd\src\sealed_recovery.rs:312:
                                     report.verified_committed.saturating_add(1);
                             }
                         }
[31m-                        Err(BindingFailure::Missing) => report.issue(
[0m[31m-                            operation_id,
[0m[31m-                            RecoveryIssueCode::CommittedObjectMissing,
[0m[31m-                        ),
[0m[31m-                        Err(BindingFailure::PlaintextLength) => report.issue(
[0m[31m-                            operation_id,
[0m[31m-                            RecoveryIssueCode::PlaintextLengthMismatch,
[0m[31m-                        ),
[0m[31m-                        Err(BindingFailure::CiphertextLength) => report.issue(
[0m[31m-                            operation_id,
[0m[31m-                            RecoveryIssueCode::CiphertextLengthMismatch,
[0m[31m-                        ),
[0m[31m-                        Err(BindingFailure::Digest) => report.issue(
[0m[31m-                            operation_id,
[0m[31m-                            RecoveryIssueCode::PlaintextDigestMismatch,
[0m[31m-                        ),
[0m[32m+                        Err(BindingFailure::Missing) => {
[0m[32m+                            report.issue(operation_id, RecoveryIssueCode::CommittedObjectMissing)
[0m[32m+                        }
[0m[32m+                        Err(BindingFailure::PlaintextLength) => {
[0m[32m+                            report.issue(operation_id, RecoveryIssueCode::PlaintextLengthMismatch)
[0m[32m+                        }
[0m[32m+                        Err(BindingFailure::CiphertextLength) => {
[0m[32m+                            report.issue(operation_id, RecoveryIssueCode::CiphertextLengthMismatch)
[0m[32m+                        }
[0m[32m+                        Err(BindingFailure::Digest) => {
[0m[32m+                            report.issue(operation_id, RecoveryIssueCode::PlaintextDigestMismatch)
[0m[32m+                        }
[0m                         Err(BindingFailure::Fatal(error)) => return Err(error),
                     }
                 }
Diff in \\?\D:\a\eliot-search\eliot-search\bins\eliot-searchd\src\sealed_recovery.rs:354:
             Err(SealedStoreError::ObjectNotFound) => return Err(BindingFailure::Missing),
             Err(error) => return Err(BindingFailure::Fatal(error.into())),
         };
[31m-        let length = u64::try_from(plaintext.len())
[0m[31m-            .map_err(|_| BindingFailure::PlaintextLength)?;
[0m[32m+        let length = u64::try_from(plaintext.len()).map_err(|_| BindingFailure::PlaintextLength)?;
[0m         if length != binding.plaintext_bytes {
             return Err(BindingFailure::PlaintextLength);
         }
Diff in \\?\D:\a\eliot-search\eliot-search\bins\eliot-searchd\src\sealed_recovery.rs:362:
[31m-        let digest = sha256(plaintext.expose())
[0m[31m-            .map_err(|error| BindingFailure::Fatal(error.into()))?;
[0m[32m+        let digest =
[0m[32m+            sha256(plaintext.expose()).map_err(|error| BindingFailure::Fatal(error.into()))?;
[0m         if digest != binding.plaintext_sha256 {
             return Err(BindingFailure::Digest);
         }
Diff in \\?\D:\a\eliot-search\eliot-search\bins\eliot-searchd\src\sealed_recovery.rs:367:
         let verified = verify_sealed(data_root, &binding.object_id)
             .map_err(|error| BindingFailure::Fatal(error.into()))?;
[31m-        if verified.plaintext_bytes != binding.plaintext_bytes
[0m[31m-            || !verified.authenticated
[0m[31m-        {
[0m[32m+        if verified.plaintext_bytes != binding.plaintext_bytes || !verified.authenticated {
[0m             return Err(BindingFailure::PlaintextLength);
         }
         if binding
Diff in \\?\D:\a\eliot-search\eliot-search\bins\eliot-searchd\src\sealed_recovery.rs:390:
             let metadata = entry
                 .metadata()
                 .map_err(|_| SealedRecoveryError::IoFailure)?;
[31m-            if !metadata.is_file()
[0m[31m-                || metadata.file_attributes() & FILE_ATTRIBUTE_REPARSE_POINT != 0
[0m[32m+            if !metadata.is_file() || metadata.file_attributes() & FILE_ATTRIBUTE_REPARSE_POINT != 0
[0m             {
                 return Err(SealedRecoveryError::TransactionDirectoryInvalid);
             }
Diff in \\?\D:\a\eliot-search\eliot-search\bins\eliot-searchd\src\sealed_recovery.rs:429:
         if value.is_empty()
             || value.len() > 128
             || matches!(value, "." | "..")
[31m-            || !value.bytes().all(|byte| {
[0m[31m-                byte.is_ascii_alphanumeric() || matches!(byte, b'-' | b'_' | b'.')
[0m[31m-            })
[0m[32m+            || !value
[0m[32m+                .bytes()
[0m[32m+                .all(|byte| byte.is_ascii_alphanumeric() || matches!(byte, b'-' | b'_' | b'.'))
[0m         {
             return Err(SealedRecoveryError::TransactionFilenameInvalid);
         }
Diff in \\?\D:\a\eliot-search\eliot-search\bins\eliot-searchd\src\sealed_recovery.rs:442:
         file_name.starts_with(".transaction-")
             && file_name.ends_with(".tmp")
             && file_name.len() <= 256
[31m-            && file_name.bytes().all(|byte| {
[0m[31m-                byte.is_ascii_alphanumeric() || matches!(byte, b'-' | b'_' | b'.')
[0m[31m-            })
[0m[32m+            && file_name
[0m[32m+                .bytes()
[0m[32m+                .all(|byte| byte.is_ascii_alphanumeric() || matches!(byte, b'-' | b'_' | b'.'))
[0m     }
 
     fn validate_directory(path: &Path) -> Result<(), SealedRecoveryError> {
Diff in \\?\D:\a\eliot-search\eliot-search\bins\eliot-searchd\src\sealed_root_identity.rs:102:
     const FILE_FLAG_BACKUP_SEMANTICS: u32 = 0x0200_0000;
     const FILE_FLAG_OPEN_REPARSE_POINT: u32 = 0x0020_0000;
 
[31m-    pub(super) fn root_binding_sha256(
[0m[31m-        data_root: &Path,
[0m[31m-    ) -> Result<Sha256Digest, RootIdentityError> {
[0m[31m-        let path_metadata = fs::symlink_metadata(data_root)
[0m[31m-            .map_err(|_| RootIdentityError::InvalidRoot)?;
[0m[32m+    pub(super) fn root_binding_sha256(data_root: &Path) -> Result<Sha256Digest, RootIdentityError> {
[0m[32m+        let path_metadata =
[0m[32m+            fs::symlink_metadata(data_root).map_err(|_| RootIdentityError::InvalidRoot)?;
[0m         if !path_metadata.is_dir() {
             return Err(RootIdentityError::InvalidRoot);
         }
Diff in \\?\D:\a\eliot-search\eliot-search\bins\eliot-searchd\src\sealed_root_identity.rs:129:
         if metadata.file_attributes() & FILE_ATTRIBUTE_REPARSE_POINT != 0 {
             return Err(RootIdentityError::ReparsePointDenied);
         }
[31m-        let canonical = fs::canonicalize(data_root)
[0m[31m-            .map_err(|_| RootIdentityError::ObservationFailed)?;
[0m[32m+        let canonical =
[0m[32m+            fs::canonicalize(data_root).map_err(|_| RootIdentityError::ObservationFailed)?;
[0m         let mut binding = b"eliot-search/sealed-root-binding/v1\0".to_vec();
[31m-        binding.extend_from_slice(
[0m[31m-            &metadata.volume_serial_number().unwrap_or(0).to_be_bytes(),
[0m[31m-        );
[0m[32m+        binding.extend_from_slice(&metadata.volume_serial_number().unwrap_or(0).to_be_bytes());
[0m         binding.extend_from_slice(&metadata.file_index().unwrap_or(0).to_be_bytes());
         for unit in canonical.as_os_str().encode_wide() {
             binding.extend_from_slice(&unit.to_le_bytes());
Diff in \\?\D:\a\eliot-search\eliot-search\bins\eliot-searchd\src\sealed_root_lock.rs:149:
             let metadata = file
                 .metadata()
                 .map_err(|_| SealedRootLockError::IoFailure)?;
[31m-            if !metadata.is_file()
[0m[31m-                || metadata.file_attributes() & FILE_ATTRIBUTE_REPARSE_POINT != 0
[0m[32m+            if !metadata.is_file() || metadata.file_attributes() & FILE_ATTRIBUTE_REPARSE_POINT != 0
[0m             {
                 return Err(SealedRootLockError::ReparsePointDenied);
             }
Diff in \\?\D:\a\eliot-search\eliot-search\bins\eliot-searchd\src\sealed_store.rs:284:
 }
 
 /// Opens and authenticates one sealed object.
[31m-pub fn open_sealed(
[0m[31m-    data_root: &Path,
[0m[31m-    object_id: &str,
[0m[31m-) -> Result<SensitiveBytes, SealedStoreError> {
[0m[32m+pub fn open_sealed(data_root: &Path, object_id: &str) -> Result<SensitiveBytes, SealedStoreError> {
[0m     platform::open_sealed(data_root, object_id)
 }
 
Diff in \\?\D:\a\eliot-search\eliot-search\bins\eliot-searchd\src\sealed_store.rs:294:
 /// Authenticates one sealed object without returning plaintext to the caller.
[31m-pub fn verify_sealed(
[0m[31m-    data_root: &Path,
[0m[31m-    object_id: &str,
[0m[31m-) -> Result<VerifyReceipt, SealedStoreError> {
[0m[32m+pub fn verify_sealed(data_root: &Path, object_id: &str) -> Result<VerifyReceipt, SealedStoreError> {
[0m     platform::verify_sealed(data_root, object_id)
 }
 
Diff in \\?\D:\a\eliot-search\eliot-search\bins\eliot-searchd\src\sealed_store.rs:302:
 /// Removes one sealed-object directory entry without claiming physical erasure.
[31m-pub fn delete_sealed(
[0m[31m-    data_root: &Path,
[0m[31m-    object_id: &str,
[0m[31m-) -> Result<DeleteReceipt, SealedStoreError> {
[0m[32m+pub fn delete_sealed(data_root: &Path, object_id: &str) -> Result<DeleteReceipt, SealedStoreError> {
[0m     platform::delete_sealed(data_root, object_id)
 }
 
Diff in \\?\D:\a\eliot-search\eliot-search\bins\eliot-searchd\src\sealed_store.rs:337:
 
 #[cfg(not(windows))]
 mod platform {
[31m-    use super::{
[0m[31m-        DeleteReceipt, SealReceipt, SealedStoreError, SensitiveBytes, VerifyReceipt,
[0m[31m-    };
[0m[32m+    use super::{DeleteReceipt, SealReceipt, SealedStoreError, SensitiveBytes, VerifyReceipt};
[0m     use std::path::Path;
 
     pub(super) fn seal_immutable(
Diff in \\?\D:\a\eliot-search\eliot-search\bins\eliot-searchd\src\sealed_store.rs:375:
 #[cfg(windows)]
 mod platform {
     use super::{
[31m-        DeleteReceipt, Envelope, FORMAT_VERSION, MAX_ENVELOPE_BYTES,
[0m[31m-        MAX_PLAINTEXT_BYTES, SealReceipt, SealedStoreError, SensitiveBytes,
[0m[31m-        VerifyReceipt, entropy_for, validate_object_id, wipe,
[0m[32m+        DeleteReceipt, Envelope, FORMAT_VERSION, MAX_ENVELOPE_BYTES, MAX_PLAINTEXT_BYTES,
[0m[32m+        SealReceipt, SealedStoreError, SensitiveBytes, VerifyReceipt, entropy_for,
[0m[32m+        validate_object_id, wipe,
[0m     };
     use core::ffi::c_void;
     use core::ptr::null_mut;
Diff in \\?\D:\a\eliot-search\eliot-search\bins\eliot-searchd\src\sealed_store.rs:540:
         if envelope.object_id != object_id {
             return Err(SealedStoreError::ObjectBindingMismatch);
         }
[31m-        let plaintext = SensitiveBytes::new(unprotect_current_user(
[0m[31m-            object_id,
[0m[31m-            &envelope.ciphertext,
[0m[31m-        )?)?;
[0m[32m+        let plaintext =
[0m[32m+            SensitiveBytes::new(unprotect_current_user(object_id, &envelope.ciphertext)?)?;
[0m         let plaintext_bytes =
             u64::try_from(plaintext.len()).map_err(|_| SealedStoreError::PlaintextTooLarge)?;
         if plaintext_bytes != envelope.plaintext_bytes {
Diff in \\?\D:\a\eliot-search\eliot-search\bins\eliot-searchd\src\sealed_store.rs:579:
         })
     }
 
[31m-    fn ensure_store_directory(
[0m[31m-        data_root: &Path,
[0m[31m-        create: bool,
[0m[31m-    ) -> Result<PathBuf, SealedStoreError> {
[0m[32m+    fn ensure_store_directory(data_root: &Path, create: bool) -> Result<PathBuf, SealedStoreError> {
[0m         validate_directory_non_reparse(data_root)?;
         let directory = data_root.join(STORE_DIRECTORY);
         if !directory.exists() {
Diff in \\?\D:\a\eliot-search\eliot-search\bins\eliot-searchd\src\sealed_store.rs:808:
 
     fn blob(bytes: &[u8]) -> Result<DataBlob, SealedStoreError> {
         Ok(DataBlob {
[31m-            cb_data: u32::try_from(bytes.len())
[0m[31m-                .map_err(|_| SealedStoreError::PlaintextTooLarge)?,
[0m[32m+            cb_data: u32::try_from(bytes.len()).map_err(|_| SealedStoreError::PlaintextTooLarge)?,
[0m             pb_data: if bytes.is_empty() {
                 null_mut()
             } else {
Diff in \\?\D:\a\eliot-search\eliot-search\bins\eliot-searchd\src\sealed_transaction.rs:178:
 #[cfg(not(windows))]
 mod platform {
     use super::{
[31m-        SealedTransactionError, SealedTransactionReceipt, SensitiveBytes,
[0m[31m-        TransactionStatus,
[0m[32m+        SealedTransactionError, SealedTransactionReceipt, SensitiveBytes, TransactionStatus,
[0m     };
     use std::path::Path;
 
Diff in \\?\D:\a\eliot-search\eliot-search\bins\eliot-searchd\src\sealed_transaction.rs:204:
 mod platform {
     use super::{
         PutDisposition, SealReceipt, SealedStoreError, SealedTransactionError,
[31m-        SealedTransactionReceipt, SensitiveBytes, TransactionStatus,
[0m[31m-        open_sealed, seal_immutable, validate_operation_id,
[0m[32m+        SealedTransactionReceipt, SensitiveBytes, TransactionStatus, open_sealed, seal_immutable,
[0m[32m+        validate_operation_id,
[0m     };
     use std::fs::{self, File, OpenOptions};
     use std::io::{self, Read, Write};
Diff in \\?\D:\a\eliot-search\eliot-search\bins\eliot-searchd\src\sealed_transaction.rs:320:
             plaintext_bytes: seal.plaintext_bytes,
             ciphertext_bytes: seal.ciphertext_bytes,
         };
[31m-        write_once(&directory, &receipt_path, encode_receipt(&receipt).as_bytes())?;
[0m[32m+        write_once(
[0m[32m+            &directory,
[0m[32m+            &receipt_path,
[0m[32m+            encode_receipt(&receipt).as_bytes(),
[0m[32m+        )?;
[0m         let receipt_readback = read_receipt(&receipt_path)?;
         if receipt_readback != receipt {
             return Err(SealedTransactionError::ReadbackMismatch);
Diff in \\?\D:\a\eliot-search\eliot-search\bins\eliot-searchd\src\sealed_transaction.rs:354:
         }
     }
 
[31m-    fn public_receipt(
[0m[31m-        receipt: Receipt,
[0m[31m-        disposition: PutDisposition,
[0m[31m-    ) -> SealedTransactionReceipt {
[0m[32m+    fn public_receipt(receipt: Receipt, disposition: PutDisposition) -> SealedTransactionReceipt {
[0m         SealedTransactionReceipt {
             operation_id: receipt.operation_id,
             object_id: receipt.object_id,
Diff in \\?\D:\a\eliot-search\eliot-search\bins\eliot-searchd\src\sealed_transaction.rs:506:
             return Err(SealedTransactionError::IoFailure);
         }
         let mut file = File::open(path).map_err(|_| SealedTransactionError::IoFailure)?;
[31m-        let before = file.metadata().map_err(|_| SealedTransactionError::IoFailure)?;
[0m[32m+        let before = file
[0m[32m+            .metadata()
[0m[32m+            .map_err(|_| SealedTransactionError::IoFailure)?;
[0m         let mut value = String::new();
         (&mut file)
             .take(u64::try_from(MAX_METADATA_BYTES + 1).unwrap_or(u64::MAX))
Diff in \\?\D:\a\eliot-search\eliot-search\bins\eliot-searchd\src\sealed_transaction.rs:515:
         if value.len() > MAX_METADATA_BYTES {
             return Err(SealedTransactionError::IoFailure);
         }
[31m-        let after = file.metadata().map_err(|_| SealedTransactionError::IoFailure)?;
[0m[32m+        let after = file
[0m[32m+            .metadata()
[0m[32m+            .map_err(|_| SealedTransactionError::IoFailure)?;
[0m         if before.len() != after.len()
             || before.last_write_time() != after.last_write_time()
             || before.file_index() != after.file_index()
Diff in \\?\D:\a\eliot-search\eliot-search\bins\eliot-searchd\src\sealed_transaction.rs:598:
             };
             if key.is_empty()
                 || field_value.is_empty()
[31m-                || fields.insert(key.to_owned(), field_value.to_owned()).is_some()
[0m[32m+                || fields
[0m[32m+                    .insert(key.to_owned(), field_value.to_owned())
[0m[32m+                    .is_some()
[0m             {
                 return Err(SealedTransactionError::ReadbackMismatch);
             }
Diff in \\?\D:\a\eliot-search\eliot-search\bins\eliot-searchd\src\sealed_transaction_guard.rs:8:
 use std::path::Path;
 
 use crate::sealed_store::{SensitiveBytes, verify_sealed};
[31m-use crate::sealed_transaction::{
[0m[31m-    SealedTransactionError, SealedTransactionReceipt, put_idempotent,
[0m[31m-};
[0m[32m+use crate::sealed_transaction::{SealedTransactionError, SealedTransactionReceipt, put_idempotent};
[0m 
 /// Executes an idempotent put and binds its terminal receipt to the exact
 /// authenticated sealed-object readback.
Diff in \\?\D:\a\eliot-search\eliot-search\bins\eliot-searchd\src\sealed_transaction_guard.rs:20:
     object_id: &str,
     plaintext: SensitiveBytes,
 ) -> Result<SealedTransactionReceipt, SealedTransactionError> {
[31m-    let receipt = put_idempotent(
[0m[31m-        data_root,
[0m[31m-        operation_id,
[0m[31m-        object_id,
[0m[31m-        plaintext,
[0m[31m-    )?;
[0m[32m+    let receipt = put_idempotent(data_root, operation_id, object_id, plaintext)?;
[0m     let observed = verify_sealed(data_root, object_id)?;
     if receipt.operation_id != operation_id
         || receipt.object_id != object_id
Diff in \\?\D:\a\eliot-search\eliot-search\bins\eliot-searchd\src\bin\eliot-search-sealed-catalog.rs:129:
         "ingest-file" if arguments.len() == 9 => {
             let data_root = Path::new(&arguments[1]);
             let _root_lease = acquire_root(data_root)?;
[31m-            let content_operation_id = utf8_argument(
[0m[31m-                &arguments[2],
[0m[31m-                "SEALED_TRANSACTION_OPERATION_ID_INVALID",
[0m[31m-            )?;
[0m[31m-            let content_object_id =
[0m[31m-                utf8_argument(&arguments[3], "SEALED_STORE_OBJECT_ID_INVALID")?;
[0m[31m-            let catalog_operation_id = utf8_argument(
[0m[31m-                &arguments[4],
[0m[31m-                "SEALED_TRANSACTION_OPERATION_ID_INVALID",
[0m[31m-            )?;
[0m[31m-            let catalog_object_id =
[0m[31m-                utf8_argument(&arguments[5], "SEALED_STORE_OBJECT_ID_INVALID")?;
[0m[31m-            let source_id =
[0m[31m-                utf8_argument(&arguments[6], "SEALED_CATALOG_IDENTIFIER_INVALID")?;
[0m[32m+            let content_operation_id =
[0m[32m+                utf8_argument(&arguments[2], "SEALED_TRANSACTION_OPERATION_ID_INVALID")?;
[0m[32m+            let content_object_id = utf8_argument(&arguments[3], "SEALED_STORE_OBJECT_ID_INVALID")?;
[0m[32m+            let catalog_operation_id =
[0m[32m+                utf8_argument(&arguments[4], "SEALED_TRANSACTION_OPERATION_ID_INVALID")?;
[0m[32m+            let catalog_object_id = utf8_argument(&arguments[5], "SEALED_STORE_OBJECT_ID_INVALID")?;
[0m[32m+            let source_id = utf8_argument(&arguments[6], "SEALED_CATALOG_IDENTIFIER_INVALID")?;
[0m             let source_revision_id =
                 utf8_argument(&arguments[7], "SEALED_CATALOG_IDENTIFIER_INVALID")?;
             let final_read = read_final_file(Path::new(&arguments[8]))
Diff in \\?\D:\a\eliot-search\eliot-search\bins\eliot-searchd\src\bin\eliot-search-sealed-catalog.rs:200:
         "search" | "search-ascii-insensitive" if arguments.len() == 6 => {
             let data_root = Path::new(&arguments[1]);
             let _root_lease = acquire_root(data_root)?;
[31m-            let catalog_object_id =
[0m[31m-                utf8_argument(&arguments[2], "SEALED_STORE_OBJECT_ID_INVALID")?;
[0m[31m-            let source_id =
[0m[31m-                utf8_argument(&arguments[3], "SEALED_CATALOG_IDENTIFIER_INVALID")?;
[0m[32m+            let catalog_object_id = utf8_argument(&arguments[2], "SEALED_STORE_OBJECT_ID_INVALID")?;
[0m[32m+            let source_id = utf8_argument(&arguments[3], "SEALED_CATALOG_IDENTIFIER_INVALID")?;
[0m             let source_revision_id =
                 utf8_argument(&arguments[4], "SEALED_CATALOG_IDENTIFIER_INVALID")?;
             let query = utf8_argument(&arguments[5], "SEALED_EXACT_QUERY_INVALID_UTF8")?;
Diff in \\?\D:\a\eliot-search\eliot-search\bins\eliot-searchd\src\bin\eliot-search-sealed-catalog.rs:210:
[31m-            let read = read_revision(
[0m[31m-                data_root,
[0m[31m-                catalog_object_id,
[0m[31m-                source_id,
[0m[31m-                source_revision_id,
[0m[31m-            )
[0m[31m-            .map_err(|error| error.code().to_owned())?;
[0m[32m+            let read = read_revision(data_root, catalog_object_id, source_id, source_revision_id)
[0m[32m+                .map_err(|error| error.code().to_owned())?;
[0m             let result = scan_exact(
                 read.content.expose(),
                 query,
Diff in \\?\D:\a\eliot-search\eliot-search\bins\eliot-searchd\src\bin\eliot-search-sealed-catalog.rs:232:
         "verify" if arguments.len() == 5 => {
             let data_root = Path::new(&arguments[1]);
             let _root_lease = acquire_root(data_root)?;
[31m-            let catalog_object_id =
[0m[31m-                utf8_argument(&arguments[2], "SEALED_STORE_OBJECT_ID_INVALID")?;
[0m[31m-            let source_id =
[0m[31m-                utf8_argument(&arguments[3], "SEALED_CATALOG_IDENTIFIER_INVALID")?;
[0m[32m+            let catalog_object_id = utf8_argument(&arguments[2], "SEALED_STORE_OBJECT_ID_INVALID")?;
[0m[32m+            let source_id = utf8_argument(&arguments[3], "SEALED_CATALOG_IDENTIFIER_INVALID")?;
[0m             let source_revision_id =
                 utf8_argument(&arguments[4], "SEALED_CATALOG_IDENTIFIER_INVALID")?;
[31m-            let receipt = verify_revision(
[0m[31m-                data_root,
[0m[31m-                catalog_object_id,
[0m[31m-                source_id,
[0m[31m-                source_revision_id,
[0m[31m-            )
[0m[31m-            .map_err(|error| error.code().to_owned())?;
[0m[32m+            let receipt =
[0m[32m+                verify_revision(data_root, catalog_object_id, source_id, source_revision_id)
[0m[32m+                    .map_err(|error| error.code().to_owned())?;
[0m             println!(
                 concat!(
                     "{{\"status\":\"CATALOG_VERIFIED\",",
Diff in \\?\D:\a\eliot-search\eliot-search\bins\eliot-searchd\src\bin\eliot-search-sealed-catalog.rs:270:
         "transaction-status" if arguments.len() == 3 => {
             let data_root = Path::new(&arguments[1]);
             let _root_lease = acquire_root(data_root)?;
[31m-            let operation_id = utf8_argument(
[0m[31m-                &arguments[2],
[0m[31m-                "SEALED_TRANSACTION_OPERATION_ID_INVALID",
[0m[31m-            )?;
[0m[32m+            let operation_id =
[0m[32m+                utf8_argument(&arguments[2], "SEALED_TRANSACTION_OPERATION_ID_INVALID")?;
[0m             let status = transaction_status(data_root, operation_id)
                 .map_err(|error| error.code().to_owned())?;
             println!(
Diff in \\?\D:\a\eliot-search\eliot-search\bins\eliot-searchd\src\sealed_catalog.rs:12:
 use std::path::Path;
 
 use crate::sealed_digest::{DigestError, Sha256Digest, sha256};
[31m-use crate::sealed_store::{
[0m[31m-    SealedStoreError, SensitiveBytes, open_sealed, verify_sealed,
[0m[31m-};
[0m[31m-use crate::sealed_transaction::{
[0m[31m-    SealedTransactionError, SealedTransactionReceipt,
[0m[31m-};
[0m[32m+use crate::sealed_store::{SealedStoreError, SensitiveBytes, open_sealed, verify_sealed};
[0m[32m+use crate::sealed_transaction::{SealedTransactionError, SealedTransactionReceipt};
[0m use crate::sealed_transaction_guard::put_idempotent_verified;
 
 /// Maximum source or revision identifier length in the sealed catalog.
Diff in \\?\D:\a\eliot-search\eliot-search\bins\eliot-searchd\src\sealed_catalog.rs:158:
     }
 
     fn decode(bytes: &[u8]) -> Result<Self, SealedCatalogError> {
[31m-        let value = core::str::from_utf8(bytes)
[0m[31m-            .map_err(|_| SealedCatalogError::ManifestInvalid)?;
[0m[32m+        let value = core::str::from_utf8(bytes).map_err(|_| SealedCatalogError::ManifestInvalid)?;
[0m         if !value.ends_with('\n') {
             return Err(SealedCatalogError::ManifestInvalid);
         }
Diff in \\?\D:\a\eliot-search\eliot-search\bins\eliot-searchd\src\sealed_catalog.rs:189:
             source_revision_id: take_field(&mut fields, "source_revision_id")?,
             content_operation_id: take_field(&mut fields, "content_operation_id")?,
             content_object_id: take_field(&mut fields, "content_object_id")?,
[31m-            content_sha256: Sha256Digest::from_hex(&take_field(
[0m[31m-                &mut fields,
[0m[31m-                "content_sha256",
[0m[31m-            )?)?,
[0m[32m+            content_sha256: Sha256Digest::from_hex(&take_field(&mut fields, "content_sha256")?)?,
[0m             content_plaintext_bytes: parse_u64(&take_field(
                 &mut fields,
                 "content_plaintext_bytes",
Diff in \\?\D:\a\eliot-search\eliot-search\bins\eliot-searchd\src\sealed_catalog.rs:201:
                 &mut fields,
                 "content_ciphertext_bytes",
             )?)?,
[31m-            catalog_format_version: parse_u16(&take_field(
[0m[31m-                &mut fields,
[0m[31m-                "catalog_format_version",
[0m[31m-            )?)?,
[0m[32m+            catalog_format_version: parse_u16(&take_field(&mut fields, "catalog_format_version")?)?,
[0m         };
         if !fields.is_empty() {
             return Err(SealedCatalogError::ManifestInvalid);
Diff in \\?\D:\a\eliot-search\eliot-search\bins\eliot-searchd\src\sealed_catalog.rs:293:
     let content_sha256 = sha256(content.expose())?;
     let content_plaintext_bytes =
         u64::try_from(content.len()).map_err(|_| SealedCatalogError::ContentLengthMismatch)?;
[31m-    let content_transaction = put_idempotent_verified(
[0m[31m-        data_root,
[0m[31m-        content_operation_id,
[0m[31m-        content_object_id,
[0m[31m-        content,
[0m[31m-    )?;
[0m[32m+    let content_transaction =
[0m[32m+        put_idempotent_verified(data_root, content_operation_id, content_object_id, content)?;
[0m     let content_verification = verify_sealed(data_root, content_object_id)?;
     if content_transaction.plaintext_bytes != content_plaintext_bytes
         || content_transaction.plaintext_bytes != content_verification.plaintext_bytes
Diff in \\?\D:\a\eliot-search\eliot-search\bins\eliot-searchd\src\sealed_digest.rs:149:
             flags: u32,
         ) -> NtStatus;
 
[31m-        fn BCryptCloseAlgorithmProvider(
[0m[31m-            algorithm: AlgorithmHandle,
[0m[31m-            flags: u32,
[0m[31m-        ) -> NtStatus;
[0m[32m+        fn BCryptCloseAlgorithmProvider(algorithm: AlgorithmHandle, flags: u32) -> NtStatus;
[0m 
         fn BCryptHash(
             algorithm: AlgorithmHandle,
Diff in \\?\D:\a\eliot-search\eliot-search\bins\eliot-searchd\src\sealed_digest.rs:173:
             // SAFETY: `handle` is valid writable storage; both UTF-16 provider
             // pointers remain live for the duration of the call.
             let status = unsafe {
[31m-                BCryptOpenAlgorithmProvider(
[0m[31m-                    &mut handle,
[0m[31m-                    SHA256_ALGORITHM.as_ptr(),
[0m[31m-                    null(),
[0m[31m-                    0,
[0m[31m-                )
[0m[32m+                BCryptOpenAlgorithmProvider(&mut handle, SHA256_ALGORITHM.as_ptr(), null(), 0)
[0m             };
             if status < 0 || handle.is_null() {
                 return Err(DigestError::ProviderOpenFailed);
Diff in \\?\D:\a\eliot-search\eliot-search\bins\eliot-searchd\src\sealed_digest.rs:201:
     }
 
     pub(super) fn sha256(bytes: &[u8]) -> Result<Sha256Digest, DigestError> {
[31m-        let input_bytes =
[0m[31m-            u32::try_from(bytes.len()).map_err(|_| DigestError::InputTooLarge)?;
[0m[32m+        let input_bytes = u32::try_from(bytes.len()).map_err(|_| DigestError::InputTooLarge)?;
[0m         let provider = Provider::open_sha256()?;
         let mut output = [0_u8; 32];
         // SAFETY: all pointers refer to live buffers of the exact lengths passed
Diff in \\?\D:\a\eliot-search\eliot-search\bins\eliot-searchd\src\sealed_file_reader.rs:104:
     use super::{FinalFileRead, FinalFileReadError};
     use std::path::Path;
 
[31m-    pub(super) fn read_final_file(
[0m[31m-        _path: &Path,
[0m[31m-    ) -> Result<FinalFileRead, FinalFileReadError> {
[0m[32m+    pub(super) fn read_final_file(_path: &Path) -> Result<FinalFileRead, FinalFileReadError> {
[0m         Err(FinalFileReadError::UnsupportedPlatform)
     }
 }
Diff in \\?\D:\a\eliot-search\eliot-search\bins\eliot-searchd\src\sealed_file_reader.rs:114:
 #[cfg(windows)]
 mod platform {
     use super::{
[31m-        FinalFileRead, FinalFileReadError, FinalFileReadReceipt,
[0m[31m-        MAX_PLAINTEXT_BYTES, SensitiveBytes,
[0m[32m+        FinalFileRead, FinalFileReadError, FinalFileReadReceipt, MAX_PLAINTEXT_BYTES,
[0m[32m+        SensitiveBytes,
[0m     };
     use std::fs::{self, File, OpenOptions};
     use std::io::Read;
Diff in \\?\D:\a\eliot-search\eliot-search\bins\eliot-searchd\src\sealed_file_reader.rs:136:
         file_attributes: u32,
     }
 
[31m-    pub(super) fn read_final_file(
[0m[31m-        path: &Path,
[0m[31m-    ) -> Result<FinalFileRead, FinalFileReadError> {
[0m[31m-        let path_metadata = fs::symlink_metadata(path)
[0m[31m-            .map_err(|_| FinalFileReadError::OpenFailed)?;
[0m[32m+    pub(super) fn read_final_file(path: &Path) -> Result<FinalFileRead, FinalFileReadError> {
[0m[32m+        let path_metadata =
[0m[32m+            fs::symlink_metadata(path).map_err(|_| FinalFileReadError::OpenFailed)?;
[0m         if path_metadata.file_type().is_symlink()
             || path_metadata.file_attributes() & FILE_ATTRIBUTE_REPARSE_POINT != 0
         {
Diff in \\?\D:\a\eliot-search\eliot-search\bins\eliot-searchd\src\sealed_file_reader.rs:166:
             return Err(FinalFileReadError::SourceTooLarge);
         }
 
[31m-        let capacity = usize::try_from(before.length)
[0m[31m-            .map_err(|_| FinalFileReadError::SourceTooLarge)?;
[0m[32m+        let capacity =
[0m[32m+            usize::try_from(before.length).map_err(|_| FinalFileReadError::SourceTooLarge)?;
[0m         let mut bytes = Vec::with_capacity(capacity);
         (&mut file)
             .take(u64::try_from(MAX_PLAINTEXT_BYTES + 1).unwrap_or(u64::MAX))
Diff in \\?\D:\a\eliot-search\eliot-search\bins\eliot-searchd\src\sealed_file_reader.rs:178:
         }
 
         let after = observe(&file)?;
[31m-        if before != after
[0m[31m-            || bytes.len() != usize::try_from(before.length).unwrap_or(usize::MAX)
[0m[31m-        {
[0m[32m+        if before != after || bytes.len() != usize::try_from(before.length).unwrap_or(usize::MAX) {
[0m             return Err(FinalFileReadError::ChangedDuringRead);
         }
         let plaintext = SensitiveBytes::new(bytes).map_err(|error| match error {
Diff in \\?\D:\a\eliot-search\eliot-search\bins\eliot-searchd\src\sealed_root_lock.rs:149:
             let metadata = file
                 .metadata()
                 .map_err(|_| SealedRootLockError::IoFailure)?;
[31m-            if !metadata.is_file()
[0m[31m-                || metadata.file_attributes() & FILE_ATTRIBUTE_REPARSE_POINT != 0
[0m[32m+            if !metadata.is_file() || metadata.file_attributes() & FILE_ATTRIBUTE_REPARSE_POINT != 0
[0m             {
                 return Err(SealedRootLockError::ReparsePointDenied);
             }
Diff in \\?\D:\a\eliot-search\eliot-search\bins\eliot-searchd\src\sealed_store.rs:284:
 }
 
 /// Opens and authenticates one sealed object.
[31m-pub fn open_sealed(
[0m[31m-    data_root: &Path,
[0m[31m-    object_id: &str,
[0m[31m-) -> Result<SensitiveBytes, SealedStoreError> {
[0m[32m+pub fn open_sealed(data_root: &Path, object_id: &str) -> Result<SensitiveBytes, SealedStoreError> {
[0m     platform::open_sealed(data_root, object_id)
 }
 
Diff in \\?\D:\a\eliot-search\eliot-search\bins\eliot-searchd\src\sealed_store.rs:294:
 /// Authenticates one sealed object without returning plaintext to the caller.
[31m-pub fn verify_sealed(
[0m[31m-    data_root: &Path,
[0m[31m-    object_id: &str,
[0m[31m-) -> Result<VerifyReceipt, SealedStoreError> {
[0m[32m+pub fn verify_sealed(data_root: &Path, object_id: &str) -> Result<VerifyReceipt, SealedStoreError> {
[0m     platform::verify_sealed(data_root, object_id)
 }
 
Diff in \\?\D:\a\eliot-search\eliot-search\bins\eliot-searchd\src\sealed_store.rs:302:
 /// Removes one sealed-object directory entry without claiming physical erasure.
[31m-pub fn delete_sealed(
[0m[31m-    data_root: &Path,
[0m[31m-    object_id: &str,
[0m[31m-) -> Result<DeleteReceipt, SealedStoreError> {
[0m[32m+pub fn delete_sealed(data_root: &Path, object_id: &str) -> Result<DeleteReceipt, SealedStoreError> {
[0m     platform::delete_sealed(data_root, object_id)
 }
 
Diff in \\?\D:\a\eliot-search\eliot-search\bins\eliot-searchd\src\sealed_store.rs:337:
 
 #[cfg(not(windows))]
 mod platform {
[31m-    use super::{
[0m[31m-        DeleteReceipt, SealReceipt, SealedStoreError, SensitiveBytes, VerifyReceipt,
[0m[31m-    };
[0m[32m+    use super::{DeleteReceipt, SealReceipt, SealedStoreError, SensitiveBytes, VerifyReceipt};
[0m     use std::path::Path;
 
     pub(super) fn seal_immutable(
Diff in \\?\D:\a\eliot-search\eliot-search\bins\eliot-searchd\src\sealed_store.rs:375:
 #[cfg(windows)]
 mod platform {
     use super::{
[31m-        DeleteReceipt, Envelope, FORMAT_VERSION, MAX_ENVELOPE_BYTES,
[0m[31m-        MAX_PLAINTEXT_BYTES, SealReceipt, SealedStoreError, SensitiveBytes,
[0m[31m-        VerifyReceipt, entropy_for, validate_object_id, wipe,
[0m[32m+        DeleteReceipt, Envelope, FORMAT_VERSION, MAX_ENVELOPE_BYTES, MAX_PLAINTEXT_BYTES,
[0m[32m+        SealReceipt, SealedStoreError, SensitiveBytes, VerifyReceipt, entropy_for,
[0m[32m+        validate_object_id, wipe,
[0m     };
     use core::ffi::c_void;
     use core::ptr::null_mut;
Diff in \\?\D:\a\eliot-search\eliot-search\bins\eliot-searchd\src\sealed_store.rs:540:
         if envelope.object_id != object_id {
             return Err(SealedStoreError::ObjectBindingMismatch);
         }
[31m-        let plaintext = SensitiveBytes::new(unprotect_current_user(
[0m[31m-            object_id,
[0m[31m-            &envelope.ciphertext,
[0m[31m-        )?)?;
[0m[32m+        let plaintext =
[0m[32m+            SensitiveBytes::new(unprotect_current_user(object_id, &envelope.ciphertext)?)?;
[0m         let plaintext_bytes =
             u64::try_from(plaintext.len()).map_err(|_| SealedStoreError::PlaintextTooLarge)?;
         if plaintext_bytes != envelope.plaintext_bytes {
Diff in \\?\D:\a\eliot-search\eliot-search\bins\eliot-searchd\src\sealed_store.rs:579:
         })
     }
 
[31m-    fn ensure_store_directory(
[0m[31m-        data_root: &Path,
[0m[31m-        create: bool,
[0m[31m-    ) -> Result<PathBuf, SealedStoreError> {
[0m[32m+    fn ensure_store_directory(data_root: &Path, create: bool) -> Result<PathBuf, SealedStoreError> {
[0m         validate_directory_non_reparse(data_root)?;
         let directory = data_root.join(STORE_DIRECTORY);
         if !directory.exists() {
Diff in \\?\D:\a\eliot-search\eliot-search\bins\eliot-searchd\src\sealed_store.rs:808:
 
     fn blob(bytes: &[u8]) -> Result<DataBlob, SealedStoreError> {
         Ok(DataBlob {
[31m-            cb_data: u32::try_from(bytes.len())
[0m[31m-                .map_err(|_| SealedStoreError::PlaintextTooLarge)?,
[0m[32m+            cb_data: u32::try_from(bytes.len()).map_err(|_| SealedStoreError::PlaintextTooLarge)?,
[0m             pb_data: if bytes.is_empty() {
                 null_mut()
             } else {
Diff in \\?\D:\a\eliot-search\eliot-search\bins\eliot-searchd\src\sealed_transaction.rs:178:
 #[cfg(not(windows))]
 mod platform {
     use super::{
[31m-        SealedTransactionError, SealedTransactionReceipt, SensitiveBytes,
[0m[31m-        TransactionStatus,
[0m[32m+        SealedTransactionError, SealedTransactionReceipt, SensitiveBytes, TransactionStatus,
[0m     };
     use std::path::Path;
 
Diff in \\?\D:\a\eliot-search\eliot-search\bins\eliot-searchd\src\sealed_transaction.rs:204:
 mod platform {
     use super::{
         PutDisposition, SealReceipt, SealedStoreError, SealedTransactionError,
[31m-        SealedTransactionReceipt, SensitiveBytes, TransactionStatus,
[0m[31m-        open_sealed, seal_immutable, validate_operation_id,
[0m[32m+        SealedTransactionReceipt, SensitiveBytes, TransactionStatus, open_sealed, seal_immutable,
[0m[32m+        validate_operation_id,
[0m     };
     use std::fs::{self, File, OpenOptions};
     use std::io::{self, Read, Write};
Diff in \\?\D:\a\eliot-search\eliot-search\bins\eliot-searchd\src\sealed_transaction.rs:320:
             plaintext_bytes: seal.plaintext_bytes,
             ciphertext_bytes: seal.ciphertext_bytes,
         };
[31m-        write_once(&directory, &receipt_path, encode_receipt(&receipt).as_bytes())?;
[0m[32m+        write_once(
[0m[32m+            &directory,
[0m[32m+            &receipt_path,
[0m[32m+            encode_receipt(&receipt).as_bytes(),
[0m[32m+        )?;
[0m         let receipt_readback = read_receipt(&receipt_path)?;
         if receipt_readback != receipt {
             return Err(SealedTransactionError::ReadbackMismatch);
Diff in \\?\D:\a\eliot-search\eliot-search\bins\eliot-searchd\src\sealed_transaction.rs:354:
         }
     }
 
[31m-    fn public_receipt(
[0m[31m-        receipt: Receipt,
[0m[31m-        disposition: PutDisposition,
[0m[31m-    ) -> SealedTransactionReceipt {
[0m[32m+    fn public_receipt(receipt: Receipt, disposition: PutDisposition) -> SealedTransactionReceipt {
[0m         SealedTransactionReceipt {
             operation_id: receipt.operation_id,
             object_id: receipt.object_id,
Diff in \\?\D:\a\eliot-search\eliot-search\bins\eliot-searchd\src\sealed_transaction.rs:506:
             return Err(SealedTransactionError::IoFailure);
         }
         let mut file = File::open(path).map_err(|_| SealedTransactionError::IoFailure)?;
[31m-        let before = file.metadata().map_err(|_| SealedTransactionError::IoFailure)?;
[0m[32m+        let before = file
[0m[32m+            .metadata()
[0m[32m+            .map_err(|_| SealedTransactionError::IoFailure)?;
[0m         let mut value = String::new();
         (&mut file)
             .take(u64::try_from(MAX_METADATA_BYTES + 1).unwrap_or(u64::MAX))
Diff in \\?\D:\a\eliot-search\eliot-search\bins\eliot-searchd\src\sealed_transaction.rs:515:
         if value.len() > MAX_METADATA_BYTES {
             return Err(SealedTransactionError::IoFailure);
         }
[31m-        let after = file.metadata().map_err(|_| SealedTransactionError::IoFailure)?;
[0m[32m+        let after = file
[0m[32m+            .metadata()
[0m[32m+            .map_err(|_| SealedTransactionError::IoFailure)?;
[0m         if before.len() != after.len()
             || before.last_write_time() != after.last_write_time()
             || before.file_index() != after.file_index()
Diff in \\?\D:\a\eliot-search\eliot-search\bins\eliot-searchd\src\sealed_transaction.rs:598:
             };
             if key.is_empty()
                 || field_value.is_empty()
[31m-                || fields.insert(key.to_owned(), field_value.to_owned()).is_some()
[0m[32m+                || fields
[0m[32m+                    .insert(key.to_owned(), field_value.to_owned())
[0m[32m+                    .is_some()
[0m             {
                 return Err(SealedTransactionError::ReadbackMismatch);
             }
Diff in \\?\D:\a\eliot-search\eliot-search\bins\eliot-searchd\src\sealed_transaction_guard.rs:8:
 use std::path::Path;
 
 use crate::sealed_store::{SensitiveBytes, verify_sealed};
[31m-use crate::sealed_transaction::{
[0m[31m-    SealedTransactionError, SealedTransactionReceipt, put_idempotent,
[0m[31m-};
[0m[32m+use crate::sealed_transaction::{SealedTransactionError, SealedTransactionReceipt, put_idempotent};
[0m 
 /// Executes an idempotent put and binds its terminal receipt to the exact
 /// authenticated sealed-object readback.
Diff in \\?\D:\a\eliot-search\eliot-search\bins\eliot-searchd\src\sealed_transaction_guard.rs:20:
     object_id: &str,
     plaintext: SensitiveBytes,
 ) -> Result<SealedTransactionReceipt, SealedTransactionError> {
[31m-    let receipt = put_idempotent(
[0m[31m-        data_root,
[0m[31m-        operation_id,
[0m[31m-        object_id,
[0m[31m-        plaintext,
[0m[31m-    )?;
[0m[32m+    let receipt = put_idempotent(data_root, operation_id, object_id, plaintext)?;
[0m     let observed = verify_sealed(data_root, object_id)?;
     if receipt.operation_id != operation_id
         || receipt.object_id != object_id
Diff in \\?\D:\a\eliot-search\eliot-search\bins\eliot-searchd\src\bin\eliot-search-sealed-direct.rs:13:
 
 use std::env;
 use std::ffi::OsStr;
[31m-use std::fs::{self, File};
[0m #[cfg(windows)]
 use std::fs::OpenOptions;
[32m+use std::fs::{self, File};
[0m use std::io::{self, Read};
 use std::path::Path;
 use std::process::ExitCode;
Diff in \\?\D:\a\eliot-search\eliot-search\bins\eliot-searchd\src\bin\eliot-search-sealed-direct.rs:82:
 }
 
 fn read_final_file(path: &Path) -> Result<Vec<u8>, String> {
[31m-    let link_metadata = fs::symlink_metadata(path)
[0m[31m-        .map_err(|_| "SEALED_DIRECT_FILE_OPEN_FAILED".to_owned())?;
[0m[32m+    let link_metadata =
[0m[32m+        fs::symlink_metadata(path).map_err(|_| "SEALED_DIRECT_FILE_OPEN_FAILED".to_owned())?;
[0m     if link_metadata.file_type().is_symlink() || is_reparse(&link_metadata) {
         return Err("SEALED_DIRECT_FILE_REPARSE_DENIED".to_owned());
     }
Diff in \\?\D:\a\eliot-search\eliot-search\bins\eliot-searchd\src\bin\eliot-search-sealed-direct.rs:179:
     false
 }
 
[31m-fn scan_exact(
[0m[31m-    text: &str,
[0m[31m-    query: &str,
[0m[31m-    ascii_insensitive: bool,
[0m[31m-) -> Result<SearchResult, String> {
[0m[32m+fn scan_exact(text: &str, query: &str, ascii_insensitive: bool) -> Result<SearchResult, String> {
[0m     if query.is_empty() {
         return Err("SEALED_DIRECT_QUERY_EMPTY".to_owned());
     }
Diff in \\?\D:\a\eliot-search\eliot-search\bins\eliot-searchd\src\bin\eliot-search-sealed-direct.rs:337:
             let data_root = Path::new(&arguments[1]);
             let object_id = utf8_argument(&arguments[2], "SEALED_STORE_OBJECT_ID_INVALID")?;
             let query = utf8_argument(&arguments[3], "SEALED_DIRECT_QUERY_INVALID_UTF8")?;
[31m-            let plaintext = open_sealed(data_root, object_id)
[0m[31m-                .map_err(|error| error.code().to_owned())?;
[0m[32m+            let plaintext =
[0m[32m+                open_sealed(data_root, object_id).map_err(|error| error.code().to_owned())?;
[0m             let text = core::str::from_utf8(plaintext.expose())
                 .map_err(|_| "SEALED_DIRECT_OBJECT_NOT_UTF8".to_owned())?;
             let result = scan_exact(text, query, command == "search-ascii-insensitive")?;
Diff in \\?\D:\a\eliot-search\eliot-search\bins\eliot-searchd\src\bin\eliot-search-sealed-direct.rs:345:
[31m-            emit_search(
[0m[31m-                object_id,
[0m[31m-                &result,
[0m[31m-                command == "search-ascii-insensitive",
[0m[31m-            );
[0m[32m+            emit_search(object_id, &result, command == "search-ascii-insensitive");
[0m         }
         "verify" if arguments.len() == 3 => {
             let data_root = Path::new(&arguments[1]);
Diff in \\?\D:\a\eliot-search\eliot-search\bins\eliot-searchd\src\bin\eliot-search-sealed-direct.rs:353:
             let object_id = utf8_argument(&arguments[2], "SEALED_STORE_OBJECT_ID_INVALID")?;
[31m-            let receipt = verify_sealed(data_root, object_id)
[0m[31m-                .map_err(|error| error.code().to_owned())?;
[0m[32m+            let receipt =
[0m[32m+                verify_sealed(data_root, object_id).map_err(|error| error.code().to_owned())?;
[0m             println!(
                 concat!(
                     "{{\"status\":\"VERIFIED\",\"object_id\":\"{}\",",
Diff in \\?\D:\a\eliot-search\eliot-search\bins\eliot-searchd\src\sealed_store.rs:284:
 }
 
 /// Opens and authenticates one sealed object.
[31m-pub fn open_sealed(
[0m[31m-    data_root: &Path,
[0m[31m-    object_id: &str,
[0m[31m-) -> Result<SensitiveBytes, SealedStoreError> {
[0m[32m+pub fn open_sealed(data_root: &Path, object_id: &str) -> Result<SensitiveBytes, SealedStoreError> {
[0m     platform::open_sealed(data_root, object_id)
 }
 
Diff in \\?\D:\a\eliot-search\eliot-search\bins\eliot-searchd\src\sealed_store.rs:294:
 /// Authenticates one sealed object without returning plaintext to the caller.
[31m-pub fn verify_sealed(
[0m[31m-    data_root: &Path,
[0m[31m-    object_id: &str,
[0m[31m-) -> Result<VerifyReceipt, SealedStoreError> {
[0m[32m+pub fn verify_sealed(data_root: &Path, object_id: &str) -> Result<VerifyReceipt, SealedStoreError> {
[0m     platform::verify_sealed(data_root, object_id)
 }
 
Diff in \\?\D:\a\eliot-search\eliot-search\bins\eliot-searchd\src\sealed_store.rs:302:
 /// Removes one sealed-object directory entry without claiming physical erasure.
[31m-pub fn delete_sealed(
[0m[31m-    data_root: &Path,
[0m[31m-    object_id: &str,
[0m[31m-) -> Result<DeleteReceipt, SealedStoreError> {
[0m[32m+pub fn delete_sealed(data_root: &Path, object_id: &str) -> Result<DeleteReceipt, SealedStoreError> {
[0m     platform::delete_sealed(data_root, object_id)
 }
 
Diff in \\?\D:\a\eliot-search\eliot-search\bins\eliot-searchd\src\sealed_store.rs:337:
 
 #[cfg(not(windows))]
 mod platform {
[31m-    use super::{
[0m[31m-        DeleteReceipt, SealReceipt, SealedStoreError, SensitiveBytes, VerifyReceipt,
[0m[31m-    };
[0m[32m+    use super::{DeleteReceipt, SealReceipt, SealedStoreError, SensitiveBytes, VerifyReceipt};
[0m     use std::path::Path;
 
     pub(super) fn seal_immutable(
Diff in \\?\D:\a\eliot-search\eliot-search\bins\eliot-searchd\src\sealed_store.rs:375:
 #[cfg(windows)]
 mod platform {
     use super::{
[31m-        DeleteReceipt, Envelope, FORMAT_VERSION, MAX_ENVELOPE_BYTES,
[0m[31m-        MAX_PLAINTEXT_BYTES, SealReceipt, SealedStoreError, SensitiveBytes,
[0m[31m-        VerifyReceipt, entropy_for, validate_object_id, wipe,
[0m[32m+        DeleteReceipt, Envelope, FORMAT_VERSION, MAX_ENVELOPE_BYTES, MAX_PLAINTEXT_BYTES,
[0m[32m+        SealReceipt, SealedStoreError, SensitiveBytes, VerifyReceipt, entropy_for,
[0m[32m+        validate_object_id, wipe,
[0m     };
     use core::ffi::c_void;
     use core::ptr::null_mut;
Diff in \\?\D:\a\eliot-search\eliot-search\bins\eliot-searchd\src\sealed_store.rs:540:
         if envelope.object_id != object_id {
             return Err(SealedStoreError::ObjectBindingMismatch);
         }
[31m-        let plaintext = SensitiveBytes::new(unprotect_current_user(
[0m[31m-            object_id,
[0m[31m-            &envelope.ciphertext,
[0m[31m-        )?)?;
[0m[32m+        let plaintext =
[0m[32m+            SensitiveBytes::new(unprotect_current_user(object_id, &envelope.ciphertext)?)?;
[0m         let plaintext_bytes =
             u64::try_from(plaintext.len()).map_err(|_| SealedStoreError::PlaintextTooLarge)?;
         if plaintext_bytes != envelope.plaintext_bytes {
Diff in \\?\D:\a\eliot-search\eliot-search\bins\eliot-searchd\src\sealed_store.rs:579:
         })
     }
 
[31m-    fn ensure_store_directory(
[0m[31m-        data_root: &Path,
[0m[31m-        create: bool,
[0m[31m-    ) -> Result<PathBuf, SealedStoreError> {
[0m[32m+    fn ensure_store_directory(data_root: &Path, create: bool) -> Result<PathBuf, SealedStoreError> {
[0m         validate_directory_non_reparse(data_root)?;
         let directory = data_root.join(STORE_DIRECTORY);
         if !directory.exists() {
Diff in \\?\D:\a\eliot-search\eliot-search\bins\eliot-searchd\src\sealed_store.rs:808:
 
     fn blob(bytes: &[u8]) -> Result<DataBlob, SealedStoreError> {
         Ok(DataBlob {
[31m-            cb_data: u32::try_from(bytes.len())
[0m[31m-                .map_err(|_| SealedStoreError::PlaintextTooLarge)?,
[0m[32m+            cb_data: u32::try_from(bytes.len()).map_err(|_| SealedStoreError::PlaintextTooLarge)?,
[0m             pb_data: if bytes.is_empty() {
                 null_mut()
             } else {
Diff in \\?\D:\a\eliot-search\eliot-search\bins\eliot-searchd\src\sealed_transaction.rs:178:
 #[cfg(not(windows))]
 mod platform {
     use super::{
[31m-        SealedTransactionError, SealedTransactionReceipt, SensitiveBytes,
[0m[31m-        TransactionStatus,
[0m[32m+        SealedTransactionError, SealedTransactionReceipt, SensitiveBytes, TransactionStatus,
[0m     };
     use std::path::Path;
 
Diff in \\?\D:\a\eliot-search\eliot-search\bins\eliot-searchd\src\sealed_transaction.rs:204:
 mod platform {
     use super::{
         PutDisposition, SealReceipt, SealedStoreError, SealedTransactionError,
[31m-        SealedTransactionReceipt, SensitiveBytes, TransactionStatus,
[0m[31m-        open_sealed, seal_immutable, validate_operation_id,
[0m[32m+        SealedTransactionReceipt, SensitiveBytes, TransactionStatus, open_sealed, seal_immutable,
[0m[32m+        validate_operation_id,
[0m     };
     use std::fs::{self, File, OpenOptions};
     use std::io::{self, Read, Write};
Diff in \\?\D:\a\eliot-search\eliot-search\bins\eliot-searchd\src\sealed_transaction.rs:320:
             plaintext_bytes: seal.plaintext_bytes,
             ciphertext_bytes: seal.ciphertext_bytes,
         };
[31m-        write_once(&directory, &receipt_path, encode_receipt(&receipt).as_bytes())?;
[0m[32m+        write_once(
[0m[32m+            &directory,
[0m[32m+            &receipt_path,
[0m[32m+            encode_receipt(&receipt).as_bytes(),
[0m[32m+        )?;
[0m         let receipt_readback = read_receipt(&receipt_path)?;
         if receipt_readback != receipt {
             return Err(SealedTransactionError::ReadbackMismatch);
Diff in \\?\D:\a\eliot-search\eliot-search\bins\eliot-searchd\src\sealed_transaction.rs:354:
         }
     }
 
[31m-    fn public_receipt(
[0m[31m-        receipt: Receipt,
[0m[31m-        disposition: PutDisposition,
[0m[31m-    ) -> SealedTransactionReceipt {
[0m[32m+    fn public_receipt(receipt: Receipt, disposition: PutDisposition) -> SealedTransactionReceipt {
[0m         SealedTransactionReceipt {
             operation_id: receipt.operation_id,
             object_id: receipt.object_id,
Diff in \\?\D:\a\eliot-search\eliot-search\bins\eliot-searchd\src\sealed_transaction.rs:506:
             return Err(SealedTransactionError::IoFailure);
         }
         let mut file = File::open(path).map_err(|_| SealedTransactionError::IoFailure)?;
[31m-        let before = file.metadata().map_err(|_| SealedTransactionError::IoFailure)?;
[0m[32m+        let before = file
[0m[32m+            .metadata()
[0m[32m+            .map_err(|_| SealedTransactionError::IoFailure)?;
[0m         let mut value = String::new();
         (&mut file)
             .take(u64::try_from(MAX_METADATA_BYTES + 1).unwrap_or(u64::MAX))
Diff in \\?\D:\a\eliot-search\eliot-search\bins\eliot-searchd\src\sealed_transaction.rs:515:
         if value.len() > MAX_METADATA_BYTES {
             return Err(SealedTransactionError::IoFailure);
         }
[31m-        let after = file.metadata().map_err(|_| SealedTransactionError::IoFailure)?;
[0m[32m+        let after = file
[0m[32m+            .metadata()
[0m[32m+            .map_err(|_| SealedTransactionError::IoFailure)?;
[0m         if before.len() != after.len()
             || before.last_write_time() != after.last_write_time()
             || before.file_index() != after.file_index()
Diff in \\?\D:\a\eliot-search\eliot-search\bins\eliot-searchd\src\sealed_transaction.rs:598:
             };
             if key.is_empty()
                 || field_value.is_empty()
[31m-                || fields.insert(key.to_owned(), field_value.to_owned()).is_some()
[0m[32m+                || fields
[0m[32m+                    .insert(key.to_owned(), field_value.to_owned())
[0m[32m+                    .is_some()
[0m             {
                 return Err(SealedTransactionError::ReadbackMismatch);
             }
Diff in \\?\D:\a\eliot-search\eliot-search\bins\eliot-searchd\src\bin\eliot-search-sealed-recover.rs:45:
         return Err("SEALED_RECOVERY_USAGE_ERROR".to_owned());
     }
     let data_root = Path::new(&arguments[0]);
[31m-    let owner = OwnerEpochGuard::acquire(data_root)
[0m[31m-        .map_err(|error| error.code().to_owned())?;
[0m[31m-    let report = recover_all(data_root, &owner)
[0m[31m-        .map_err(|error| error.code().to_owned())?;
[0m[32m+    let owner = OwnerEpochGuard::acquire(data_root).map_err(|error| error.code().to_owned())?;
[0m[32m+    let report = recover_all(data_root, &owner).map_err(|error| error.code().to_owned())?;
[0m     println!(
         concat!(
             "{{\"event\":\"recovery_summary\",\"owner_epoch\":{},",
Diff in \\?\D:\a\eliot-search\eliot-search\bins\eliot-searchd\src\sealed_digest.rs:149:
             flags: u32,
         ) -> NtStatus;
 
[31m-        fn BCryptCloseAlgorithmProvider(
[0m[31m-            algorithm: AlgorithmHandle,
[0m[31m-            flags: u32,
[0m[31m-        ) -> NtStatus;
[0m[32m+        fn BCryptCloseAlgorithmProvider(algorithm: AlgorithmHandle, flags: u32) -> NtStatus;
[0m 
         fn BCryptHash(
             algorithm: AlgorithmHandle,
Diff in \\?\D:\a\eliot-search\eliot-search\bins\eliot-searchd\src\sealed_digest.rs:173:
             // SAFETY: `handle` is valid writable storage; both UTF-16 provider
             // pointers remain live for the duration of the call.
             let status = unsafe {
[31m-                BCryptOpenAlgorithmProvider(
[0m[31m-                    &mut handle,
[0m[31m-                    SHA256_ALGORITHM.as_ptr(),
[0m[31m-                    null(),
[0m[31m-                    0,
[0m[31m-                )
[0m[32m+                BCryptOpenAlgorithmProvider(&mut handle, SHA256_ALGORITHM.as_ptr(), null(), 0)
[0m             };
             if status < 0 || handle.is_null() {
                 return Err(DigestError::ProviderOpenFailed);
Diff in \\?\D:\a\eliot-search\eliot-search\bins\eliot-searchd\src\sealed_digest.rs:201:
     }
 
     pub(super) fn sha256(bytes: &[u8]) -> Result<Sha256Digest, DigestError> {
[31m-        let input_bytes =
[0m[31m-            u32::try_from(bytes.len()).map_err(|_| DigestError::InputTooLarge)?;
[0m[32m+        let input_bytes = u32::try_from(bytes.len()).map_err(|_| DigestError::InputTooLarge)?;
[0m         let provider = Provider::open_sha256()?;
         let mut output = [0_u8; 32];
         // SAFETY: all pointers refer to live buffers of the exact lengths passed
Diff in \\?\D:\a\eliot-search\eliot-search\bins\eliot-searchd\src\sealed_owner_epoch.rs:21:
 const OWNER_EPOCH_MAGIC: &str = "ELIOT-SEALED-OWNER-EPOCH-V1";
 const OWNER_EPOCH_FORMAT_VERSION: u16 = 1;
 const OWNER_EPOCH_FIELD_COUNT: usize = 5;
[31m-const ZERO_DIGEST_HEX: &str =
[0m[31m-    "0000000000000000000000000000000000000000000000000000000000000000";
[0m[32m+const ZERO_DIGEST_HEX: &str = "0000000000000000000000000000000000000000000000000000000000000000";
[0m 
 /// Closed owner-epoch failure.
 #[derive(Clone, Copy, Debug, Eq, Ord, PartialEq, PartialOrd)]
Diff in \\?\D:\a\eliot-search\eliot-search\bins\eliot-searchd\src\sealed_owner_epoch.rs:124:
             return Err(OwnerEpochError::ChainInvalid);
         }
         if self.epoch == 1 {
[31m-            if self.previous_epoch != 0
[0m[31m-                || self.previous_record_sha256.to_hex() != ZERO_DIGEST_HEX
[0m[31m-            {
[0m[32m+            if self.previous_epoch != 0 || self.previous_record_sha256.to_hex() != ZERO_DIGEST_HEX {
[0m                 return Err(OwnerEpochError::PredecessorMismatch);
             }
         } else if self.previous_epoch != self.epoch - 1 {
Diff in \\?\D:\a\eliot-search\eliot-search\bins\eliot-searchd\src\sealed_owner_epoch.rs:327:
 #[cfg(windows)]
 mod platform {
     use super::{
[31m-        MAX_OWNER_EPOCH_RECORDS, OWNER_EPOCH_FORMAT_VERSION, OwnerEpochError,
[0m[31m-        OwnerEpochGuard, OwnerEpochRecord, Sha256Digest, SensitiveBytes,
[0m[31m-        ZERO_DIGEST_HEX, object_id, parse_epoch_object_id, put_idempotent_verified,
[0m[31m-        transaction_id,
[0m[32m+        MAX_OWNER_EPOCH_RECORDS, OWNER_EPOCH_FORMAT_VERSION, OwnerEpochError, OwnerEpochGuard,
[0m[32m+        OwnerEpochRecord, SensitiveBytes, Sha256Digest, ZERO_DIGEST_HEX, object_id,
[0m[32m+        parse_epoch_object_id, put_idempotent_verified, transaction_id,
[0m     };
     use crate::sealed_digest::sha256;
     use crate::sealed_root_lock::SealedRootLease;
Diff in \\?\D:\a\eliot-search\eliot-search\bins\eliot-searchd\src\sealed_owner_epoch.rs:434:
         })
     }
 
[31m-    fn discover_epoch_objects(
[0m[31m-        data_root: &Path,
[0m[31m-    ) -> Result<BTreeMap<u64, String>, OwnerEpochError> {
[0m[32m+    fn discover_epoch_objects(data_root: &Path) -> Result<BTreeMap<u64, String>, OwnerEpochError> {
[0m         let directory = data_root.join(SEALED_DIRECTORY);
         if !directory.exists() {
             return Ok(BTreeMap::new());
Diff in \\?\D:\a\eliot-search\eliot-search\bins\eliot-searchd\src\sealed_owner_epoch.rs:478:
             .open(data_root)
             .map_err(|_| OwnerEpochError::IoFailure)?;
         let metadata = file.metadata().map_err(|_| OwnerEpochError::IoFailure)?;
[31m-        if !metadata.is_dir()
[0m[31m-            || metadata.file_attributes() & FILE_ATTRIBUTE_REPARSE_POINT != 0
[0m[31m-        {
[0m[32m+        if !metadata.is_dir() || metadata.file_attributes() & FILE_ATTRIBUTE_REPARSE_POINT != 0 {
[0m             return Err(OwnerEpochError::RootBindingMismatch);
         }
         let canonical = fs::canonicalize(data_root).map_err(|_| OwnerEpochError::IoFailure)?;
Diff in \\?\D:\a\eliot-search\eliot-search\bins\eliot-searchd\src\sealed_recovery.rs:52:
         match self {
             Self::UnsupportedPlatform => "SEALED_RECOVERY_UNSUPPORTED_PLATFORM",
             Self::OwnerGuardRequired => "SEALED_RECOVERY_OWNER_GUARD_REQUIRED",
[31m-            Self::TransactionDirectoryInvalid => {
[0m[31m-                "SEALED_RECOVERY_TRANSACTION_DIRECTORY_INVALID"
[0m[31m-            }
[0m[31m-            Self::TransactionFilenameInvalid => {
[0m[31m-                "SEALED_RECOVERY_TRANSACTION_FILENAME_INVALID"
[0m[31m-            }
[0m[31m-            Self::OperationCapacityExceeded => {
[0m[31m-                "SEALED_RECOVERY_OPERATION_CAPACITY_EXCEEDED"
[0m[31m-            }
[0m[32m+            Self::TransactionDirectoryInvalid => "SEALED_RECOVERY_TRANSACTION_DIRECTORY_INVALID",
[0m[32m+            Self::TransactionFilenameInvalid => "SEALED_RECOVERY_TRANSACTION_FILENAME_INVALID",
[0m[32m+            Self::OperationCapacityExceeded => "SEALED_RECOVERY_OPERATION_CAPACITY_EXCEEDED",
[0m             Self::IoFailure => "SEALED_RECOVERY_IO_FAILURE",
             Self::Digest(error) => error.code(),
             Self::SealedStore(error) => error.code(),
Diff in \\?\D:\a\eliot-search\eliot-search\bins\eliot-searchd\src\sealed_recovery.rs:208:
 #[cfg(windows)]
 mod platform {
     use super::{
[31m-        MAX_RECOVERY_OPERATIONS, OwnerEpochGuard, RecoveryIssueCode,
[0m[31m-        SealedRecoveryError, SealedRecoveryReport,
[0m[32m+        MAX_RECOVERY_OPERATIONS, OwnerEpochGuard, RecoveryIssueCode, SealedRecoveryError,
[0m[32m+        SealedRecoveryReport,
[0m     };
     use crate::sealed_digest::sha256;
     use crate::sealed_store::{SealedStoreError, open_sealed, verify_sealed};
Diff in \\?\D:\a\eliot-search\eliot-search\bins\eliot-searchd\src\sealed_recovery.rs:216:
[31m-    use crate::sealed_transaction::{
[0m[31m-        TransactionBinding, TransactionStatus, inspect_transaction,
[0m[31m-    };
[0m[32m+    use crate::sealed_transaction::{TransactionBinding, TransactionStatus, inspect_transaction};
[0m     use crate::sealed_transaction_guard::put_idempotent_verified;
     use std::collections::BTreeSet;
     use std::fs;
Diff in \\?\D:\a\eliot-search\eliot-search\bins\eliot-searchd\src\sealed_recovery.rs:241:
             if temporary.exists() {
                 return Err(SealedRecoveryError::IoFailure);
             }
[31m-            report.removed_temporary_files =
[0m[31m-                report.removed_temporary_files.saturating_add(1);
[0m[32m+            report.removed_temporary_files = report.removed_temporary_files.saturating_add(1);
[0m         }
 
         for operation_id in operations {
Diff in \\?\D:\a\eliot-search\eliot-search\bins\eliot-searchd\src\sealed_recovery.rs:269:
                             report.reconciled_operations =
                                 report.reconciled_operations.saturating_add(1);
                         }
[31m-                        Err(BindingFailure::Missing) => report.issue(
[0m[31m-                            operation_id,
[0m[31m-                            RecoveryIssueCode::PreparedObjectMissing,
[0m[31m-                        ),
[0m[31m-                        Err(BindingFailure::PlaintextLength) => report.issue(
[0m[31m-                            operation_id,
[0m[31m-                            RecoveryIssueCode::PlaintextLengthMismatch,
[0m[31m-                        ),
[0m[31m-                        Err(BindingFailure::CiphertextLength) => report.issue(
[0m[31m-                            operation_id,
[0m[31m-                            RecoveryIssueCode::CiphertextLengthMismatch,
[0m[31m-                        ),
[0m[31m-                        Err(BindingFailure::Digest) => report.issue(
[0m[31m-                            operation_id,
[0m[31m-                            RecoveryIssueCode::PlaintextDigestMismatch,
[0m[31m-                        ),
[0m[32m+                        Err(BindingFailure::Missing) => {
[0m[32m+                            report.issue(operation_id, RecoveryIssueCode::PreparedObjectMissing)
[0m[32m+                        }
[0m[32m+                        Err(BindingFailure::PlaintextLength) => {
[0m[32m+                            report.issue(operation_id, RecoveryIssueCode::PlaintextLengthMismatch)
[0m[32m+                        }
[0m[32m+                        Err(BindingFailure::CiphertextLength) => {
[0m[32m+                            report.issue(operation_id, RecoveryIssueCode::CiphertextLengthMismatch)
[0m[32m+                        }
[0m[32m+                        Err(BindingFailure::Digest) => {
[0m[32m+                            report.issue(operation_id, RecoveryIssueCode::PlaintextDigestMismatch)
[0m[32m+                        }
[0m                         Err(BindingFailure::Fatal(error)) => return Err(error),
                     }
                 }
Diff in \\?\D:\a\eliot-search\eliot-search\bins\eliot-searchd\src\sealed_recovery.rs:291:
[31m-                TransactionStatus::Committed
[0m[31m-                | TransactionStatus::CommittedCleanupPending => {
[0m[32m+                TransactionStatus::Committed | TransactionStatus::CommittedCleanupPending => {
[0m                     let Some(binding) = observation.binding else {
                         report.issue(operation_id, RecoveryIssueCode::TransactionConflict);
                         continue;
Diff in \\?\D:\a\eliot-search\eliot-search\bins\eliot-searchd\src\sealed_recovery.rs:302:
                                 &binding.object_id,
                                 plaintext,
                             )?;
[31m-                            if observation.status
[0m[31m-                                == TransactionStatus::CommittedCleanupPending
[0m[31m-                            {
[0m[32m+                            if observation.status == TransactionStatus::CommittedCleanupPending {
[0m                                 report.reconciled_operations =
                                     report.reconciled_operations.saturating_add(1);
                             } else {
Diff in \\?\D:\a\eliot-search\eliot-search\bins\eliot-searchd\src\sealed_recovery.rs:312:
                                     report.verified_committed.saturating_add(1);
                             }
                         }
[31m-                        Err(BindingFailure::Missing) => report.issue(
[0m[31m-                            operation_id,
[0m[31m-                            RecoveryIssueCode::CommittedObjectMissing,
[0m[31m-                        ),
[0m[31m-                        Err(BindingFailure::PlaintextLength) => report.issue(
[0m[31m-                            operation_id,
[0m[31m-                            RecoveryIssueCode::PlaintextLengthMismatch,
[0m[31m-                        ),
[0m[31m-                        Err(BindingFailure::CiphertextLength) => report.issue(
[0m[31m-                            operation_id,
[0m[31m-                            RecoveryIssueCode::CiphertextLengthMismatch,
[0m[31m-                        ),
[0m[31m-                        Err(BindingFailure::Digest) => report.issue(
[0m[31m-                            operation_id,
[0m[31m-                            RecoveryIssueCode::PlaintextDigestMismatch,
[0m[31m-                        ),
[0m[32m+                        Err(BindingFailure::Missing) => {
[0m[32m+                            report.issue(operation_id, RecoveryIssueCode::CommittedObjectMissing)
[0m[32m+                        }
[0m[32m+                        Err(BindingFailure::PlaintextLength) => {
[0m[32m+                            report.issue(operation_id, RecoveryIssueCode::PlaintextLengthMismatch)
[0m[32m+                        }
[0m[32m+                        Err(BindingFailure::CiphertextLength) => {
[0m[32m+                            report.issue(operation_id, RecoveryIssueCode::CiphertextLengthMismatch)
[0m[32m+                        }
[0m[32m+                        Err(BindingFailure::Digest) => {
[0m[32m+                            report.issue(operation_id, RecoveryIssueCode::PlaintextDigestMismatch)
[0m[32m+                        }
[0m                         Err(BindingFailure::Fatal(error)) => return Err(error),
                     }
                 }
Diff in \\?\D:\a\eliot-search\eliot-search\bins\eliot-searchd\src\sealed_recovery.rs:354:
             Err(SealedStoreError::ObjectNotFound) => return Err(BindingFailure::Missing),
             Err(error) => return Err(BindingFailure::Fatal(error.into())),
         };
[31m-        let length = u64::try_from(plaintext.len())
[0m[31m-            .map_err(|_| BindingFailure::PlaintextLength)?;
[0m[32m+        let length = u64::try_from(plaintext.len()).map_err(|_| BindingFailure::PlaintextLength)?;
[0m         if length != binding.plaintext_bytes {
             return Err(BindingFailure::PlaintextLength);
         }
Diff in \\?\D:\a\eliot-search\eliot-search\bins\eliot-searchd\src\sealed_recovery.rs:362:
[31m-        let digest = sha256(plaintext.expose())
[0m[31m-            .map_err(|error| BindingFailure::Fatal(error.into()))?;
[0m[32m+        let digest =
[0m[32m+            sha256(plaintext.expose()).map_err(|error| BindingFailure::Fatal(error.into()))?;
[0m         if digest != binding.plaintext_sha256 {
             return Err(BindingFailure::Digest);
         }
Diff in \\?\D:\a\eliot-search\eliot-search\bins\eliot-searchd\src\sealed_recovery.rs:367:
         let verified = verify_sealed(data_root, &binding.object_id)
             .map_err(|error| BindingFailure::Fatal(error.into()))?;
[31m-        if verified.plaintext_bytes != binding.plaintext_bytes
[0m[31m-            || !verified.authenticated
[0m[31m-        {
[0m[32m+        if verified.plaintext_bytes != binding.plaintext_bytes || !verified.authenticated {
[0m             return Err(BindingFailure::PlaintextLength);
         }
         if binding
Diff in \\?\D:\a\eliot-search\eliot-search\bins\eliot-searchd\src\sealed_recovery.rs:390:
             let metadata = entry
                 .metadata()
                 .map_err(|_| SealedRecoveryError::IoFailure)?;
[31m-            if !metadata.is_file()
[0m[31m-                || metadata.file_attributes() & FILE_ATTRIBUTE_REPARSE_POINT != 0
[0m[32m+            if !metadata.is_file() || metadata.file_attributes() & FILE_ATTRIBUTE_REPARSE_POINT != 0
[0m             {
                 return Err(SealedRecoveryError::TransactionDirectoryInvalid);
             }
Diff in \\?\D:\a\eliot-search\eliot-search\bins\eliot-searchd\src\sealed_recovery.rs:429:
         if value.is_empty()
             || value.len() > 128
             || matches!(value, "." | "..")
[31m-            || !value.bytes().all(|byte| {
[0m[31m-                byte.is_ascii_alphanumeric() || matches!(byte, b'-' | b'_' | b'.')
[0m[31m-            })
[0m[32m+            || !value
[0m[32m+                .bytes()
[0m[32m+                .all(|byte| byte.is_ascii_alphanumeric() || matches!(byte, b'-' | b'_' | b'.'))
[0m         {
             return Err(SealedRecoveryError::TransactionFilenameInvalid);
         }
Diff in \\?\D:\a\eliot-search\eliot-search\bins\eliot-searchd\src\sealed_recovery.rs:442:
         file_name.starts_with(".transaction-")
             && file_name.ends_with(".tmp")
             && file_name.len() <= 256
[31m-            && file_name.bytes().all(|byte| {
[0m[31m-                byte.is_ascii_alphanumeric() || matches!(byte, b'-' | b'_' | b'.')
[0m[31m-            })
[0m[32m+            && file_name
[0m[32m+                .bytes()
[0m[32m+                .all(|byte| byte.is_ascii_alphanumeric() || matches!(byte, b'-' | b'_' | b'.'))
[0m     }
 
     fn validate_directory(path: &Path) -> Result<(), SealedRecoveryError> {
Diff in \\?\D:\a\eliot-search\eliot-search\bins\eliot-searchd\src\sealed_root_lock.rs:149:
             let metadata = file
                 .metadata()
                 .map_err(|_| SealedRootLockError::IoFailure)?;
[31m-            if !metadata.is_file()
[0m[31m-                || metadata.file_attributes() & FILE_ATTRIBUTE_REPARSE_POINT != 0
[0m[32m+            if !metadata.is_file() || metadata.file_attributes() & FILE_ATTRIBUTE_REPARSE_POINT != 0
[0m             {
                 return Err(SealedRootLockError::ReparsePointDenied);
             }
Diff in \\?\D:\a\eliot-search\eliot-search\bins\eliot-searchd\src\sealed_store.rs:284:
 }
 
 /// Opens and authenticates one sealed object.
[31m-pub fn open_sealed(
[0m[31m-    data_root: &Path,
[0m[31m-    object_id: &str,
[0m[31m-) -> Result<SensitiveBytes, SealedStoreError> {
[0m[32m+pub fn open_sealed(data_root: &Path, object_id: &str) -> Result<SensitiveBytes, SealedStoreError> {
[0m     platform::open_sealed(data_root, object_id)
 }
 
Diff in \\?\D:\a\eliot-search\eliot-search\bins\eliot-searchd\src\sealed_store.rs:294:
 /// Authenticates one sealed object without returning plaintext to the caller.
[31m-pub fn verify_sealed(
[0m[31m-    data_root: &Path,
[0m[31m-    object_id: &str,
[0m[31m-) -> Result<VerifyReceipt, SealedStoreError> {
[0m[32m+pub fn verify_sealed(data_root: &Path, object_id: &str) -> Result<VerifyReceipt, SealedStoreError> {
[0m     platform::verify_sealed(data_root, object_id)
 }
 
Diff in \\?\D:\a\eliot-search\eliot-search\bins\eliot-searchd\src\sealed_store.rs:302:
 /// Removes one sealed-object directory entry without claiming physical erasure.
[31m-pub fn delete_sealed(
[0m[31m-    data_root: &Path,
[0m[31m-    object_id: &str,
[0m[31m-) -> Result<DeleteReceipt, SealedStoreError> {
[0m[32m+pub fn delete_sealed(data_root: &Path, object_id: &str) -> Result<DeleteReceipt, SealedStoreError> {
[0m     platform::delete_sealed(data_root, object_id)
 }
 
Diff in \\?\D:\a\eliot-search\eliot-search\bins\eliot-searchd\src\sealed_store.rs:337:
 
 #[cfg(not(windows))]
 mod platform {
[31m-    use super::{
[0m[31m-        DeleteReceipt, SealReceipt, SealedStoreError, SensitiveBytes, VerifyReceipt,
[0m[31m-    };
[0m[32m+    use super::{DeleteReceipt, SealReceipt, SealedStoreError, SensitiveBytes, VerifyReceipt};
[0m     use std::path::Path;
 
     pub(super) fn seal_immutable(
Diff in \\?\D:\a\eliot-search\eliot-search\bins\eliot-searchd\src\sealed_store.rs:375:
 #[cfg(windows)]
 mod platform {
     use super::{
[31m-        DeleteReceipt, Envelope, FORMAT_VERSION, MAX_ENVELOPE_BYTES,
[0m[31m-        MAX_PLAINTEXT_BYTES, SealReceipt, SealedStoreError, SensitiveBytes,
[0m[31m-        VerifyReceipt, entropy_for, validate_object_id, wipe,
[0m[32m+        DeleteReceipt, Envelope, FORMAT_VERSION, MAX_ENVELOPE_BYTES, MAX_PLAINTEXT_BYTES,
[0m[32m+        SealReceipt, SealedStoreError, SensitiveBytes, VerifyReceipt, entropy_for,
[0m[32m+        validate_object_id, wipe,
[0m     };
     use core::ffi::c_void;
     use core::ptr::null_mut;
Diff in \\?\D:\a\eliot-search\eliot-search\bins\eliot-searchd\src\sealed_store.rs:540:
         if envelope.object_id != object_id {
             return Err(SealedStoreError::ObjectBindingMismatch);
         }
[31m-        let plaintext = SensitiveBytes::new(unprotect_current_user(
[0m[31m-            object_id,
[0m[31m-            &envelope.ciphertext,
[0m[31m-        )?)?;
[0m[32m+        let plaintext =
[0m[32m+            SensitiveBytes::new(unprotect_current_user(object_id, &envelope.ciphertext)?)?;
[0m         let plaintext_bytes =
             u64::try_from(plaintext.len()).map_err(|_| SealedStoreError::PlaintextTooLarge)?;
         if plaintext_bytes != envelope.plaintext_bytes {
Diff in \\?\D:\a\eliot-search\eliot-search\bins\eliot-searchd\src\sealed_store.rs:579:
         })
     }
 
[31m-    fn ensure_store_directory(
[0m[31m-        data_root: &Path,
[0m[31m-        create: bool,
[0m[31m-    ) -> Result<PathBuf, SealedStoreError> {
[0m[32m+    fn ensure_store_directory(data_root: &Path, create: bool) -> Result<PathBuf, SealedStoreError> {
[0m         validate_directory_non_reparse(data_root)?;
         let directory = data_root.join(STORE_DIRECTORY);
         if !directory.exists() {
Diff in \\?\D:\a\eliot-search\eliot-search\bins\eliot-searchd\src\sealed_store.rs:808:
 
     fn blob(bytes: &[u8]) -> Result<DataBlob, SealedStoreError> {
         Ok(DataBlob {
[31m-            cb_data: u32::try_from(bytes.len())
[0m[31m-                .map_err(|_| SealedStoreError::PlaintextTooLarge)?,
[0m[32m+            cb_data: u32::try_from(bytes.len()).map_err(|_| SealedStoreError::PlaintextTooLarge)?,
[0m             pb_data: if bytes.is_empty() {
                 null_mut()
             } else {
Diff in \\?\D:\a\eliot-search\eliot-search\bins\eliot-searchd\src\sealed_transaction.rs:178:
 #[cfg(not(windows))]
 mod platform {
     use super::{
[31m-        SealedTransactionError, SealedTransactionReceipt, SensitiveBytes,
[0m[31m-        TransactionStatus,
[0m[32m+        SealedTransactionError, SealedTransactionReceipt, SensitiveBytes, TransactionStatus,
[0m     };
     use std::path::Path;
 
Diff in \\?\D:\a\eliot-search\eliot-search\bins\eliot-searchd\src\sealed_transaction.rs:204:
 mod platform {
     use super::{
         PutDisposition, SealReceipt, SealedStoreError, SealedTransactionError,
[31m-        SealedTransactionReceipt, SensitiveBytes, TransactionStatus,
[0m[31m-        open_sealed, seal_immutable, validate_operation_id,
[0m[32m+        SealedTransactionReceipt, SensitiveBytes, TransactionStatus, open_sealed, seal_immutable,
[0m[32m+        validate_operation_id,
[0m     };
     use std::fs::{self, File, OpenOptions};
     use std::io::{self, Read, Write};
Diff in \\?\D:\a\eliot-search\eliot-search\bins\eliot-searchd\src\sealed_transaction.rs:320:
             plaintext_bytes: seal.plaintext_bytes,
             ciphertext_bytes: seal.ciphertext_bytes,
         };
[31m-        write_once(&directory, &receipt_path, encode_receipt(&receipt).as_bytes())?;
[0m[32m+        write_once(
[0m[32m+            &directory,
[0m[32m+            &receipt_path,
[0m[32m+            encode_receipt(&receipt).as_bytes(),
[0m[32m+        )?;
[0m         let receipt_readback = read_receipt(&receipt_path)?;
         if receipt_readback != receipt {
             return Err(SealedTransactionError::ReadbackMismatch);
Diff in \\?\D:\a\eliot-search\eliot-search\bins\eliot-searchd\src\sealed_transaction.rs:354:
         }
     }
 
[31m-    fn public_receipt(
[0m[31m-        receipt: Receipt,
[0m[31m-        disposition: PutDisposition,
[0m[31m-    ) -> SealedTransactionReceipt {
[0m[32m+    fn public_receipt(receipt: Receipt, disposition: PutDisposition) -> SealedTransactionReceipt {
[0m         SealedTransactionReceipt {
             operation_id: receipt.operation_id,
             object_id: receipt.object_id,
Diff in \\?\D:\a\eliot-search\eliot-search\bins\eliot-searchd\src\sealed_transaction.rs:506:
             return Err(SealedTransactionError::IoFailure);
         }
         let mut file = File::open(path).map_err(|_| SealedTransactionError::IoFailure)?;
[31m-        let before = file.metadata().map_err(|_| SealedTransactionError::IoFailure)?;
[0m[32m+        let before = file
[0m[32m+            .metadata()
[0m[32m+            .map_err(|_| SealedTransactionError::IoFailure)?;
[0m         let mut value = String::new();
         (&mut file)
             .take(u64::try_from(MAX_METADATA_BYTES + 1).unwrap_or(u64::MAX))
Diff in \\?\D:\a\eliot-search\eliot-search\bins\eliot-searchd\src\sealed_transaction.rs:515:
         if value.len() > MAX_METADATA_BYTES {
             return Err(SealedTransactionError::IoFailure);
         }
[31m-        let after = file.metadata().map_err(|_| SealedTransactionError::IoFailure)?;
[0m[32m+        let after = file
[0m[32m+            .metadata()
[0m[32m+            .map_err(|_| SealedTransactionError::IoFailure)?;
[0m         if before.len() != after.len()
             || before.last_write_time() != after.last_write_time()
             || before.file_index() != after.file_index()
Diff in \\?\D:\a\eliot-search\eliot-search\bins\eliot-searchd\src\sealed_transaction.rs:598:
             };
             if key.is_empty()
                 || field_value.is_empty()
[31m-                || fields.insert(key.to_owned(), field_value.to_owned()).is_some()
[0m[32m+                || fields
[0m[32m+                    .insert(key.to_owned(), field_value.to_owned())
[0m[32m+                    .is_some()
[0m             {
                 return Err(SealedTransactionError::ReadbackMismatch);
             }
Diff in \\?\D:\a\eliot-search\eliot-search\bins\eliot-searchd\src\sealed_transaction_guard.rs:8:
 use std::path::Path;
 
 use crate::sealed_store::{SensitiveBytes, verify_sealed};
[31m-use crate::sealed_transaction::{
[0m[31m-    SealedTransactionError, SealedTransactionReceipt, put_idempotent,
[0m[31m-};
[0m[32m+use crate::sealed_transaction::{SealedTransactionError, SealedTransactionReceipt, put_idempotent};
[0m 
 /// Executes an idempotent put and binds its terminal receipt to the exact
 /// authenticated sealed-object readback.
Diff in \\?\D:\a\eliot-search\eliot-search\bins\eliot-searchd\src\sealed_transaction_guard.rs:20:
     object_id: &str,
     plaintext: SensitiveBytes,
 ) -> Result<SealedTransactionReceipt, SealedTransactionError> {
[31m-    let receipt = put_idempotent(
[0m[31m-        data_root,
[0m[31m-        operation_id,
[0m[31m-        object_id,
[0m[31m-        plaintext,
[0m[31m-    )?;
[0m[32m+    let receipt = put_idempotent(data_root, operation_id, object_id, plaintext)?;
[0m     let observed = verify_sealed(data_root, object_id)?;
     if receipt.operation_id != operation_id
         || receipt.object_id != object_id
Diff in \\?\D:\a\eliot-search\eliot-search\bins\eliot-searchd\src\bin\eliot-search-sealed-store.rs:10:
 use std::process::ExitCode;
 
 use sealed_store::{
[31m-    MAX_PLAINTEXT_BYTES, SensitiveBytes, delete_sealed, open_sealed,
[0m[31m-    seal_immutable, verify_sealed,
[0m[32m+    MAX_PLAINTEXT_BYTES, SensitiveBytes, delete_sealed, open_sealed, seal_immutable, verify_sealed,
[0m };
 
 fn help() -> &'static str {
Diff in \\?\D:\a\eliot-search\eliot-search\bins\eliot-searchd\src\bin\eliot-search-sealed-store.rs:78:
             );
         }
         "get" => {
[31m-            let plaintext = open_sealed(root, object_id)
[0m[31m-                .map_err(|error| error.code().to_owned())?;
[0m[32m+            let plaintext =
[0m[32m+                open_sealed(root, object_id).map_err(|error| error.code().to_owned())?;
[0m             let mut output = io::stdout().lock();
             output
                 .write_all(plaintext.expose())
Diff in \\?\D:\a\eliot-search\eliot-search\bins\eliot-searchd\src\bin\eliot-search-sealed-store.rs:87:
                 .map_err(|_| "SEALED_STORE_STDOUT_WRITE_FAILED".to_owned())?;
         }
         "verify" => {
[31m-            let receipt = verify_sealed(root, object_id)
[0m[31m-                .map_err(|error| error.code().to_owned())?;
[0m[32m+            let receipt =
[0m[32m+                verify_sealed(root, object_id).map_err(|error| error.code().to_owned())?;
[0m             println!(
                 concat!(
                     "{{\"status\":\"VERIFIED\",\"object_id\":\"{}\",",
Diff in \\?\D:\a\eliot-search\eliot-search\bins\eliot-searchd\src\bin\eliot-search-sealed-store.rs:105:
             );
         }
         "delete" => {
[31m-            let receipt = delete_sealed(root, object_id)
[0m[31m-                .map_err(|error| error.code().to_owned())?;
[0m[32m+            let receipt =
[0m[32m+                delete_sealed(root, object_id).map_err(|error| error.code().to_owned())?;
[0m             println!(
                 concat!(
                     "{{\"status\":\"DELETED\",\"object_id\":\"{}\",",
Diff in \\?\D:\a\eliot-search\eliot-search\bins\eliot-searchd\src\sealed_store.rs:284:
 }
 
 /// Opens and authenticates one sealed object.
[31m-pub fn open_sealed(
[0m[31m-    data_root: &Path,
[0m[31m-    object_id: &str,
[0m[31m-) -> Result<SensitiveBytes, SealedStoreError> {
[0m[32m+pub fn open_sealed(data_root: &Path, object_id: &str) -> Result<SensitiveBytes, SealedStoreError> {
[0m     platform::open_sealed(data_root, object_id)
 }
 
Diff in \\?\D:\a\eliot-search\eliot-search\bins\eliot-searchd\src\sealed_store.rs:294:
 /// Authenticates one sealed object without returning plaintext to the caller.
[31m-pub fn verify_sealed(
[0m[31m-    data_root: &Path,
[0m[31m-    object_id: &str,
[0m[31m-) -> Result<VerifyReceipt, SealedStoreError> {
[0m[32m+pub fn verify_sealed(data_root: &Path, object_id: &str) -> Result<VerifyReceipt, SealedStoreError> {
[0m     platform::verify_sealed(data_root, object_id)
 }
 
Diff in \\?\D:\a\eliot-search\eliot-search\bins\eliot-searchd\src\sealed_store.rs:302:
 /// Removes one sealed-object directory entry without claiming physical erasure.
[31m-pub fn delete_sealed(
[0m[31m-    data_root: &Path,
[0m[31m-    object_id: &str,
[0m[31m-) -> Result<DeleteReceipt, SealedStoreError> {
[0m[32m+pub fn delete_sealed(data_root: &Path, object_id: &str) -> Result<DeleteReceipt, SealedStoreError> {
[0m     platform::delete_sealed(data_root, object_id)
 }
 
Diff in \\?\D:\a\eliot-search\eliot-search\bins\eliot-searchd\src\sealed_store.rs:337:
 
 #[cfg(not(windows))]
 mod platform {
[31m-    use super::{
[0m[31m-        DeleteReceipt, SealReceipt, SealedStoreError, SensitiveBytes, VerifyReceipt,
[0m[31m-    };
[0m[32m+    use super::{DeleteReceipt, SealReceipt, SealedStoreError, SensitiveBytes, VerifyReceipt};
[0m     use std::path::Path;
 
     pub(super) fn seal_immutable(
Diff in \\?\D:\a\eliot-search\eliot-search\bins\eliot-searchd\src\sealed_store.rs:375:
 #[cfg(windows)]
 mod platform {
     use super::{
[31m-        DeleteReceipt, Envelope, FORMAT_VERSION, MAX_ENVELOPE_BYTES,
[0m[31m-        MAX_PLAINTEXT_BYTES, SealReceipt, SealedStoreError, SensitiveBytes,
[0m[31m-        VerifyReceipt, entropy_for, validate_object_id, wipe,
[0m[32m+        DeleteReceipt, Envelope, FORMAT_VERSION, MAX_ENVELOPE_BYTES, MAX_PLAINTEXT_BYTES,
[0m[32m+        SealReceipt, SealedStoreError, SensitiveBytes, VerifyReceipt, entropy_for,
[0m[32m+        validate_object_id, wipe,
[0m     };
     use core::ffi::c_void;
     use core::ptr::null_mut;
Diff in \\?\D:\a\eliot-search\eliot-search\bins\eliot-searchd\src\sealed_store.rs:540:
         if envelope.object_id != object_id {
             return Err(SealedStoreError::ObjectBindingMismatch);
         }
[31m-        let plaintext = SensitiveBytes::new(unprotect_current_user(
[0m[31m-            object_id,
[0m[31m-            &envelope.ciphertext,
[0m[31m-        )?)?;
[0m[32m+        let plaintext =
[0m[32m+            SensitiveBytes::new(unprotect_current_user(object_id, &envelope.ciphertext)?)?;
[0m         let plaintext_bytes =
             u64::try_from(plaintext.len()).map_err(|_| SealedStoreError::PlaintextTooLarge)?;
         if plaintext_bytes != envelope.plaintext_bytes {
Diff in \\?\D:\a\eliot-search\eliot-search\bins\eliot-searchd\src\sealed_store.rs:579:
         })
     }
 
[31m-    fn ensure_store_directory(
[0m[31m-        data_root: &Path,
[0m[31m-        create: bool,
[0m[31m-    ) -> Result<PathBuf, SealedStoreError> {
[0m[32m+    fn ensure_store_directory(data_root: &Path, create: bool) -> Result<PathBuf, SealedStoreError> {
[0m         validate_directory_non_reparse(data_root)?;
         let directory = data_root.join(STORE_DIRECTORY);
         if !directory.exists() {
Diff in \\?\D:\a\eliot-search\eliot-search\bins\eliot-searchd\src\sealed_store.rs:808:
 
     fn blob(bytes: &[u8]) -> Result<DataBlob, SealedStoreError> {
         Ok(DataBlob {
[31m-            cb_data: u32::try_from(bytes.len())
[0m[31m-                .map_err(|_| SealedStoreError::PlaintextTooLarge)?,
[0m[32m+            cb_data: u32::try_from(bytes.len()).map_err(|_| SealedStoreError::PlaintextTooLarge)?,
[0m             pb_data: if bytes.is_empty() {
                 null_mut()
             } else {
Diff in \\?\D:\a\eliot-search\eliot-search\bins\eliot-searchd\src\sealed_store.rs:284:
 }
 
 /// Opens and authenticates one sealed object.
[31m-pub fn open_sealed(
[0m[31m-    data_root: &Path,
[0m[31m-    object_id: &str,
[0m[31m-) -> Result<SensitiveBytes, SealedStoreError> {
[0m[32m+pub fn open_sealed(data_root: &Path, object_id: &str) -> Result<SensitiveBytes, SealedStoreError> {
[0m     platform::open_sealed(data_root, object_id)
 }
 
Diff in \\?\D:\a\eliot-search\eliot-search\bins\eliot-searchd\src\sealed_store.rs:294:
 /// Authenticates one sealed object without returning plaintext to the caller.
[31m-pub fn verify_sealed(
[0m[31m-    data_root: &Path,
[0m[31m-    object_id: &str,
[0m[31m-) -> Result<VerifyReceipt, SealedStoreError> {
[0m[32m+pub fn verify_sealed(data_root: &Path, object_id: &str) -> Result<VerifyReceipt, SealedStoreError> {
[0m     platform::verify_sealed(data_root, object_id)
 }
 
Diff in \\?\D:\a\eliot-search\eliot-search\bins\eliot-searchd\src\sealed_store.rs:302:
 /// Removes one sealed-object directory entry without claiming physical erasure.
[31m-pub fn delete_sealed(
[0m[31m-    data_root: &Path,
[0m[31m-    object_id: &str,
[0m[31m-) -> Result<DeleteReceipt, SealedStoreError> {
[0m[32m+pub fn delete_sealed(data_root: &Path, object_id: &str) -> Result<DeleteReceipt, SealedStoreError> {
[0m     platform::delete_sealed(data_root, object_id)
 }
 
Diff in \\?\D:\a\eliot-search\eliot-search\bins\eliot-searchd\src\sealed_store.rs:337:
 
 #[cfg(not(windows))]
 mod platform {
[31m-    use super::{
[0m[31m-        DeleteReceipt, SealReceipt, SealedStoreError, SensitiveBytes, VerifyReceipt,
[0m[31m-    };
[0m[32m+    use super::{DeleteReceipt, SealReceipt, SealedStoreError, SensitiveBytes, VerifyReceipt};
[0m     use std::path::Path;
 
     pub(super) fn seal_immutable(
Diff in \\?\D:\a\eliot-search\eliot-search\bins\eliot-searchd\src\sealed_store.rs:375:
 #[cfg(windows)]
 mod platform {
     use super::{
[31m-        DeleteReceipt, Envelope, FORMAT_VERSION, MAX_ENVELOPE_BYTES,
[0m[31m-        MAX_PLAINTEXT_BYTES, SealReceipt, SealedStoreError, SensitiveBytes,
[0m[31m-        VerifyReceipt, entropy_for, validate_object_id, wipe,
[0m[32m+        DeleteReceipt, Envelope, FORMAT_VERSION, MAX_ENVELOPE_BYTES, MAX_PLAINTEXT_BYTES,
[0m[32m+        SealReceipt, SealedStoreError, SensitiveBytes, VerifyReceipt, entropy_for,
[0m[32m+        validate_object_id, wipe,
[0m     };
     use core::ffi::c_void;
     use core::ptr::null_mut;
Diff in \\?\D:\a\eliot-search\eliot-search\bins\eliot-searchd\src\sealed_store.rs:540:
         if envelope.object_id != object_id {
             return Err(SealedStoreError::ObjectBindingMismatch);
         }
[31m-        let plaintext = SensitiveBytes::new(unprotect_current_user(
[0m[31m-            object_id,
[0m[31m-            &envelope.ciphertext,
[0m[31m-        )?)?;
[0m[32m+        let plaintext =
[0m[32m+            SensitiveBytes::new(unprotect_current_user(object_id, &envelope.ciphertext)?)?;
[0m         let plaintext_bytes =
             u64::try_from(plaintext.len()).map_err(|_| SealedStoreError::PlaintextTooLarge)?;
         if plaintext_bytes != envelope.plaintext_bytes {
Diff in \\?\D:\a\eliot-search\eliot-search\bins\eliot-searchd\src\sealed_store.rs:579:
         })
     }
 
[31m-    fn ensure_store_directory(
[0m[31m-        data_root: &Path,
[0m[31m-        create: bool,
[0m[31m-    ) -> Result<PathBuf, SealedStoreError> {
[0m[32m+    fn ensure_store_directory(data_root: &Path, create: bool) -> Result<PathBuf, SealedStoreError> {
[0m         validate_directory_non_reparse(data_root)?;
         let directory = data_root.join(STORE_DIRECTORY);
         if !directory.exists() {
Diff in \\?\D:\a\eliot-search\eliot-search\bins\eliot-searchd\src\sealed_store.rs:808:
 
     fn blob(bytes: &[u8]) -> Result<DataBlob, SealedStoreError> {
         Ok(DataBlob {
[31m-            cb_data: u32::try_from(bytes.len())
[0m[31m-                .map_err(|_| SealedStoreError::PlaintextTooLarge)?,
[0m[32m+            cb_data: u32::try_from(bytes.len()).map_err(|_| SealedStoreError::PlaintextTooLarge)?,
[0m             pb_data: if bytes.is_empty() {
                 null_mut()
             } else {
Diff in \\?\D:\a\eliot-search\eliot-search\bins\eliot-searchd\src\sealed_transaction.rs:178:
 #[cfg(not(windows))]
 mod platform {
     use super::{
[31m-        SealedTransactionError, SealedTransactionReceipt, SensitiveBytes,
[0m[31m-        TransactionStatus,
[0m[32m+        SealedTransactionError, SealedTransactionReceipt, SensitiveBytes, TransactionStatus,
[0m     };
     use std::path::Path;
 
Diff in \\?\D:\a\eliot-search\eliot-search\bins\eliot-searchd\src\sealed_transaction.rs:204:
 mod platform {
     use super::{
         PutDisposition, SealReceipt, SealedStoreError, SealedTransactionError,
[31m-        SealedTransactionReceipt, SensitiveBytes, TransactionStatus,
[0m[31m-        open_sealed, seal_immutable, validate_operation_id,
[0m[32m+        SealedTransactionReceipt, SensitiveBytes, TransactionStatus, open_sealed, seal_immutable,
[0m[32m+        validate_operation_id,
[0m     };
     use std::fs::{self, File, OpenOptions};
     use std::io::{self, Read, Write};
Diff in \\?\D:\a\eliot-search\eliot-search\bins\eliot-searchd\src\sealed_transaction.rs:320:
             plaintext_bytes: seal.plaintext_bytes,
             ciphertext_bytes: seal.ciphertext_bytes,
         };
[31m-        write_once(&directory, &receipt_path, encode_receipt(&receipt).as_bytes())?;
[0m[32m+        write_once(
[0m[32m+            &directory,
[0m[32m+            &receipt_path,
[0m[32m+            encode_receipt(&receipt).as_bytes(),
[0m[32m+        )?;
[0m         let receipt_readback = read_receipt(&receipt_path)?;
         if receipt_readback != receipt {
             return Err(SealedTransactionError::ReadbackMismatch);
Diff in \\?\D:\a\eliot-search\eliot-search\bins\eliot-searchd\src\sealed_transaction.rs:354:
         }
     }
 
[31m-    fn public_receipt(
[0m[31m-        receipt: Receipt,
[0m[31m-        disposition: PutDisposition,
[0m[31m-    ) -> SealedTransactionReceipt {
[0m[32m+    fn public_receipt(receipt: Receipt, disposition: PutDisposition) -> SealedTransactionReceipt {
[0m         SealedTransactionReceipt {
             operation_id: receipt.operation_id,
             object_id: receipt.object_id,
Diff in \\?\D:\a\eliot-search\eliot-search\bins\eliot-searchd\src\sealed_transaction.rs:506:
             return Err(SealedTransactionError::IoFailure);
         }
         let mut file = File::open(path).map_err(|_| SealedTransactionError::IoFailure)?;
[31m-        let before = file.metadata().map_err(|_| SealedTransactionError::IoFailure)?;
[0m[32m+        let before = file
[0m[32m+            .metadata()
[0m[32m+            .map_err(|_| SealedTransactionError::IoFailure)?;
[0m         let mut value = String::new();
         (&mut file)
             .take(u64::try_from(MAX_METADATA_BYTES + 1).unwrap_or(u64::MAX))
Diff in \\?\D:\a\eliot-search\eliot-search\bins\eliot-searchd\src\sealed_transaction.rs:515:
         if value.len() > MAX_METADATA_BYTES {
             return Err(SealedTransactionError::IoFailure);
         }
[31m-        let after = file.metadata().map_err(|_| SealedTransactionError::IoFailure)?;
[0m[32m+        let after = file
[0m[32m+            .metadata()
[0m[32m+            .map_err(|_| SealedTransactionError::IoFailure)?;
[0m         if before.len() != after.len()
             || before.last_write_time() != after.last_write_time()
             || before.file_index() != after.file_index()
Diff in \\?\D:\a\eliot-search\eliot-search\bins\eliot-searchd\src\sealed_transaction.rs:598:
             };
             if key.is_empty()
                 || field_value.is_empty()
[31m-                || fields.insert(key.to_owned(), field_value.to_owned()).is_some()
[0m[32m+                || fields
[0m[32m+                    .insert(key.to_owned(), field_value.to_owned())
[0m[32m+                    .is_some()
[0m             {
                 return Err(SealedTransactionError::ReadbackMismatch);
             }
Diff in \\?\D:\a\eliot-search\eliot-search\bins\eliot-searchd\src\app.rs:5:
 use std::process::ExitCode;
 
 use crate::development::{
[31m-    DataRootGuard, Health, ScanResult, read_file_bounded, read_stdin_bounded,
[0m[31m-    scan_text,
[0m[32m+    DataRootGuard, Health, ScanResult, read_file_bounded, read_stdin_bounded, scan_text,
[0m };
 use crate::direct_store::{DirectStore, IndexedSource, StoreSearchResult};
 use crate::maintenance::{collect_orphan_revisions, repair_control_log};
Diff in \\?\D:\a\eliot-search\eliot-search\bins\eliot-searchd\src\app.rs:120:
             Ok(Command::Health) => write_response(&mut output, &health.json())?,
             Ok(Command::Version) => write_response(&mut output, &version_json())?,
             Ok(Command::Shutdown) => {
[31m-                write_response(
[0m[31m-                    &mut output,
[0m[31m-                    "{\"status\":\"draining\",\"accepted\":true}",
[0m[31m-                )?;
[0m[31m-                write_response(
[0m[31m-                    &mut output,
[0m[31m-                    "{\"status\":\"stopped\",\"clean\":true}",
[0m[31m-                )?;
[0m[32m+                write_response(&mut output, "{\"status\":\"draining\",\"accepted\":true}")?;
[0m[32m+                write_response(&mut output, "{\"status\":\"stopped\",\"clean\":true}")?;
[0m                 return Ok(());
             }
[31m-            Err(code) => write_response(
[0m[31m-                &mut output,
[0m[31m-                &format!("{{\"error\":\"{code}\"}}"),
[0m[31m-            )?,
[0m[32m+            Err(code) => write_response(&mut output, &format!("{{\"error\":\"{code}\"}}"))?,
[0m         }
     }
     Ok(())
Diff in \\?\D:\a\eliot-search\eliot-search\bins\eliot-searchd\src\app.rs:248:
             "\"active_sources\":{},\"source_backed\":true,",
             "\"durable_revision\":true,\"encrypted_at_rest\":false}}"
         ),
[31m-        namespace_id,
[0m[31m-        result.registered_sources,
[0m[31m-        result.active_sources,
[0m[32m+        namespace_id, result.registered_sources, result.active_sources,
[0m     );
     for gap in &result.gaps {
         println!(
Diff in \\?\D:\a\eliot-search\eliot-search\bins\eliot-searchd\src\app.rs:300:
 }
 
 fn parse_u64(value: &str, name: &str) -> Result<u64, String> {
[31m-    value
[0m[31m-        .parse::<u64>()
[0m[31m-        .map_err(|_| format!("INVALID_{name}"))
[0m[32m+    value.parse::<u64>().map_err(|_| format!("INVALID_{name}"))
[0m }
 
 fn self_test() -> Result<(), &'static str> {
Diff in \\?\D:\a\eliot-search\eliot-search\bins\eliot-searchd\src\app.rs:316:
     if !health.contains("\"source_backed_search_available\":false") {
         return Err("HEALTH_TRUTHFULNESS_FAILED");
     }
[31m-    let result = scan_text("alpha\nbeta alpha", "alpha", false)
[0m[31m-        .map_err(|_| "SCAN_FAILED")?;
[0m[32m+    let result = scan_text("alpha\nbeta alpha", "alpha", false).map_err(|_| "SCAN_FAILED")?;
[0m     if result.matches.len() != 2 || result.matches[1].line != 1 {
         return Err("SCAN_COORDINATE_FAILED");
     }
Diff in \\?\D:\a\eliot-search\eliot-search\bins\eliot-searchd\src\app.rs:377:
         "--self-test" => {
             require_argument_count(&arguments, 1)?;
             self_test().map_err(str::to_owned)?;
[31m-            println!(
[0m[31m-                concat!(
[0m[31m-                    "{\"status\":\"ok\",\"component\":\"eliot-searchd\",",
[0m[31m-                    "\"development_stdin_scan_available\":true,",
[0m[31m-                    "\"development_file_scan_available\":true,",
[0m[31m-                    "\"persistent_direct_store_available\":true}"
[0m[31m-                )
[0m[31m-            );
[0m[32m+            println!(concat!(
[0m[32m+                "{\"status\":\"ok\",\"component\":\"eliot-searchd\",",
[0m[32m+                "\"development_stdin_scan_available\":true,",
[0m[32m+                "\"development_file_scan_available\":true,",
[0m[32m+                "\"persistent_direct_store_available\":true}"
[0m[32m+            ));
[0m         }
         "--stdio" => {
             require_argument_count(&arguments, 1)?;
Diff in \\?\D:\a\eliot-search\eliot-search\bins\eliot-searchd\src\app.rs:391:
[31m-            serve_stdio(Health::SHELL)
[0m[31m-                .map_err(|error| format!("STDIO_ERROR:{error}"))?;
[0m[32m+            serve_stdio(Health::SHELL).map_err(|error| format!("STDIO_ERROR:{error}"))?;
[0m         }
         "--serve-data-root" => {
             require_argument_count(&arguments, 2)?;
Diff in \\?\D:\a\eliot-search\eliot-search\bins\eliot-searchd\src\app.rs:399:
                 "{{\"event\":\"data_root_ready\",\"namespace_id\":\"{}\",\"encrypted_at_rest\":false}}",
                 store.namespace_id(),
             );
[31m-            serve_stdio(Health::DIRECT_STORE)
[0m[31m-                .map_err(|error| format!("STDIO_ERROR:{error}"))?;
[0m[32m+            serve_stdio(Health::DIRECT_STORE).map_err(|error| format!("STDIO_ERROR:{error}"))?;
[0m             drop(store);
             drop(guard);
         }
Diff in \\?\D:\a\eliot-search\eliot-search\bins\eliot-searchd\src\app.rs:455:
         "--search-root" | "--search-root-ascii-insensitive" => {
             require_argument_count(&arguments, 3)?;
             let (_guard, store) = open_direct_store(Path::new(&arguments[1]))?;
[31m-            let result = store.search(
[0m[31m-                &arguments[2],
[0m[31m-                argument == "--search-root-ascii-insensitive",
[0m[31m-            )?;
[0m[32m+            let result =
[0m[32m+                store.search(&arguments[2], argument == "--search-root-ascii-insensitive")?;
[0m             emit_store_search(&store.namespace_id(), &result);
         }
         "--list-sources" => {
Diff in \\?\D:\a\eliot-search\eliot-search\bins\eliot-searchd\src\authenticated_proxy.rs:20:
 /// Intercepts `--serve-loopback-data-root ROOT PORT TOKEN_FILE`.
 pub(crate) fn maybe_run() -> Option<ExitCode> {
     let arguments = env::args_os().skip(1).collect::<Vec<_>>();
[31m-    if arguments.first().and_then(|value| value.to_str())
[0m[31m-        != Some("--serve-loopback-data-root")
[0m[31m-    {
[0m[32m+    if arguments.first().and_then(|value| value.to_str()) != Some("--serve-loopback-data-root") {
[0m         return None;
     }
     let result = match arguments.as_slice() {
Diff in \\?\D:\a\eliot-search\eliot-search\bins\eliot-searchd\src\authenticated_proxy.rs:49:
 
 fn run_proxy(root: &Path, port: u16, token_file: &Path) -> Result<(), String> {
     let mut child = DirectChild::spawn(root)?;
[31m-    println!(
[0m[31m-        concat!(
[0m[31m-            "{{\"event\":\"direct_child_ready\",",
[0m[31m-            "\"runtime_owner_ready\":true,",
[0m[31m-            "\"source_backed_search_available\":true}}"
[0m[31m-        )
[0m[31m-    );
[0m[32m+    println!(concat!(
[0m[32m+        "{{\"event\":\"direct_child_ready\",",
[0m[32m+        "\"runtime_owner_ready\":true,",
[0m[32m+        "\"source_backed_search_available\":true}}"
[0m[32m+    ));
[0m 
     let endpoint_result = endpoint::serve_loopback(port, token_file, |command, stream| {
         child.dispatch(command, stream)
Diff in \\?\D:\a\eliot-search\eliot-search\bins\eliot-searchd\src\authenticated_proxy.rs:77:
 
 impl DirectChild {
     fn spawn(root: &Path) -> Result<Self, String> {
[31m-        let executable = env::current_exe()
[0m[31m-            .map_err(|error| format!("LOOPBACK_CURRENT_EXE_ERROR:{error}"))?;
[0m[32m+        let executable =
[0m[32m+            env::current_exe().map_err(|error| format!("LOOPBACK_CURRENT_EXE_ERROR:{error}"))?;
[0m         let mut child = Command::new(executable)
             .arg("--serve-data-root")
             .arg(root)
Diff in \\?\D:\a\eliot-search\eliot-search\bins\eliot-searchd\src\authenticated_proxy.rs:161:
 
     fn read_line(&mut self) -> Result<Option<String>, String> {
         let mut bytes = Vec::new();
[31m-        let mut limited = self.output.by_ref().take(
[0m[31m-            u64::try_from(MAX_CHILD_LINE_BYTES.saturating_add(1)).unwrap_or(u64::MAX),
[0m[31m-        );
[0m[32m+        let mut limited = self
[0m[32m+            .output
[0m[32m+            .by_ref()
[0m[32m+            .take(u64::try_from(MAX_CHILD_LINE_BYTES.saturating_add(1)).unwrap_or(u64::MAX));
[0m         let read = limited
             .read_until(b'\n', &mut bytes)
             .map_err(|error| format!("LOOPBACK_DIRECT_CHILD_READ_ERROR:{error}"))?;
Diff in \\?\D:\a\eliot-search\eliot-search\bins\eliot-searchd\src\authenticated_proxy.rs:248:
     fn reached(self, line: &str) -> bool {
         match self {
             Self::Single => true,
[31m-            Self::DirectoryIndex => {
[0m[31m-                line.contains("\"event\":\"directory_index_complete\"")
[0m[31m-            }
[0m[31m-            Self::StreamingSearch => {
[0m[31m-                line.contains("\"event\":\"corpus_search_complete\"")
[0m[31m-            }
[0m[32m+            Self::DirectoryIndex => line.contains("\"event\":\"directory_index_complete\""),
[0m[32m+            Self::StreamingSearch => line.contains("\"event\":\"corpus_search_complete\""),
[0m             Self::SearchPage => line.contains("\"event\":\"search_page_complete\""),
             Self::SourceList => line.contains("\"event\":\"source_list_complete\""),
             Self::Shutdown => line.contains("\"event\":\"data_root_stopped\""),
Diff in \\?\D:\a\eliot-search\eliot-search\bins\eliot-searchd\src\continuation.rs:206:
             coverage: coverage.clone(),
             expires_at,
         };
[31m-        self.retained_matches = self
[0m[31m-            .retained_matches
[0m[31m-            .saturating_add(record.matches.len());
[0m[32m+        self.retained_matches = self.retained_matches.saturating_add(record.matches.len());
[0m         self.records.insert(token.clone(), record);
         Ok(SearchPage {
             matches: page_matches,
Diff in \\?\D:\a\eliot-search\eliot-search\bins\eliot-searchd\src\continuation.rs:218:
             page_end,
             exhausted: false,
             continuation_token: Some(token),
[31m-            expires_in_ms: Some(
[0m[31m-                u64::try_from(CONTINUATION_TTL.as_millis()).unwrap_or(u64::MAX),
[0m[31m-            ),
[0m[32m+            expires_in_ms: Some(u64::try_from(CONTINUATION_TTL.as_millis()).unwrap_or(u64::MAX)),
[0m         })
     }
 
Diff in \\?\D:\a\eliot-search\eliot-search\bins\eliot-searchd\src\continuation.rs:259:
             Some(u64::try_from(remaining.as_millis()).unwrap_or(u64::MAX))
         };
         if !exhausted {
[31m-            self.retained_matches = self
[0m[31m-                .retained_matches
[0m[31m-                .saturating_add(record.matches.len());
[0m[32m+            self.retained_matches = self.retained_matches.saturating_add(record.matches.len());
[0m             self.records.insert(token.to_owned(), record.clone());
         }
         Ok(SearchPage {
Diff in \\?\D:\a\eliot-search\eliot-search\bins\eliot-searchd\src\continuation.rs:339:
 }
 
 fn append(output: &mut Vec<u8>, value: &[u8]) {
[31m-    output.extend_from_slice(
[0m[31m-        &u64::try_from(value.len())
[0m[31m-            .unwrap_or(u64::MAX)
[0m[31m-            .to_be_bytes(),
[0m[31m-    );
[0m[32m+    output.extend_from_slice(&u64::try_from(value.len()).unwrap_or(u64::MAX).to_be_bytes());
[0m     output.extend_from_slice(value);
 }
 
Diff in \\?\D:\a\eliot-search\eliot-search\bins\eliot-searchd\src\development.rs:263:
 /// Reads one regular non-link file through the same open handle before and
 /// after identity verification.
 pub(crate) fn read_file_bounded(path: &Path) -> Result<String, String> {
[31m-    let link_metadata = fs::symlink_metadata(path)
[0m[31m-        .map_err(|error| format!("SCAN_FILE_OPEN_ERROR:{error}"))?;
[0m[32m+    let link_metadata =
[0m[32m+        fs::symlink_metadata(path).map_err(|error| format!("SCAN_FILE_OPEN_ERROR:{error}"))?;
[0m     if link_metadata.file_type().is_symlink() || is_reparse(&link_metadata) {
         return Err("SCAN_FILE_LINK_DENIED".to_owned());
     }
Diff in \\?\D:\a\eliot-search\eliot-search\bins\eliot-searchd\src\development.rs:272:
         return Err("SCAN_FILE_NOT_REGULAR".to_owned());
     }
 
[31m-    let mut file = File::open(path)
[0m[31m-        .map_err(|error| format!("SCAN_FILE_OPEN_ERROR:{error}"))?;
[0m[32m+    let mut file = File::open(path).map_err(|error| format!("SCAN_FILE_OPEN_ERROR:{error}"))?;
[0m     let before = observe_file(&file)?;
     if before.length > u64::try_from(MAX_SCAN_INPUT_BYTES).unwrap_or(u64::MAX) {
         return Err("SCAN_INPUT_TOO_LARGE".to_owned());
Diff in \\?\D:\a\eliot-search\eliot-search\bins\eliot-searchd\src\development.rs:280:
     }
     let mut bytes = Vec::with_capacity(
[31m-        usize::try_from(before.length)
[0m[31m-            .map_err(|_| "SCAN_INPUT_TOO_LARGE".to_owned())?,
[0m[32m+        usize::try_from(before.length).map_err(|_| "SCAN_INPUT_TOO_LARGE".to_owned())?,
[0m     );
     (&mut file)
         .take(u64::try_from(MAX_SCAN_INPUT_BYTES + 1).unwrap_or(u64::MAX))
Diff in \\?\D:\a\eliot-search\eliot-search\bins\eliot-searchd\src\development.rs:290:
         return Err("SCAN_INPUT_TOO_LARGE".to_owned());
     }
     let after = observe_file(&file)?;
[31m-    if before != after
[0m[31m-        || bytes.len() != usize::try_from(before.length).unwrap_or(usize::MAX)
[0m[31m-    {
[0m[32m+    if before != after || bytes.len() != usize::try_from(before.length).unwrap_or(usize::MAX) {
[0m         return Err("SCAN_FILE_CHANGED_DURING_READ".to_owned());
     }
     String::from_utf8(bytes).map_err(|_| "SCAN_INPUT_INVALID_UTF8".to_owned())
Diff in \\?\D:\a\eliot-search\eliot-search\bins\eliot-searchd\src\development.rs:307:
 impl DataRootGuard {
     /// Acquires the OS file lock and writes an exact active-owner observation.
     pub(crate) fn acquire(path: &Path) -> Result<Self, String> {
[31m-        let metadata = fs::symlink_metadata(path)
[0m[31m-            .map_err(|error| format!("DATA_ROOT_OPEN_ERROR:{error}"))?;
[0m[32m+        let metadata =
[0m[32m+            fs::symlink_metadata(path).map_err(|error| format!("DATA_ROOT_OPEN_ERROR:{error}"))?;
[0m         if metadata.file_type().is_symlink() || is_reparse(&metadata) {
             return Err("DATA_ROOT_LINK_DENIED".to_owned());
         }
Diff in \\?\D:\a\eliot-search\eliot-search\bins\eliot-searchd\src\direct_store.rs:112:
     }
 
     fn line(&self) -> String {
[31m-        format!("{}\t{}\n", self.canonical_without_digest(), self.record_digest)
[0m[32m+        format!(
[0m[32m+            "{}\t{}\n",
[0m[32m+            self.canonical_without_digest(),
[0m[32m+            self.record_digest
[0m[32m+        )
[0m     }
 }
 
Diff in \\?\D:\a\eliot-search\eliot-search\bins\eliot-searchd\src\direct_store.rs:283:
         }
         ensure_directory(&canonical_directory)?;
         let mut paths = Vec::new();
[31m-        collect_regular_files(
[0m[31m-            &canonical_directory,
[0m[31m-            &self.root,
[0m[31m-            0,
[0m[31m-            &mut paths,
[0m[31m-        )?;
[0m[32m+        collect_regular_files(&canonical_directory, &self.root, 0, &mut paths)?;
[0m         paths.sort_by_key(|path| path_identity_bytes(path));
         self.index_paths(paths)
     }
Diff in \\?\D:\a\eliot-search\eliot-search\bins\eliot-searchd\src\direct_store.rs:324:
             path_digest: existing.path_digest,
             identity_strength: existing.identity_strength,
         };
[31m-        let record = self.append_drafts(vec![draft])?
[0m[32m+        let record = self
[0m[32m+            .append_drafts(vec![draft])?
[0m             .pop()
             .ok_or_else(|| "DIRECT_RETIRE_EMPTY_RESULT".to_owned())?;
         Ok(summary(&record))
Diff in \\?\D:\a\eliot-search\eliot-search\bins\eliot-searchd\src\direct_store.rs:465:
         let mut verified_revisions = 0_usize;
         let mut total_revision_bytes = 0_u64;
         for record in reloaded.revisions.values() {
[31m-            let bytes = self
[0m[31m-                .read_verified_revision(record)
[0m[31m-                .map_err(str::to_owned)?;
[0m[32m+            let bytes = self.read_verified_revision(record).map_err(str::to_owned)?;
[0m             total_revision_bytes = total_revision_bytes
                 .checked_add(
                     u64::try_from(bytes.len())
Diff in \\?\D:\a\eliot-search\eliot-search\bins\eliot-searchd\src\direct_store.rs:510:
         if length > u64::try_from(MAX_READ_RANGE_BYTES).unwrap_or(u64::MAX) {
             return Err("DIRECT_REVISION_RANGE_TOO_LARGE".to_owned());
         }
[31m-        let bytes = self
[0m[31m-            .read_verified_revision(record)
[0m[31m-            .map_err(str::to_owned)?;
[0m[31m-        let start = usize::try_from(byte_start)
[0m[31m-            .map_err(|_| "DIRECT_REVISION_RANGE_INVALID".to_owned())?;
[0m[31m-        let end = usize::try_from(byte_end)
[0m[31m-            .map_err(|_| "DIRECT_REVISION_RANGE_INVALID".to_owned())?;
[0m[32m+        let bytes = self.read_verified_revision(record).map_err(str::to_owned)?;
[0m[32m+        let start =
[0m[32m+            usize::try_from(byte_start).map_err(|_| "DIRECT_REVISION_RANGE_INVALID".to_owned())?;
[0m[32m+        let end =
[0m[32m+            usize::try_from(byte_end).map_err(|_| "DIRECT_REVISION_RANGE_INVALID".to_owned())?;
[0m         Ok(RevisionSlice {
             revision_id: record.revision_id.clone(),
             content_digest: record.content_digest.clone(),
Diff in \\?\D:\a\eliot-search\eliot-search\bins\eliot-searchd\src\direct_store.rs:630:
         bytes: &[u8],
     ) -> Result<(), String> {
         validate_digest_text(revision_id, "DIRECT_REVISION_ID_INVALID")?;
[31m-        validate_digest_text(
[0m[31m-            expected_content_digest,
[0m[31m-            "DIRECT_CONTENT_DIGEST_INVALID",
[0m[31m-        )?;
[0m[31m-        let shard = self
[0m[31m-            .root
[0m[31m-            .join(REVISION_DIRECTORY)
[0m[31m-            .join(&revision_id[..2]);
[0m[32m+        validate_digest_text(expected_content_digest, "DIRECT_CONTENT_DIGEST_INVALID")?;
[0m[32m+        let shard = self.root.join(REVISION_DIRECTORY).join(&revision_id[..2]);
[0m         ensure_child_directory(&shard)?;
         let path = shard.join(format!("{revision_id}.bin"));
         if path.exists() {
Diff in \\?\D:\a\eliot-search\eliot-search\bins\eliot-searchd\src\direct_store.rs:645:
             return Ok(());
         }
 
[31m-        let temporary = shard.join(format!(
[0m[31m-            ".{revision_id}.{}.tmp",
[0m[31m-            std::process::id()
[0m[31m-        ));
[0m[32m+        let temporary = shard.join(format!(".{revision_id}.{}.tmp", std::process::id()));
[0m         let mut file = OpenOptions::new()
             .create_new(true)
             .write(true)
Diff in \\?\D:\a\eliot-search\eliot-search\bins\eliot-searchd\src\direct_store.rs:679:
         if drafts.is_empty() {
             return Ok(Vec::new());
         }
[31m-        if self
[0m[31m-            .registry
[0m[31m-            .event_count
[0m[31m-            .saturating_add(drafts.len())
[0m[31m-            > MAX_SOURCE_EVENTS
[0m[31m-        {
[0m[32m+        if self.registry.event_count.saturating_add(drafts.len()) > MAX_SOURCE_EVENTS {
[0m             return Err("DIRECT_SOURCE_EVENT_LIMIT_EXCEEDED".to_owned());
         }
         let mut sequence = self.registry.last_sequence;
Diff in \\?\D:\a\eliot-search\eliot-search\bins\eliot-searchd\src\direct_store.rs:774:
     fn read_verified_revision(&self, record: &SourceRecord) -> Result<Vec<u8>, &'static str> {
         let path = revision_path(&self.root, &record.revision_id)
             .map_err(|_| "DIRECT_REVISION_ID_INVALID")?;
[31m-        let metadata = fs::symlink_metadata(&path)
[0m[31m-            .map_err(|_| "DIRECT_REVISION_MISSING")?;
[0m[32m+        let metadata = fs::symlink_metadata(&path).map_err(|_| "DIRECT_REVISION_MISSING")?;
[0m         if metadata.file_type().is_symlink() || is_reparse(&metadata) || !metadata.is_file() {
             return Err("DIRECT_REVISION_OBJECT_INVALID");
         }
Diff in \\?\D:\a\eliot-search\eliot-search\bins\eliot-searchd\src\direct_store.rs:786:
         }
         let mut file = File::open(&path).map_err(|_| "DIRECT_REVISION_OPEN_FAILED")?;
         let mut bytes = Vec::with_capacity(
[31m-            usize::try_from(record.byte_length)
[0m[31m-                .map_err(|_| "DIRECT_REVISION_LENGTH_MISMATCH")?,
[0m[32m+            usize::try_from(record.byte_length).map_err(|_| "DIRECT_REVISION_LENGTH_MISMATCH")?,
[0m         );
         (&mut file)
             .take(u64::try_from(MAX_SCAN_INPUT_BYTES + 1).unwrap_or(u64::MAX))
Diff in \\?\D:\a\eliot-search\eliot-search\bins\eliot-searchd\src\direct_store.rs:888:
 
 fn load_registry(path: &Path) -> Result<RegistryState, String> {
     ensure_regular_file(path)?;
[31m-    let metadata = fs::metadata(path)
[0m[31m-        .map_err(|error| format!("DIRECT_CONTROL_LOG_METADATA_ERROR:{error}"))?;
[0m[32m+    let metadata =
[0m[32m+        fs::metadata(path).map_err(|error| format!("DIRECT_CONTROL_LOG_METADATA_ERROR:{error}"))?;
[0m     if metadata.len() > MAX_LOG_BYTES {
         return Err("DIRECT_CONTROL_LOG_TOO_LARGE".to_owned());
     }
Diff in \\?\D:\a\eliot-search\eliot-search\bins\eliot-searchd\src\direct_store.rs:896:
[31m-    let file = File::open(path)
[0m[31m-        .map_err(|error| format!("DIRECT_CONTROL_LOG_OPEN_ERROR:{error}"))?;
[0m[32m+    let file =
[0m[32m+        File::open(path).map_err(|error| format!("DIRECT_CONTROL_LOG_OPEN_ERROR:{error}"))?;
[0m     let mut reader = BufReader::new(file);
     let mut header = String::new();
     reader
Diff in \\?\D:\a\eliot-search\eliot-search\bins\eliot-searchd\src\direct_store.rs:975:
                 return Err("DIRECT_CONTROL_LOG_SOURCE_COLLISION".to_owned());
             }
         }
[31m-        state.operations.insert(
[0m[31m-            record.operation_id.clone(),
[0m[31m-            record.record_digest.clone(),
[0m[31m-        );
[0m         state
[32m+            .operations
[0m[32m+            .insert(record.operation_id.clone(), record.record_digest.clone());
[0m[32m+        state
[0m             .revisions
             .entry(record.revision_id.clone())
             .or_insert_with(|| record.clone());
Diff in \\?\D:\a\eliot-search\eliot-search\bins\eliot-searchd\src\direct_store.rs:986:
[31m-        state.latest.insert(record.source_id.clone(), record.clone());
[0m[32m+        state
[0m[32m+            .latest
[0m[32m+            .insert(record.source_id.clone(), record.clone());
[0m         state.last_sequence = sequence;
         state.last_digest = record.record_digest;
         state.event_count = state.event_count.saturating_add(1);
Diff in \\?\D:\a\eliot-search\eliot-search\bins\eliot-searchd\src\direct_store.rs:995:
 }
 
 fn read_file_snapshot(path: &Path, data_root: &Path) -> Result<FileSnapshot, String> {
[31m-    let initial = fs::symlink_metadata(path)
[0m[31m-        .map_err(|error| format!("DIRECT_SOURCE_OPEN_ERROR:{error}"))?;
[0m[32m+    let initial =
[0m[32m+        fs::symlink_metadata(path).map_err(|error| format!("DIRECT_SOURCE_OPEN_ERROR:{error}"))?;
[0m     if initial.file_type().is_symlink() || is_reparse(&initial) {
         return Err("DIRECT_SOURCE_LINK_DENIED".to_owned());
     }
Diff in \\?\D:\a\eliot-search\eliot-search\bins\eliot-searchd\src\direct_store.rs:1017:
         return Err("DIRECT_SOURCE_FINAL_OBJECT_INVALID".to_owned());
     }
 
[31m-    let mut file = File::open(&canonical_path)
[0m[31m-        .map_err(|error| format!("DIRECT_SOURCE_OPEN_ERROR:{error}"))?;
[0m[32m+    let mut file =
[0m[32m+        File::open(&canonical_path).map_err(|error| format!("DIRECT_SOURCE_OPEN_ERROR:{error}"))?;
[0m     let before = observe_source_file(&file, &canonical_path)?;
     if before.byte_length > u64::try_from(MAX_SCAN_INPUT_BYTES).unwrap_or(u64::MAX) {
         return Err("DIRECT_SOURCE_TOO_LARGE".to_owned());
Diff in \\?\D:\a\eliot-search\eliot-search\bins\eliot-searchd\src\direct_store.rs:1025:
     }
     let mut bytes = Vec::with_capacity(
[31m-        usize::try_from(before.byte_length)
[0m[31m-            .map_err(|_| "DIRECT_SOURCE_TOO_LARGE".to_owned())?,
[0m[32m+        usize::try_from(before.byte_length).map_err(|_| "DIRECT_SOURCE_TOO_LARGE".to_owned())?,
[0m     );
     (&mut file)
         .take(u64::try_from(MAX_SCAN_INPUT_BYTES + 1).unwrap_or(u64::MAX))
Diff in \\?\D:\a\eliot-search\eliot-search\bins\eliot-searchd\src\direct_store.rs:1035:
         return Err("DIRECT_SOURCE_TOO_LARGE".to_owned());
     }
     let after = observe_source_file(&file, &canonical_path)?;
[31m-    if before != after
[0m[31m-        || bytes.len() != usize::try_from(before.byte_length).unwrap_or(usize::MAX)
[0m[31m-    {
[0m[32m+    if before != after || bytes.len() != usize::try_from(before.byte_length).unwrap_or(usize::MAX) {
[0m         return Err("DIRECT_SOURCE_CHANGED_DURING_READ".to_owned());
     }
     let path_digest = sha256::hex(&sha256::digest(&path_identity_bytes(&canonical_path)));
Diff in \\?\D:\a\eliot-search\eliot-search\bins\eliot-searchd\src\direct_store.rs:1060:
     identity_strength: IdentityStrength,
 }
 
[31m-fn observe_source_file(file: &File, canonical_path: &Path) -> Result<SourceFileObservation, String> {
[0m[32m+fn observe_source_file(
[0m[32m+    file: &File,
[0m[32m+    canonical_path: &Path,
[0m[32m+) -> Result<SourceFileObservation, String> {
[0m     let metadata = file
         .metadata()
         .map_err(|error| format!("DIRECT_SOURCE_METADATA_ERROR:{error}"))?;
Diff in \\?\D:\a\eliot-search\eliot-search\bins\eliot-searchd\src\direct_store.rs:1072:
         .ok()
         .and_then(|value| value.duration_since(UNIX_EPOCH).ok())
         .map(|duration| duration.as_nanos());
[31m-    let (identity_material, identity_strength) =
[0m[31m-        platform_file_identity(&metadata, canonical_path);
[0m[32m+    let (identity_material, identity_strength) = platform_file_identity(&metadata, canonical_path);
[0m     Ok(SourceFileObservation {
         byte_length: metadata.len(),
         modified_nanos,
Diff in \\?\D:\a\eliot-search\eliot-search\bins\eliot-searchd\src\direct_store.rs:1197:
     expected_length: usize,
 ) -> Result<(), String> {
     ensure_regular_file(path)?;
[31m-    let metadata = fs::metadata(path)
[0m[31m-        .map_err(|error| format!("DIRECT_REVISION_METADATA_ERROR:{error}"))?;
[0m[32m+    let metadata =
[0m[32m+        fs::metadata(path).map_err(|error| format!("DIRECT_REVISION_METADATA_ERROR:{error}"))?;
[0m     if metadata.len() != u64::try_from(expected_length).unwrap_or(u64::MAX) {
         return Err("DIRECT_REVISION_LENGTH_MISMATCH".to_owned());
     }
Diff in \\?\D:\a\eliot-search\eliot-search\bins\eliot-searchd\src\direct_store.rs:1236:
 
 fn ensure_child_directory(path: &Path) -> Result<(), String> {
     if !path.exists() {
[31m-        fs::create_dir(path)
[0m[31m-            .map_err(|error| format!("DIRECT_DIRECTORY_CREATE_ERROR:{error}"))?;
[0m[32m+        fs::create_dir(path).map_err(|error| format!("DIRECT_DIRECTORY_CREATE_ERROR:{error}"))?;
[0m     }
     ensure_directory(path)
 }
Diff in \\?\D:\a\eliot-search\eliot-search\bins\eliot-searchd\src\directory_manifest.rs:73:
     data_root: &Path,
     directory: &Path,
 ) -> Result<DirectorySyncResult, String> {
[31m-    let canonical_root = fs::canonicalize(data_root)
[0m[31m-        .map_err(|error| format!("DIRECT_SYNC_ROOT_ERROR:{error}"))?;
[0m[32m+    let canonical_root =
[0m[32m+        fs::canonicalize(data_root).map_err(|error| format!("DIRECT_SYNC_ROOT_ERROR:{error}"))?;
[0m     let canonical_directory = fs::canonicalize(directory)
         .map_err(|error| format!("DIRECT_SYNC_DIRECTORY_ERROR:{error}"))?;
     ensure_directory(&canonical_root)?;
Diff in \\?\D:\a\eliot-search\eliot-search\bins\eliot-searchd\src\directory_manifest.rs:89:
         &[&path_identity_bytes(&canonical_directory)],
     ));
     let manifest_root = manifest_root(&canonical_root)?;
[31m-    let previous = load_latest_manifest(
[0m[31m-        &manifest_root,
[0m[31m-        &namespace_id,
[0m[31m-        &directory_digest,
[0m[31m-    )?;
[0m[32m+    let previous = load_latest_manifest(&manifest_root, &namespace_id, &directory_digest)?;
[0m 
     let indexed = store.index_directory(&canonical_directory)?;
     let next_entries = entries_from_indexed(&indexed)?;
Diff in \\?\D:\a\eliot-search\eliot-search\bins\eliot-searchd\src\directory_manifest.rs:127:
         }
     }
 
[31m-    let generation = previous
[0m[31m-        .as_ref()
[0m[31m-        .map_or(Ok(1_u64), |manifest| {
[0m[31m-            manifest
[0m[31m-                .generation
[0m[31m-                .checked_add(1)
[0m[31m-                .ok_or_else(|| "DIRECT_SYNC_GENERATION_EXHAUSTED".to_owned())
[0m[31m-        })?;
[0m[32m+    let generation = previous.as_ref().map_or(Ok(1_u64), |manifest| {
[0m[32m+        manifest
[0m[32m+            .generation
[0m[32m+            .checked_add(1)
[0m[32m+            .ok_or_else(|| "DIRECT_SYNC_GENERATION_EXHAUSTED".to_owned())
[0m[32m+    })?;
[0m     let manifest = build_manifest(
         namespace_id.clone(),
         directory_digest.clone(),
Diff in \\?\D:\a\eliot-search\eliot-search\bins\eliot-searchd\src\directory_manifest.rs:152:
         directory_digest,
         previous_generation: previous.as_ref().map(|manifest| manifest.generation),
         generation,
[31m-        previous_sources: previous.as_ref().map_or(0, |manifest| manifest.entries.len()),
[0m[32m+        previous_sources: previous
[0m[32m+            .as_ref()
[0m[32m+            .map_or(0, |manifest| manifest.entries.len()),
[0m         indexed_sources: indexed.len(),
         changed_sources: indexed.iter().filter(|source| source.changed).count(),
         missing_sources,
Diff in \\?\D:\a\eliot-search\eliot-search\bins\eliot-searchd\src\directory_manifest.rs:206:
     Ok(DirectoryManifestVerification {
         manifest_files: files.len(),
         directories: current.len(),
[31m-        current_entries: current.values().map(|manifest| manifest.entries.len()).sum(),
[0m[32m+        current_entries: current
[0m[32m+            .values()
[0m[32m+            .map(|manifest| manifest.entries.len())
[0m[32m+            .sum(),
[0m         highest_generation,
     })
 }
Diff in \\?\D:\a\eliot-search\eliot-search\bins\eliot-searchd\src\directory_manifest.rs:364:
             continue;
         }
         let manifest = load_manifest_file(&path)?;
[31m-        if manifest.namespace_id != namespace_id
[0m[31m-            || manifest.directory_digest != directory_digest
[0m[31m-        {
[0m[32m+        if manifest.namespace_id != namespace_id || manifest.directory_digest != directory_digest {
[0m             return Err("DIRECT_MANIFEST_BINDING_MISMATCH".to_owned());
         }
[31m-        if let Some(existing) = seen_generation.insert(
[0m[31m-            manifest.generation,
[0m[31m-            manifest.manifest_digest.clone(),
[0m[31m-        ) {
[0m[32m+        if let Some(existing) =
[0m[32m+            seen_generation.insert(manifest.generation, manifest.manifest_digest.clone())
[0m[32m+        {
[0m             if existing != manifest.manifest_digest {
                 return Err("DIRECT_MANIFEST_GENERATION_AMBIGUOUS".to_owned());
             }
Diff in \\?\D:\a\eliot-search\eliot-search\bins\eliot-searchd\src\directory_manifest.rs:393:
 
 fn load_manifest_file(path: &Path) -> Result<DirectoryManifest, String> {
     ensure_regular_file(path)?;
[31m-    let metadata = fs::metadata(path)
[0m[31m-        .map_err(|error| format!("DIRECT_MANIFEST_METADATA_ERROR:{error}"))?;
[0m[32m+    let metadata =
[0m[32m+        fs::metadata(path).map_err(|error| format!("DIRECT_MANIFEST_METADATA_ERROR:{error}"))?;
[0m     if metadata.len() > u64::try_from(MAX_MANIFEST_BYTES).unwrap_or(u64::MAX) {
         return Err("DIRECT_MANIFEST_TOO_LARGE".to_owned());
     }
Diff in \\?\D:\a\eliot-search\eliot-search\bins\eliot-searchd\src\directory_manifest.rs:451:
             return Err("DIRECT_MANIFEST_ENTRY_LIMIT_EXCEEDED".to_owned());
         }
     }
[31m-    let manifest = build_manifest(
[0m[31m-        namespace_id,
[0m[31m-        directory_digest,
[0m[31m-        generation,
[0m[31m-        entries,
[0m[31m-    )?;
[0m[32m+    let manifest = build_manifest(namespace_id, directory_digest, generation, entries)?;
[0m     if manifest.manifest_digest != expected_digest {
         return Err("DIRECT_MANIFEST_DIGEST_MISMATCH".to_owned());
     }
Diff in \\?\D:\a\eliot-search\eliot-search\bins\eliot-searchd\src\directory_manifest.rs:509:
 fn manifest_path(root: &Path, manifest: &DirectoryManifest) -> PathBuf {
     root.join(format!(
         "{}.{}.{}.manifest",
[31m-        manifest.directory_digest,
[0m[31m-        manifest.generation,
[0m[31m-        manifest.manifest_digest,
[0m[32m+        manifest.directory_digest, manifest.generation, manifest.manifest_digest,
[0m     ))
 }
 
Diff in \\?\D:\a\eliot-search\eliot-search\bins\eliot-searchd\src\endpoint.rs:26:
     Shutdown,
 }
 
[31m-pub(crate) fn serve_loopback<F>(
[0m[31m-    port: u16,
[0m[31m-    token_file: &Path,
[0m[31m-    mut handler: F,
[0m[31m-) -> Result<(), String>
[0m[32m+pub(crate) fn serve_loopback<F>(port: u16, token_file: &Path, mut handler: F) -> Result<(), String>
[0m where
     F: FnMut(&str, &mut TcpStream) -> Result<EndpointAction, String>,
 {
Diff in \\?\D:\a\eliot-search\eliot-search\bins\eliot-searchd\src\endpoint.rs:53:
         let mut stream = match incoming {
             Ok(stream) => stream,
             Err(error) => {
[31m-                eprintln!("{{\"error\":\"ENDPOINT_ACCEPT_ERROR\",\"detail_class\":\"{}\"}}", error.kind());
[0m[32m+                eprintln!(
[0m[32m+                    "{{\"error\":\"ENDPOINT_ACCEPT_ERROR\",\"detail_class\":\"{}\"}}",
[0m[32m+                    error.kind()
[0m[32m+                );
[0m                 continue;
             }
         };
Diff in \\?\D:\a\eliot-search\eliot-search\bins\eliot-searchd\src\endpoint.rs:140:
         if command.is_empty() {
             return Err("ENDPOINT_EMPTY_COMMAND".to_owned());
         }
[31m-        if request_sequence
[0m[31m-            >= u64::try_from(MAX_COMMANDS_PER_CONNECTION).unwrap_or(u64::MAX)
[0m[31m-        {
[0m[32m+        if request_sequence >= u64::try_from(MAX_COMMANDS_PER_CONNECTION).unwrap_or(u64::MAX) {
[0m             write_line(
                 &mut stream,
                 "{\"event\":\"request_complete\",\"ok\":false,\"error\":\"ENDPOINT_REQUEST_LIMIT_EXCEEDED\"}",
Diff in \\?\D:\a\eliot-search\eliot-search\bins\eliot-searchd\src\endpoint.rs:152:
         }
         write_line(
             &mut stream,
[31m-            &format!(
[0m[31m-                "{{\"event\":\"request_started\",\"sequence\":{request_sequence}}}"
[0m[31m-            ),
[0m[32m+            &format!("{{\"event\":\"request_started\",\"sequence\":{request_sequence}}}"),
[0m         )
         .map_err(|error| format!("ENDPOINT_WRITE_ERROR:{error}"))?;
         let outcome = handler(&command, &mut stream);
Diff in \\?\D:\a\eliot-search\eliot-search\bins\eliot-searchd\src\endpoint.rs:200:
     if metadata.len() > u64::try_from(MAX_TOKEN_FILE_BYTES).unwrap_or(u64::MAX) {
         return Err("ENDPOINT_TOKEN_FILE_TOO_LARGE".to_owned());
     }
[31m-    let mut file = File::open(path)
[0m[31m-        .map_err(|error| format!("ENDPOINT_TOKEN_OPEN_ERROR:{error}"))?;
[0m[32m+    let mut file =
[0m[32m+        File::open(path).map_err(|error| format!("ENDPOINT_TOKEN_OPEN_ERROR:{error}"))?;
[0m     let mut bytes = Vec::with_capacity(
[31m-        usize::try_from(metadata.len())
[0m[31m-            .map_err(|_| "ENDPOINT_TOKEN_FILE_TOO_LARGE".to_owned())?,
[0m[32m+        usize::try_from(metadata.len()).map_err(|_| "ENDPOINT_TOKEN_FILE_TOO_LARGE".to_owned())?,
[0m     );
     (&mut file)
         .take(u64::try_from(MAX_TOKEN_FILE_BYTES + 1).unwrap_or(u64::MAX))
Diff in \\?\D:\a\eliot-search\eliot-search\bins\eliot-searchd\src\endpoint.rs:264:
     Ok(digest_bytes(&input))
 }
 
[31m-fn derive_response(
[0m[31m-    token_verifier: Sha256Digest,
[0m[31m-    challenge: Sha256Digest,
[0m[31m-) -> Sha256Digest {
[0m[32m+fn derive_response(token_verifier: Sha256Digest, challenge: Sha256Digest) -> Sha256Digest {
[0m     let mut input = Vec::with_capacity(96);
     input.extend_from_slice(b"eliot-search/loopback-response/v1\0");
     input.extend_from_slice(&token_verifier.as_bytes());
Diff in \\?\D:\a\eliot-search\eliot-search\bins\eliot-searchd\src\endpoint.rs:288:
     maximum_bytes: usize,
 ) -> Result<Option<String>, String> {
     let mut bytes = Vec::new();
[31m-    let mut limited = reader.take(
[0m[31m-        u64::try_from(maximum_bytes.saturating_add(1)).unwrap_or(u64::MAX),
[0m[31m-    );
[0m[32m+    let mut limited =
[0m[32m+        reader.take(u64::try_from(maximum_bytes.saturating_add(1)).unwrap_or(u64::MAX));
[0m     let read = limited
         .read_until(b'\n', &mut bytes)
         .map_err(|error| format!("ENDPOINT_READ_ERROR:{error}"))?;
Diff in \\?\D:\a\eliot-search\eliot-search\bins\eliot-searchd\src\entry.rs:12:
 mod authenticated_proxy;
 mod continuation;
 mod development;
[31m-#[path = "direct_store.rs"]
[0m[31m-mod plaintext_direct_store;
[0m #[path = "secure_direct_store.rs"]
 mod direct_store;
 mod directory_manifest;
Diff in \\?\D:\a\eliot-search\eliot-search\bins\eliot-searchd\src\entry.rs:20:
 mod endpoint;
 mod maintenance;
 mod maintenance_guard;
[32m+#[path = "direct_store.rs"]
[0m[32m+mod plaintext_direct_store;
[0m mod public_runtime_service;
 mod result_handles;
 mod revision_protection;
Diff in \\?\D:\a\eliot-search\eliot-search\bins\eliot-searchd\src\maintenance.rs:102:
         .open(&log_path)
         .map_err(|error| format!("DIRECT_REPAIR_OPEN_ERROR:{error}"))?;
     file.set_len(
[31m-        u64::try_from(prefix_len)
[0m[31m-            .map_err(|_| "DIRECT_REPAIR_OFFSET_OVERFLOW".to_owned())?,
[0m[32m+        u64::try_from(prefix_len).map_err(|_| "DIRECT_REPAIR_OFFSET_OVERFLOW".to_owned())?,
[0m     )
     .and_then(|()| file.sync_all())
     .map_err(|error| format!("DIRECT_REPAIR_TRUNCATE_ERROR:{error}"))?;
Diff in \\?\D:\a\eliot-search\eliot-search\bins\eliot-searchd\src\maintenance.rs:187:
             let path = entry.path();
             let metadata = fs::symlink_metadata(&path)
                 .map_err(|error| format!("DIRECT_GC_METADATA_ERROR:{error}"))?;
[31m-            if metadata.file_type().is_symlink()
[0m[31m-                || is_reparse(&metadata)
[0m[31m-                || !metadata.is_file()
[0m[31m-            {
[0m[32m+            if metadata.file_type().is_symlink() || is_reparse(&metadata) || !metadata.is_file() {
[0m                 unexpected_objects = unexpected_objects.saturating_add(1);
                 continue;
             }
Diff in \\?\D:\a\eliot-search\eliot-search\bins\eliot-searchd\src\maintenance.rs:262:
                 .checked_add(object.byte_length)
                 .ok_or_else(|| "DIRECT_GC_BYTES_OVERFLOW".to_owned())?;
         }
[31m-        for entry in fs::read_dir(&revisions)
[0m[31m-            .map_err(|error| format!("DIRECT_GC_READ_ERROR:{error}"))?
[0m[32m+        for entry in
[0m[32m+            fs::read_dir(&revisions).map_err(|error| format!("DIRECT_GC_READ_ERROR:{error}"))?
[0m         {
             let path = entry
                 .map_err(|error| format!("DIRECT_GC_READ_ERROR:{error}"))?
Diff in \\?\D:\a\eliot-search\eliot-search\bins\eliot-searchd\src\maintenance.rs:352:
     if !bytes.ends_with(b"\n") {
         return Err("DIRECT_CONTROL_LOG_UNTERMINATED".to_owned());
     }
[31m-    let text = core::str::from_utf8(bytes)
[0m[31m-        .map_err(|_| "DIRECT_CONTROL_LOG_NOT_UTF8".to_owned())?;
[0m[32m+    let text = core::str::from_utf8(bytes).map_err(|_| "DIRECT_CONTROL_LOG_NOT_UTF8".to_owned())?;
[0m     let mut lines = text.split_terminator('\n');
     let header = lines
         .next()
Diff in \\?\D:\a\eliot-search\eliot-search\bins\eliot-searchd\src\maintenance.rs:388:
         {
             return Err("DIRECT_CONTROL_LOG_CHAIN_INVALID".to_owned());
         }
[31m-        if !matches!(fields[4], "A" | "R")
[0m[31m-            || !matches!(fields[11], "native" | "path-bound")
[0m[31m-        {
[0m[32m+        if !matches!(fields[4], "A" | "R") || !matches!(fields[11], "native" | "path-bound") {
[0m             return Err("DIRECT_CONTROL_LOG_ENUM_INVALID".to_owned());
         }
         fields[8]
Diff in \\?\D:\a\eliot-search\eliot-search\bins\eliot-searchd\src\public_runtime_service.rs:17:
 use crate::direct_store::DirectStore;
 use crate::directory_manifest::{sync_directory, verify_directory_manifests};
 use crate::maintenance_guard::guarded_collect_orphan_revisions;
[31m-use crate::result_handles::{
[0m[31m-    MAX_HANDLE_EXPANSION_BYTES, ResultHandleCatalog, ResultHandleError,
[0m[31m-};
[0m[32m+use crate::result_handles::{MAX_HANDLE_EXPANSION_BYTES, ResultHandleCatalog, ResultHandleError};
[0m use crate::service_output::{
[31m-    emit_handle_expansion, emit_indexed_source, emit_search_page,
[0m[31m-    emit_streaming_search, json_string, write_error, write_line,
[0m[32m+    emit_handle_expansion, emit_indexed_source, emit_search_page, emit_streaming_search,
[0m[32m+    json_string, write_error, write_line,
[0m };
 use crate::sha256;
 use crate::storage_security::StorageSecurityStatus;
Diff in \\?\D:\a\eliot-search\eliot-search\bins\eliot-searchd\src\public_runtime_service.rs:55:
     let guard = DataRootGuard::acquire(root)?;
     let mut store = DirectStore::open(guard.canonical_root())?;
     let verification = store.verify()?;
[31m-    let manifests = verify_directory_manifests(
[0m[31m-        guard.canonical_root(),
[0m[31m-        &store.namespace_id(),
[0m[31m-    )?;
[0m[32m+    let manifests = verify_directory_manifests(guard.canonical_root(), &store.namespace_id())?;
[0m     let mut storage = StorageSecurityStatus::inspect(guard.canonical_root())?;
     let mut continuations = ContinuationCatalog::new(&store.namespace_id());
     let mut handles = ResultHandleCatalog::new(&store.namespace_id());
Diff in \\?\D:\a\eliot-search\eliot-search\bins\eliot-searchd\src\public_runtime_service.rs:155:
     match (name, fields.as_slice()) {
         ("health", [_]) => {
             let verification = store.verify()?;
[31m-            let manifests = verify_directory_manifests(
[0m[31m-                canonical_root,
[0m[31m-                &store.namespace_id(),
[0m[31m-            )?;
[0m[32m+            let manifests = verify_directory_manifests(canonical_root, &store.namespace_id())?;
[0m             refresh_storage(storage, canonical_root)?;
             write_line(
                 writer,
Diff in \\?\D:\a\eliot-search\eliot-search\bins\eliot-searchd\src\public_runtime_service.rs:195:
             ),
         )?,
         ("shutdown", [_]) => {
[31m-            write_line(
[0m[31m-                writer,
[0m[31m-                "{\"event\":\"draining\",\"accepted\":true}",
[0m[31m-            )?;
[0m[32m+            write_line(writer, "{\"event\":\"draining\",\"accepted\":true}")?;
[0m             return Ok(ServiceControl::Stop);
         }
         ("verify", [_]) => {
Diff in \\?\D:\a\eliot-search\eliot-search\bins\eliot-searchd\src\public_runtime_service.rs:206:
             emit_verification(writer, store, canonical_root, storage)?;
         }
         ("verify-directory-manifests", [_]) => {
[31m-            let manifests = verify_directory_manifests(
[0m[31m-                canonical_root,
[0m[31m-                &store.namespace_id(),
[0m[31m-            )?;
[0m[32m+            let manifests = verify_directory_manifests(canonical_root, &store.namespace_id())?;
[0m             refresh_storage(storage, canonical_root)?;
             write_line(
                 writer,
Diff in \\?\D:\a\eliot-search\eliot-search\bins\eliot-searchd\src\public_runtime_service.rs:293:
                     invalidate_search_state(continuations, handles)
                 };
             store.verify()?;
[31m-            let manifests = verify_directory_manifests(
[0m[31m-                canonical_root,
[0m[31m-                &store.namespace_id(),
[0m[31m-            )?;
[0m[32m+            let manifests = verify_directory_manifests(canonical_root, &store.namespace_id())?;
[0m             refresh_storage(storage, canonical_root)?;
             write_line(
                 writer,
Diff in \\?\D:\a\eliot-search\eliot-search\bins\eliot-searchd\src\result_handles.rs:247:
             || content_digest != record.content_digest
             || observed_start != byte_start
             || observed_end != byte_end
[31m-            || u64::try_from(bytes.len()).unwrap_or(u64::MAX)
[0m[31m-                != byte_end.saturating_sub(byte_start)
[0m[32m+            || u64::try_from(bytes.len()).unwrap_or(u64::MAX) != byte_end.saturating_sub(byte_start)
[0m         {
             return Err(ResultHandleError::ReadbackMismatch);
         }
Diff in \\?\D:\a\eliot-search\eliot-search\bins\eliot-searchd\src\result_handles.rs:306:
 }
 
 fn append(output: &mut Vec<u8>, value: &[u8]) {
[31m-    output.extend_from_slice(
[0m[31m-        &u64::try_from(value.len())
[0m[31m-            .unwrap_or(u64::MAX)
[0m[31m-            .to_be_bytes(),
[0m[31m-    );
[0m[32m+    output.extend_from_slice(&u64::try_from(value.len()).unwrap_or(u64::MAX).to_be_bytes());
[0m     output.extend_from_slice(value);
 }
 
Diff in \\?\D:\a\eliot-search\eliot-search\bins\eliot-searchd\src\revision_protection.rs:61:
 impl RevisionProtector {
     /// Opens the platform protector and creates a new credential only when no
     /// existing protected object proves that a prior secret must be recovered.
[31m-    pub(crate) fn open(
[0m[31m-        namespace_id: [u8; 32],
[0m[31m-        revision_root: &Path,
[0m[31m-    ) -> Result<Self, String> {
[0m[32m+    pub(crate) fn open(namespace_id: [u8; 32], revision_root: &Path) -> Result<Self, String> {
[0m         #[cfg(windows)]
         {
[31m-            let mut root_secret = windows::load_or_create_root_secret(
[0m[31m-                namespace_id,
[0m[31m-                revision_root,
[0m[31m-            )?;
[0m[32m+            let mut root_secret = windows::load_or_create_root_secret(namespace_id, revision_root)?;
[0m             let key_binding_digest = sha256::digest_parts(
                 b"eliot-search/revision-key-binding/v1",
                 &[&namespace_id, &root_secret],
Diff in \\?\D:\a\eliot-search\eliot-search\bins\eliot-searchd\src\revision_protection.rs:126:
         plaintext: &[u8],
     ) -> Result<Vec<u8>, String> {
         let revision_id = decode_digest(revision_id, "DIRECT_REVISION_ID_INVALID")?;
[31m-        let content_digest = decode_digest(
[0m[31m-            content_digest,
[0m[31m-            "DIRECT_CONTENT_DIGEST_INVALID",
[0m[31m-        )?;
[0m[32m+        let content_digest = decode_digest(content_digest, "DIRECT_CONTENT_DIGEST_INVALID")?;
[0m         if plaintext.len() > 64 * 1024 * 1024 {
             return Err("DIRECT_REVISION_PLAINTEXT_TOO_LARGE".to_owned());
         }
Diff in \\?\D:\a\eliot-search\eliot-search\bins\eliot-searchd\src\revision_protection.rs:156:
             return Err("DIRECT_REVISION_OBJECT_TOO_LARGE".to_owned());
         }
         let revision_id = decode_digest(revision_id, "DIRECT_REVISION_ID_INVALID")?;
[31m-        let content_digest = decode_digest(
[0m[31m-            content_digest,
[0m[31m-            "DIRECT_CONTENT_DIGEST_INVALID",
[0m[31m-        )?;
[0m[32m+        let content_digest = decode_digest(content_digest, "DIRECT_CONTENT_DIGEST_INVALID")?;
[0m         if !Self::is_protected_object(object) {
             let observed = u64::try_from(object.len())
                 .map_err(|_| "DIRECT_REVISION_LENGTH_MISMATCH".to_owned())?;
Diff in \\?\D:\a\eliot-search\eliot-search\bins\eliot-searchd\src\revision_protection.rs:170:
         }
         #[cfg(windows)]
         {
[31m-            self.unprotect_windows(
[0m[31m-                object,
[0m[31m-                revision_id,
[0m[31m-                content_digest,
[0m[31m-                expected_plaintext_len,
[0m[31m-            )
[0m[32m+            self.unprotect_windows(object, revision_id, content_digest, expected_plaintext_len)
[0m         }
         #[cfg(not(windows))]
         {
Diff in \\?\D:\a\eliot-search\eliot-search\bins\eliot-searchd\src\revision_protection_windows.rs:164:
     namespace_id: [u8; 32],
     revision_root: &Path,
 ) -> Result<[u8; 32], String> {
[31m-    let target_text = format!(
[0m[31m-        "ELIOT Search/revision-key/{}",
[0m[31m-        sha256::hex(&namespace_id),
[0m[31m-    );
[0m[32m+    let target_text = format!("ELIOT Search/revision-key/{}", sha256::hex(&namespace_id),);
[0m     let target = wide(&target_text);
     if let Some(secret) = read_credential(&target)? {
         return Ok(secret);
Diff in \\?\D:\a\eliot-search\eliot-search\bins\eliot-searchd\src\revision_protection_windows.rs:180:
         bcrypt_gen_random(
             null_mut(),
             secret.as_mut_ptr(),
[31m-            u32::try_from(secret.len())
[0m[31m-                .map_err(|_| "DIRECT_REVISION_RNG_FAILED".to_owned())?,
[0m[32m+            u32::try_from(secret.len()).map_err(|_| "DIRECT_REVISION_RNG_FAILED".to_owned())?,
[0m             BCRYPT_USE_SYSTEM_PREFERRED_RNG,
         )
     };
Diff in \\?\D:\a\eliot-search\eliot-search\bins\eliot-searchd\src\revision_protection_windows.rs:217:
 
 fn read_credential(target: &[u16]) -> Result<Option<[u8; 32]>, String> {
     let mut pointer = null_mut::<CredentialW>();
[31m-    let success = unsafe {
[0m[31m-        cred_read_w(
[0m[31m-            target.as_ptr(),
[0m[31m-            CRED_TYPE_GENERIC,
[0m[31m-            0,
[0m[31m-            &mut pointer,
[0m[31m-        )
[0m[31m-    };
[0m[32m+    let success = unsafe { cred_read_w(target.as_ptr(), CRED_TYPE_GENERIC, 0, &mut pointer) };
[0m     if success == 0 {
         let error = unsafe { get_last_error() };
         return if error == ERROR_NOT_FOUND {
Diff in \\?\D:\a\eliot-search\eliot-search\bins\eliot-searchd\src\revision_protection_windows.rs:259:
     Ok(Some(secret))
 }
 
[31m-fn write_credential(
[0m[31m-    target: &[u16],
[0m[31m-    secret: &mut [u8; 32],
[0m[31m-) -> Result<(), String> {
[0m[32m+fn write_credential(target: &[u16], secret: &mut [u8; 32]) -> Result<(), String> {
[0m     let mut target = target.to_vec();
     let mut user_name = wide("ELIOT Search");
     let credential = CredentialW {
Diff in \\?\D:\a\eliot-search\eliot-search\bins\eliot-searchd\src\revision_protection_windows.rs:291:
     Ok(())
 }
 
[31m-pub(super) fn protect_data(
[0m[31m-    input: &mut [u8],
[0m[31m-    entropy: &[u8; 32],
[0m[31m-) -> Result<Vec<u8>, String> {
[0m[31m-    let input_len = u32::try_from(input.len())
[0m[31m-        .map_err(|_| "DIRECT_DPAPI_INPUT_TOO_LARGE".to_owned())?;
[0m[32m+pub(super) fn protect_data(input: &mut [u8], entropy: &[u8; 32]) -> Result<Vec<u8>, String> {
[0m[32m+    let input_len =
[0m[32m+        u32::try_from(input.len()).map_err(|_| "DIRECT_DPAPI_INPUT_TOO_LARGE".to_owned())?;
[0m     let mut entropy_copy = *entropy;
     let input_blob = DataBlob {
         byte_length: input_len,
Diff in \\?\D:\a\eliot-search\eliot-search\bins\eliot-searchd\src\revision_protection_windows.rs:330:
     LocalAllocation(output).into_vec(super::MAX_PROTECTED_OBJECT_BYTES)
 }
 
[31m-pub(super) fn unprotect_data(
[0m[31m-    input: &mut [u8],
[0m[31m-    entropy: &[u8; 32],
[0m[31m-) -> Result<Vec<u8>, String> {
[0m[31m-    let input_len = u32::try_from(input.len())
[0m[31m-        .map_err(|_| "DIRECT_DPAPI_INPUT_TOO_LARGE".to_owned())?;
[0m[32m+pub(super) fn unprotect_data(input: &mut [u8], entropy: &[u8; 32]) -> Result<Vec<u8>, String> {
[0m[32m+    let input_len =
[0m[32m+        u32::try_from(input.len()).map_err(|_| "DIRECT_DPAPI_INPUT_TOO_LARGE".to_owned())?;
[0m     let mut entropy_copy = *entropy;
     let input_blob = DataBlob {
         byte_length: input_len,
Diff in \\?\D:\a\eliot-search\eliot-search\bins\eliot-searchd\src\revision_protection_windows.rs:377:
     for shard in fs::read_dir(root)
         .map_err(|error| format!("DIRECT_REVISION_DIRECTORY_READ_FAILED:{error}"))?
     {
[31m-        let shard = shard
[0m[31m-            .map_err(|error| format!("DIRECT_REVISION_DIRECTORY_READ_FAILED:{error}"))?;
[0m[32m+        let shard =
[0m[32m+            shard.map_err(|error| format!("DIRECT_REVISION_DIRECTORY_READ_FAILED:{error}"))?;
[0m         let metadata = fs::symlink_metadata(shard.path())
             .map_err(|error| format!("DIRECT_REVISION_DIRECTORY_READ_FAILED:{error}"))?;
         if metadata.file_type().is_symlink() || is_reparse(&metadata) {
Diff in \\?\D:\a\eliot-search\eliot-search\bins\eliot-searchd\src\revision_protection_windows.rs:390:
         for entry in fs::read_dir(shard.path())
             .map_err(|error| format!("DIRECT_REVISION_DIRECTORY_READ_FAILED:{error}"))?
         {
[31m-            let entry = entry
[0m[31m-                .map_err(|error| format!("DIRECT_REVISION_DIRECTORY_READ_FAILED:{error}"))?;
[0m[32m+            let entry =
[0m[32m+                entry.map_err(|error| format!("DIRECT_REVISION_DIRECTORY_READ_FAILED:{error}"))?;
[0m             observed = observed.saturating_add(1);
             if observed > MAX_OBJECT_SCAN {
                 return Err("DIRECT_REVISION_OBJECT_LIMIT_EXCEEDED".to_owned());
Diff in \\?\D:\a\eliot-search\eliot-search\bins\eliot-searchd\src\revision_protection_windows.rs:402:
             if metadata.file_type().is_symlink() || is_reparse(&metadata) {
                 return Err("DIRECT_REVISION_OBJECT_LINK_DENIED".to_owned());
             }
[31m-            if path
[0m[31m-                .extension()
[0m[31m-                .is_some_and(|value| value == std::ffi::OsStr::new(super::PROTECTED_OBJECT_EXTENSION))
[0m[31m-            {
[0m[32m+            if path.extension().is_some_and(|value| {
[0m[32m+                value == std::ffi::OsStr::new(super::PROTECTED_OBJECT_EXTENSION)
[0m[32m+            }) {
[0m                 return Ok(true);
             }
         }
Diff in \\?\D:\a\eliot-search\eliot-search\bins\eliot-searchd\src\secure_commands.rs:14:
 use crate::direct_store::{DirectStore, SourceSummary};
 use crate::maintenance::repair_control_log;
 use crate::maintenance_guard::guarded_collect_orphan_revisions;
[31m-use crate::service_output::{
[0m[31m-    emit_indexed_source, emit_streaming_search, json_string, write_line,
[0m[31m-};
[0m[32m+use crate::service_output::{emit_indexed_source, emit_streaming_search, json_string, write_line};
[0m use crate::sha256;
 use crate::storage_security::StorageSecurityStatus;
 
Diff in \\?\D:\a\eliot-search\eliot-search\bins\eliot-searchd\src\secure_commands.rs:170:
                 .ok_or_else(|| "DIRECT_QUERY_NOT_UTF8".to_owned())?;
             with_store(Path::new(&arguments[1]), |_root, store, storage| {
                 store.verify()?;
[31m-                let result = store.search(
[0m[31m-                    query,
[0m[31m-                    command == "--search-root-ascii-insensitive",
[0m[31m-                )?;
[0m[32m+                let result = store.search(query, command == "--search-root-ascii-insensitive")?;
[0m                 let mut output = io::stdout().lock();
[31m-                emit_streaming_search(
[0m[31m-                    &mut output,
[0m[31m-                    &store.namespace_id(),
[0m[31m-                    &result,
[0m[31m-                    storage,
[0m[31m-                )
[0m[32m+                emit_streaming_search(&mut output, &store.namespace_id(), &result, storage)
[0m             })
         }
         "--list-sources" => {
Diff in \\?\D:\a\eliot-search\eliot-search\bins\eliot-searchd\src\secure_commands.rs:289:
             let guard = DataRootGuard::acquire(Path::new(&arguments[1]))?;
             let store = DirectStore::open(guard.canonical_root())?;
             store.verify()?;
[31m-            let result = guarded_collect_orphan_revisions(
[0m[31m-                guard.canonical_root(),
[0m[31m-                apply,
[0m[31m-            )?;
[0m[32m+            let result = guarded_collect_orphan_revisions(guard.canonical_root(), apply)?;
[0m             store.verify()?;
             let storage = StorageSecurityStatus::inspect(guard.canonical_root())?;
             write_stdout(&format!(
Diff in \\?\D:\a\eliot-search\eliot-search\bins\eliot-searchd\src\secure_commands.rs:333:
 
 fn with_store<T>(
     root: &Path,
[31m-    operation: impl FnOnce(
[0m[31m-        &Path,
[0m[31m-        &DirectStore,
[0m[31m-        &StorageSecurityStatus,
[0m[31m-    ) -> Result<T, String>,
[0m[32m+    operation: impl FnOnce(&Path, &DirectStore, &StorageSecurityStatus) -> Result<T, String>,
[0m ) -> Result<T, String> {
     let guard = DataRootGuard::acquire(root)?;
     let store = DirectStore::open(guard.canonical_root())?;
Diff in \\?\D:\a\eliot-search\eliot-search\bins\eliot-searchd\src\secure_commands.rs:354:
     operation(guard.canonical_root(), &mut store)
 }
 
[31m-fn emit_verification(
[0m[31m-    store: &DirectStore,
[0m[31m-    storage: &StorageSecurityStatus,
[0m[31m-) -> Result<(), String> {
[0m[32m+fn emit_verification(store: &DirectStore, storage: &StorageSecurityStatus) -> Result<(), String> {
[0m     let verification = store.verify()?;
     write_stdout(&format!(
         concat!(
Diff in \\?\D:\a\eliot-search\eliot-search\bins\eliot-searchd\src\secure_commands.rs:380:
     ))
 }
 
[31m-fn emit_sources(
[0m[31m-    store: &DirectStore,
[0m[31m-    storage: &StorageSecurityStatus,
[0m[31m-) -> Result<(), String> {
[0m[32m+fn emit_sources(store: &DirectStore, storage: &StorageSecurityStatus) -> Result<(), String> {
[0m     let sources = store.list_sources();
     let mut output = io::stdout().lock();
     for source in &sources {
Diff in \\?\D:\a\eliot-search\eliot-search\bins\eliot-searchd\src\secure_direct_store.rs:27:
 mod storage_io;
 
 use storage_io::{
[31m-    legacy_path, load_event_count, load_inventory, persist_immutable_object,
[0m[31m-    protected_path, read_plaintext_path, read_regular_file,
[0m[31m-    remove_plaintext_after_readback,
[0m[32m+    legacy_path, load_event_count, load_inventory, persist_immutable_object, protected_path,
[0m[32m+    read_plaintext_path, read_regular_file, remove_plaintext_after_readback,
[0m };
 
 pub(crate) use plaintext::{
Diff in \\?\D:\a\eliot-search\eliot-search\bins\eliot-searchd\src\secure_direct_store.rs:36:
[31m-    IndexedSource, RevisionSlice, SourceSummary, StoreGap, StoreSearchResult,
[0m[31m-    StoreVerification, StoredMatch,
[0m[32m+    IndexedSource, RevisionSlice, SourceSummary, StoreGap, StoreSearchResult, StoreVerification,
[0m[32m+    StoredMatch,
[0m };
 
 const REVISION_DIRECTORY: &str = "revisions";
Diff in \\?\D:\a\eliot-search\eliot-search\bins\eliot-searchd\src\secure_direct_store.rs:312:
             return Err("DIRECT_REVISION_RANGE_TOO_LARGE".to_owned());
         }
         let bytes = self.read_revision_detailed(metadata)?;
[31m-        let start = usize::try_from(byte_start)
[0m[31m-            .map_err(|_| "DIRECT_REVISION_RANGE_INVALID".to_owned())?;
[0m[31m-        let end = usize::try_from(byte_end)
[0m[31m-            .map_err(|_| "DIRECT_REVISION_RANGE_INVALID".to_owned())?;
[0m[32m+        let start =
[0m[32m+            usize::try_from(byte_start).map_err(|_| "DIRECT_REVISION_RANGE_INVALID".to_owned())?;
[0m[32m+        let end =
[0m[32m+            usize::try_from(byte_end).map_err(|_| "DIRECT_REVISION_RANGE_INVALID".to_owned())?;
[0m         Ok(RevisionSlice {
             revision_id: metadata.revision_id.clone(),
             content_digest: metadata.content_digest.clone(),
Diff in \\?\D:\a\eliot-search\eliot-search\bins\eliot-searchd\src\secure_direct_store.rs:379:
         }
 
         let plaintext = read_plaintext_path(&plaintext_path, metadata)?;
[31m-        let protected = self.protector.protect(
[0m[31m-            &metadata.revision_id,
[0m[31m-            &metadata.content_digest,
[0m[31m-            &plaintext,
[0m[31m-        )?;
[0m[32m+        let protected =
[0m[32m+            self.protector
[0m[32m+                .protect(&metadata.revision_id, &metadata.content_digest, &plaintext)?;
[0m         persist_immutable_object(&protected_path, &protected)?;
         let observed = read_regular_file(
             &protected_path,
Diff in \\?\D:\a\eliot-search\eliot-search\bins\eliot-searchd\src\secure_direct_store.rs:402:
         remove_plaintext_after_readback(&plaintext_path)
     }
 
[31m-    fn read_verified_revision(
[0m[31m-        &self,
[0m[31m-        metadata: &RevisionMetadata,
[0m[31m-    ) -> Result<Vec<u8>, &'static str> {
[0m[32m+    fn read_verified_revision(&self, metadata: &RevisionMetadata) -> Result<Vec<u8>, &'static str> {
[0m         self.read_revision_detailed(metadata)
             .map_err(|error| classify_revision_error(&error))
     }
Diff in \\?\D:\a\eliot-search\eliot-search\bins\eliot-searchd\src\secure_direct_store.rs:412:
 
[31m-    fn read_revision_detailed(
[0m[31m-        &self,
[0m[31m-        metadata: &RevisionMetadata,
[0m[31m-    ) -> Result<Vec<u8>, String> {
[0m[32m+    fn read_revision_detailed(&self, metadata: &RevisionMetadata) -> Result<Vec<u8>, String> {
[0m         verify_revision_identity(metadata)?;
         let protected = protected_path(&self.root, &metadata.revision_id)?;
         let plaintext = legacy_path(&self.root, &metadata.revision_id)?;
Diff in \\?\D:\a\eliot-search\eliot-search\bins\eliot-searchd\src\secure_direct_store.rs:465:
 }
 
 fn verify_plaintext(metadata: &RevisionMetadata, bytes: &[u8]) -> Result<(), String> {
[31m-    let length = u64::try_from(bytes.len())
[0m[31m-        .map_err(|_| "DIRECT_REVISION_LENGTH_MISMATCH".to_owned())?;
[0m[32m+    let length =
[0m[32m+        u64::try_from(bytes.len()).map_err(|_| "DIRECT_REVISION_LENGTH_MISMATCH".to_owned())?;
[0m     if length != metadata.byte_length {
         return Err("DIRECT_REVISION_LENGTH_MISMATCH".to_owned());
     }
Diff in \\?\D:\a\eliot-search\eliot-search\bins\eliot-searchd\src\secure_direct_store_storage_io.rs:75:
         {
             return Err("DIRECT_CONTROL_LOG_EVENT_INVALID".to_owned());
         }
[31m-        let calculated = sha256::hex(&sha256::digest(
[0m[31m-            fields[..12].join("\t").as_bytes(),
[0m[31m-        ));
[0m[32m+        let calculated = sha256::hex(&sha256::digest(fields[..12].join("\t").as_bytes()));
[0m         if calculated != fields[12] {
             return Err("DIRECT_CONTROL_LOG_RECORD_DIGEST_INVALID".to_owned());
         }
Diff in \\?\D:\a\eliot-search\eliot-search\bins\eliot-searchd\src\secure_direct_store_storage_io.rs:121:
     path: &Path,
     metadata: &RevisionMetadata,
 ) -> Result<Vec<u8>, String> {
[31m-    let bytes = read_regular_file(
[0m[31m-        path,
[0m[31m-        MAX_SCAN_INPUT_BYTES,
[0m[31m-        "DIRECT_REVISION_READ_ERROR",
[0m[31m-    )?;
[0m[32m+    let bytes = read_regular_file(path, MAX_SCAN_INPUT_BYTES, "DIRECT_REVISION_READ_ERROR")?;
[0m     verify_plaintext(metadata, &bytes)?;
     Ok(bytes)
 }
Diff in \\?\D:\a\eliot-search\eliot-search\bins\eliot-searchd\src\secure_direct_store_storage_io.rs:136:
     error_prefix: &'static str,
 ) -> Result<Vec<u8>, String> {
     ensure_regular_file(path)?;
[31m-    let metadata = fs::metadata(path)
[0m[31m-        .map_err(|error| format!("{error_prefix}:{error}"))?;
[0m[32m+    let metadata = fs::metadata(path).map_err(|error| format!("{error_prefix}:{error}"))?;
[0m     if metadata.len() > u64::try_from(max_bytes).unwrap_or(u64::MAX) {
         return Err(format!("{error_prefix}:TOO_LARGE"));
     }
Diff in \\?\D:\a\eliot-search\eliot-search\bins\eliot-searchd\src\secure_direct_store_storage_io.rs:144:
     let mut bytes = Vec::with_capacity(
[31m-        usize::try_from(metadata.len())
[0m[31m-            .map_err(|_| format!("{error_prefix}:TOO_LARGE"))?,
[0m[32m+        usize::try_from(metadata.len()).map_err(|_| format!("{error_prefix}:TOO_LARGE"))?,
[0m     );
     File::open(path)
         .and_then(|mut file| {
Diff in \\?\D:\a\eliot-search\eliot-search\bins\eliot-searchd\src\secure_direct_store_storage_io.rs:271:
 
 fn ensure_child_directory(path: &Path) -> Result<(), String> {
     if !path.exists() {
[31m-        fs::create_dir(path)
[0m[31m-            .map_err(|error| format!("DIRECT_DIRECTORY_CREATE_ERROR:{error}"))?;
[0m[32m+        fs::create_dir(path).map_err(|error| format!("DIRECT_DIRECTORY_CREATE_ERROR:{error}"))?;
[0m     }
     ensure_directory(path)
 }
Diff in \\?\D:\a\eliot-search\eliot-search\bins\eliot-searchd\src\service_output.rs:143:
                     "\"reason\":\"{}\",",
                     "\"diagnostic_internal_identifiers\":false}}"
                 ),
[31m-                index,
[0m[31m-                gap.reason,
[0m[32m+                index, gap.reason,
[0m             ),
         )?;
     }
Diff in \\?\D:\a\eliot-search\eliot-search\bins\eliot-searchd\src\service_output.rs:254:
     )
 }
 
[31m-fn emit_public_match(
[0m[31m-    writer: &mut impl Write,
[0m[31m-    item: &PublicHandledMatch,
[0m[31m-) -> Result<(), String> {
[0m[32m+fn emit_public_match(writer: &mut impl Write, item: &PublicHandledMatch) -> Result<(), String> {
[0m     write_line(
         writer,
         &format!(
Diff in \\?\D:\a\eliot-search\eliot-search\bins\eliot-searchd\src\sha256.rs:15:
 ];
 
 const ROUND_CONSTANTS: [u32; 64] = [
[31m-    0x428a_2f98, 0x7137_4491, 0xb5c0_fbcf, 0xe9b5_dba5,
[0m[31m-    0x3956_c25b, 0x59f1_11f1, 0x923f_82a4, 0xab1c_5ed5,
[0m[31m-    0xd807_aa98, 0x1283_5b01, 0x2431_85be, 0x550c_7dc3,
[0m[31m-    0x72be_5d74, 0x80de_b1fe, 0x9bdc_06a7, 0xc19b_f174,
[0m[31m-    0xe49b_69c1, 0xefbe_4786, 0x0fc1_9dc6, 0x240c_a1cc,
[0m[31m-    0x2de9_2c6f, 0x4a74_84aa, 0x5cb0_a9dc, 0x76f9_88da,
[0m[31m-    0x983e_5152, 0xa831_c66d, 0xb003_27c8, 0xbf59_7fc7,
[0m[31m-    0xc6e0_0bf3, 0xd5a7_9147, 0x06ca_6351, 0x1429_2967,
[0m[31m-    0x27b7_0a85, 0x2e1b_2138, 0x4d2c_6dfc, 0x5338_0d13,
[0m[31m-    0x650a_7354, 0x766a_0abb, 0x81c2_c92e, 0x9272_2c85,
[0m[31m-    0xa2bf_e8a1, 0xa81a_664b, 0xc24b_8b70, 0xc76c_51a3,
[0m[31m-    0xd192_e819, 0xd699_0624, 0xf40e_3585, 0x106a_a070,
[0m[31m-    0x19a4_c116, 0x1e37_6c08, 0x2748_774c, 0x34b0_bcb5,
[0m[31m-    0x391c_0cb3, 0x4ed8_aa4a, 0x5b9c_ca4f, 0x682e_6ff3,
[0m[31m-    0x748f_82ee, 0x78a5_636f, 0x84c8_7814, 0x8cc7_0208,
[0m[31m-    0x90be_fffa, 0xa450_6ceb, 0xbef9_a3f7, 0xc671_78f2,
[0m[32m+    0x428a_2f98,
[0m[32m+    0x7137_4491,
[0m[32m+    0xb5c0_fbcf,
[0m[32m+    0xe9b5_dba5,
[0m[32m+    0x3956_c25b,
[0m[32m+    0x59f1_11f1,
[0m[32m+    0x923f_82a4,
[0m[32m+    0xab1c_5ed5,
[0m[32m+    0xd807_aa98,
[0m[32m+    0x1283_5b01,
[0m[32m+    0x2431_85be,
[0m[32m+    0x550c_7dc3,
[0m[32m+    0x72be_5d74,
[0m[32m+    0x80de_b1fe,
[0m[32m+    0x9bdc_06a7,
[0m[32m+    0xc19b_f174,
[0m[32m+    0xe49b_69c1,
[0m[32m+    0xefbe_4786,
[0m[32m+    0x0fc1_9dc6,
[0m[32m+    0x240c_a1cc,
[0m[32m+    0x2de9_2c6f,
[0m[32m+    0x4a74_84aa,
[0m[32m+    0x5cb0_a9dc,
[0m[32m+    0x76f9_88da,
[0m[32m+    0x983e_5152,
[0m[32m+    0xa831_c66d,
[0m[32m+    0xb003_27c8,
[0m[32m+    0xbf59_7fc7,
[0m[32m+    0xc6e0_0bf3,
[0m[32m+    0xd5a7_9147,
[0m[32m+    0x06ca_6351,
[0m[32m+    0x1429_2967,
[0m[32m+    0x27b7_0a85,
[0m[32m+    0x2e1b_2138,
[0m[32m+    0x4d2c_6dfc,
[0m[32m+    0x5338_0d13,
[0m[32m+    0x650a_7354,
[0m[32m+    0x766a_0abb,
[0m[32m+    0x81c2_c92e,
[0m[32m+    0x9272_2c85,
[0m[32m+    0xa2bf_e8a1,
[0m[32m+    0xa81a_664b,
[0m[32m+    0xc24b_8b70,
[0m[32m+    0xc76c_51a3,
[0m[32m+    0xd192_e819,
[0m[32m+    0xd699_0624,
[0m[32m+    0xf40e_3585,
[0m[32m+    0x106a_a070,
[0m[32m+    0x19a4_c116,
[0m[32m+    0x1e37_6c08,
[0m[32m+    0x2748_774c,
[0m[32m+    0x34b0_bcb5,
[0m[32m+    0x391c_0cb3,
[0m[32m+    0x4ed8_aa4a,
[0m[32m+    0x5b9c_ca4f,
[0m[32m+    0x682e_6ff3,
[0m[32m+    0x748f_82ee,
[0m[32m+    0x78a5_636f,
[0m[32m+    0x84c8_7814,
[0m[32m+    0x8cc7_0208,
[0m[32m+    0x90be_fffa,
[0m[32m+    0xa450_6ceb,
[0m[32m+    0xbef9_a3f7,
[0m[32m+    0xc671_78f2,
[0m ];
 
 #[derive(Clone, Copy, Debug, Eq, Ord, PartialEq, PartialOrd)]
Diff in \\?\D:\a\eliot-search\eliot-search\bins\eliot-searchd\src\sha256.rs:99:
 fn compress(state: &mut [u32; 8], block: &[u8; 64]) {
     let mut schedule = [0_u32; 64];
     for (index, word) in block.chunks_exact(4).enumerate() {
[31m-        schedule[index] = u32::from_be_bytes(
[0m[31m-            word.try_into()
[0m[31m-                .expect("four-byte SHA-256 schedule word"),
[0m[31m-        );
[0m[32m+        schedule[index] =
[0m[32m+            u32::from_be_bytes(word.try_into().expect("four-byte SHA-256 schedule word"));
[0m     }
     for index in 16..64 {
         let s0 = schedule[index - 15].rotate_right(7)
Diff in \\?\D:\a\eliot-search\eliot-search\bins\eliot-searchd\src\storage_security.rs:11:
 use std::path::Path;
 
 use crate::maintenance::collect_orphan_revisions;
[31m-use crate::revision_protection::{
[0m[31m-    PROTECTED_OBJECT_EXTENSION, RevisionProtector,
[0m[31m-};
[0m[32m+use crate::revision_protection::{PROTECTED_OBJECT_EXTENSION, RevisionProtector};
[0m use crate::sha256;
 
 const REVISION_DIRECTORY: &str = "revisions";
Diff in \\?\D:\a\eliot-search\eliot-search\bins\eliot-searchd\src\storage_security.rs:59:
             },
             protects_new_objects,
             referenced_revisions: inventory.referenced_revisions,
[31m-            referenced_protected_revisions: inventory
[0m[31m-                .referenced_protected_objects,
[0m[32m+            referenced_protected_revisions: inventory.referenced_protected_objects,
[0m             missing_protected_revisions,
             protected_objects: inventory.protected_objects,
             plaintext_objects: inventory.plaintext_objects,
Diff in \\?\D:\a\eliot-search\eliot-search\bins\eliot-searchd\src\storage_security.rs:110:
     for shard in fs::read_dir(&revisions)
         .map_err(|error| format!("DIRECT_STORAGE_STATUS_READ_ERROR:{error}"))?
     {
[31m-        let shard = shard
[0m[31m-            .map_err(|error| format!("DIRECT_STORAGE_STATUS_READ_ERROR:{error}"))?;
[0m[32m+        let shard = shard.map_err(|error| format!("DIRECT_STORAGE_STATUS_READ_ERROR:{error}"))?;
[0m         let shard_path = shard.path();
         let metadata = fs::symlink_metadata(&shard_path)
             .map_err(|error| format!("DIRECT_STORAGE_STATUS_METADATA_ERROR:{error}"))?;
Diff in \\?\D:\a\eliot-search\eliot-search\bins\eliot-searchd\src\storage_security.rs:127:
         for entry in fs::read_dir(&shard_path)
             .map_err(|error| format!("DIRECT_STORAGE_STATUS_READ_ERROR:{error}"))?
         {
[31m-            let entry = entry
[0m[31m-                .map_err(|error| format!("DIRECT_STORAGE_STATUS_READ_ERROR:{error}"))?;
[0m[32m+            let entry =
[0m[32m+                entry.map_err(|error| format!("DIRECT_STORAGE_STATUS_READ_ERROR:{error}"))?;
[0m             observed = observed.saturating_add(1);
             if observed > MAX_REVISION_OBJECTS {
                 return Err("DIRECT_STORAGE_STATUS_OBJECT_LIMIT_EXCEEDED".to_owned());
Diff in \\?\D:\a\eliot-search\eliot-search\bins\eliot-searchd\src\storage_security.rs:147:
             }
             let metadata = fs::symlink_metadata(&path)
                 .map_err(|error| format!("DIRECT_STORAGE_STATUS_METADATA_ERROR:{error}"))?;
[31m-            if metadata.file_type().is_symlink()
[0m[31m-                || is_reparse(&metadata)
[0m[31m-                || !metadata.is_file()
[0m[31m-            {
[0m[32m+            if metadata.file_type().is_symlink() || is_reparse(&metadata) || !metadata.is_file() {
[0m                 malformed = malformed.saturating_add(1);
                 continue;
             }
Diff in \\?\D:\a\eliot-search\eliot-search\bins\eliot-searchd\src\storage_security.rs:158:
             let read = File::open(&path)
                 .and_then(|mut file| file.read(&mut prefix))
                 .map_err(|error| format!("DIRECT_STORAGE_STATUS_READ_ERROR:{error}"))?;
[31m-            if read != PROTECTED_MAGIC_BYTES
[0m[31m-                || !RevisionProtector::is_protected_object(&prefix)
[0m[31m-            {
[0m[32m+            if read != PROTECTED_MAGIC_BYTES || !RevisionProtector::is_protected_object(&prefix) {
[0m                 malformed = malformed.saturating_add(1);
             }
         }
Diff in \\?\D:\a\eliot-search\eliot-search\bins\eliot-searchd\src\control_store.rs:136:
                 ));
                 output.push_str(&format!("indexed_files={}\n", snapshot.indexed_files));
                 output.push_str(&format!("total_bytes={}\n", snapshot.total_bytes));
[31m-                output.push_str(&format!(
[0m[31m-                    "capture_complete={}\n",
[0m[31m-                    snapshot.capture_complete
[0m[31m-                ));
[0m[32m+                output.push_str(&format!("capture_complete={}\n", snapshot.capture_complete));
[0m             }
             None => output.push_str("snapshot_present=false\n"),
         }
Diff in \\?\D:\a\eliot-search\eliot-search\bins\eliot-searchd\src\control_store.rs:153:
         if bytes.len() > MAX_STATE_BYTES {
             return Err("CONTROL_STORE_STATE_TOO_LARGE".to_owned());
         }
[31m-        let text = std::str::from_utf8(bytes)
[0m[31m-            .map_err(|_| "CONTROL_STORE_STATE_NOT_UTF8".to_owned())?;
[0m[32m+        let text =
[0m[32m+            std::str::from_utf8(bytes).map_err(|_| "CONTROL_STORE_STATE_NOT_UTF8".to_owned())?;
[0m         let mut lines = text.lines();
         if lines.next() != Some("ELIOT_SEARCH_CONTROL_STATE_V1") {
             return Err("CONTROL_STORE_HEADER_MISMATCH".to_owned());
Diff in \\?\D:\a\eliot-search\eliot-search\bins\eliot-searchd\src\control_store.rs:226:
                 let snapshot = SnapshotControl {
                     snapshot_id: snapshot_id
                         .ok_or_else(|| "CONTROL_STORE_SNAPSHOT_ID_MISSING".to_owned())?,
[31m-                    manifest_fingerprint: manifest_fingerprint.ok_or_else(|| {
[0m[31m-                        "CONTROL_STORE_MANIFEST_FINGERPRINT_MISSING".to_owned()
[0m[31m-                    })?,
[0m[31m-                    fingerprint_algorithm: fingerprint_algorithm.ok_or_else(|| {
[0m[31m-                        "CONTROL_STORE_FINGERPRINT_ALGORITHM_MISSING".to_owned()
[0m[31m-                    })?,
[0m[32m+                    manifest_fingerprint: manifest_fingerprint
[0m[32m+                        .ok_or_else(|| "CONTROL_STORE_MANIFEST_FINGERPRINT_MISSING".to_owned())?,
[0m[32m+                    fingerprint_algorithm: fingerprint_algorithm
[0m[32m+                        .ok_or_else(|| "CONTROL_STORE_FINGERPRINT_ALGORITHM_MISSING".to_owned())?,
[0m                     indexed_files: indexed_files
                         .ok_or_else(|| "CONTROL_STORE_INDEXED_FILES_MISSING".to_owned())?,
                     total_bytes: total_bytes
Diff in \\?\D:\a\eliot-search\eliot-search\bins\eliot-searchd\src\control_store.rs:257:
         };
         Ok(Self {
             schema,
[31m-            generation: generation
[0m[31m-                .ok_or_else(|| "CONTROL_STORE_GENERATION_MISSING".to_owned())?,
[0m[31m-            lifecycle: lifecycle
[0m[31m-                .ok_or_else(|| "CONTROL_STORE_LIFECYCLE_MISSING".to_owned())?,
[0m[32m+            generation: generation.ok_or_else(|| "CONTROL_STORE_GENERATION_MISSING".to_owned())?,
[0m[32m+            lifecycle: lifecycle.ok_or_else(|| "CONTROL_STORE_LIFECYCLE_MISSING".to_owned())?,
[0m             pid: pid.ok_or_else(|| "CONTROL_STORE_PID_MISSING".to_owned())?,
             started_unix_ms: started_unix_ms
                 .ok_or_else(|| "CONTROL_STORE_TIME_MISSING".to_owned())?,
Diff in \\?\D:\a\eliot-search\eliot-search\bins\eliot-searchd\src\control_store.rs:281:
 impl DevelopmentControlStore {
     pub(crate) fn open(data_root: &Path) -> Result<Self, String> {
         let directory = data_root.join("control");
[31m-        fs::create_dir_all(&directory)
[0m[31m-            .map_err(|_| "CONTROL_STORE_DIRECTORY_FAILED".to_owned())?;
[0m[32m+        fs::create_dir_all(&directory).map_err(|_| "CONTROL_STORE_DIRECTORY_FAILED".to_owned())?;
[0m         let state_a = read_slot(&directory, Slot::A);
         let state_b = read_slot(&directory, Slot::B);
         let latest = newest_valid(&state_a, &state_b)?;
Diff in \\?\D:\a\eliot-search\eliot-search\bins\eliot-searchd\src\control_store.rs:289:
         let recovered_previous_active = latest
             .as_ref()
             .is_some_and(|(_, state)| state.lifecycle != Lifecycle::Stopped);
[31m-        let generation = latest
[0m[31m-            .as_ref()
[0m[31m-            .map_or(Ok(1_u64), |(_, state)| {
[0m[31m-                state
[0m[31m-                    .generation
[0m[31m-                    .checked_add(1)
[0m[31m-                    .ok_or_else(|| "CONTROL_STORE_GENERATION_EXHAUSTED".to_owned())
[0m[31m-            })?;
[0m[32m+        let generation = latest.as_ref().map_or(Ok(1_u64), |(_, state)| {
[0m[32m+            state
[0m[32m+                .generation
[0m[32m+                .checked_add(1)
[0m[32m+                .ok_or_else(|| "CONTROL_STORE_GENERATION_EXHAUSTED".to_owned())
[0m[32m+        })?;
[0m         let active_slot = latest.map_or(Slot::A, |(slot, _)| slot.other());
         let state = ControlState {
             schema: SCHEMA_VERSION,
Diff in \\?\D:\a\eliot-search\eliot-search\bins\eliot-searchd\src\control_store.rs:315:
         })
     }
 
[31m-    pub(crate) fn publish_ready(
[0m[31m-        &mut self,
[0m[31m-        snapshot: SnapshotControl,
[0m[31m-    ) -> Result<(), String> {
[0m[32m+    pub(crate) fn publish_ready(&mut self, snapshot: SnapshotControl) -> Result<(), String> {
[0m         snapshot.validate()?;
         self.advance(Lifecycle::Ready, Some(snapshot))
     }
Diff in \\?\D:\a\eliot-search\eliot-search\bins\eliot-searchd\src\control_store.rs:425:
         .map_err(|_| "CONTROL_STORE_WRITE_FAILED".to_owned())?;
     file.sync_all()
         .map_err(|_| "CONTROL_STORE_SYNC_FAILED".to_owned())?;
[31m-    let readback = read_slot(directory, slot)?
[0m[31m-        .ok_or_else(|| "CONTROL_STORE_READBACK_MISSING".to_owned())?;
[0m[32m+    let readback =
[0m[32m+        read_slot(directory, slot)?.ok_or_else(|| "CONTROL_STORE_READBACK_MISSING".to_owned())?;
[0m     if &readback != state {
         return Err("CONTROL_STORE_READBACK_MISMATCH".to_owned());
     }
Diff in \\?\D:\a\eliot-search\eliot-search\bins\eliot-searchd\src\lexical\build.rs:6:
 
 use search_contracts::{Blake3Digest32, NonZeroRevision, OpaqueId};
 use search_lexical::{
[31m-    AnalyzerConfig, CaseNormalization, LexicalInput, TokenCharacterPolicy,
[0m[31m-    DEFAULT_LEXICAL_LIMITS, analyze,
[0m[32m+    AnalyzerConfig, CaseNormalization, DEFAULT_LEXICAL_LIMITS, LexicalInput, TokenCharacterPolicy,
[0m[32m+    analyze,
[0m };
 
 use crate::snapshot::fingerprint;
Diff in \\?\D:\a\eliot-search\eliot-search\bins\eliot-searchd\src\lexical\build.rs:63:
                     LexicalInput::new(
                         OpaqueId::new(format!("snapshot-document:{document_index}"))
                             .map_err(|_| io::Error::other("invalid lexical source identity"))?,
[31m-                        NonZeroRevision::new(1).map_err(|_| {
[0m[31m-                            io::Error::other("invalid lexical source revision")
[0m[31m-                        })?,
[0m[32m+                        NonZeroRevision::new(1)
[0m[32m+                            .map_err(|_| io::Error::other("invalid lexical source revision"))?,
[0m                         0,
                         0,
                         input_length,
Diff in \\?\D:\a\eliot-search\eliot-search\bins\eliot-searchd\src\lexical\build.rs:97:
                             "lexical posting ceiling exceeded",
                         ));
                     }
[31m-                    let first_byte_offset = first_offsets
[0m[31m-                        .get(&term.term)
[0m[31m-                        .copied()
[0m[31m-                        .ok_or_else(|| {
[0m[32m+                    let first_byte_offset =
[0m[32m+                        first_offsets.get(&term.term).copied().ok_or_else(|| {
[0m                             io::Error::new(
                                 ErrorKind::InvalidData,
                                 "lexical first-offset accounting mismatch",
Diff in \\?\D:\a\eliot-search\eliot-search\bins\eliot-searchd\src\lexical\build.rs:107:
                             )
                         })?;
[31m-                    postings.entry(term.term.clone()).or_default().push(Posting {
[0m[31m-                        document_index,
[0m[31m-                        frequency: term.frequency,
[0m[31m-                        first_byte_offset,
[0m[31m-                    });
[0m[32m+                    postings
[0m[32m+                        .entry(term.term.clone())
[0m[32m+                        .or_default()
[0m[32m+                        .push(Posting {
[0m[32m+                            document_index,
[0m[32m+                            frequency: term.frequency,
[0m[32m+                            first_byte_offset,
[0m[32m+                        });
[0m                 }
                 analysis.receipt.emitted_token_count
             };
Diff in \\?\D:\a\eliot-search\eliot-search\bins\eliot-searchd\src\lexical\build.rs:221:
 
 fn append(output: &mut Vec<u8>, value: &[u8]) -> io::Result<()> {
     let length = u64::try_from(value.len()).map_err(|_| {
[31m-        io::Error::new(ErrorKind::InvalidData, "lexical fingerprint length overflow")
[0m[32m+        io::Error::new(
[0m[32m+            ErrorKind::InvalidData,
[0m[32m+            "lexical fingerprint length overflow",
[0m[32m+        )
[0m     })?;
     output
         .len()
Diff in \\?\D:\a\eliot-search\eliot-search\bins\eliot-searchd\src\lexical\manifest.rs:39:
             "snapshot manifest fingerprint mismatch",
         ));
     }
[31m-    let text = std::str::from_utf8(&bytes).map_err(|_| {
[0m[31m-        io::Error::new(ErrorKind::InvalidData, "snapshot manifest is not UTF-8")
[0m[31m-    })?;
[0m[32m+    let text = std::str::from_utf8(&bytes)
[0m[32m+        .map_err(|_| io::Error::new(ErrorKind::InvalidData, "snapshot manifest is not UTF-8"))?;
[0m     let mut lines = text.lines();
     if lines.next() != Some(MANIFEST_HEADER) {
         return Err(io::Error::new(
Diff in \\?\D:\a\eliot-search\eliot-search\bins\eliot-searchd\src\lexical\manifest.rs:86:
                     })?,
                 )?;
             }
[31m-            "source_roots"
[0m[31m-            | "total_bytes"
[0m[31m-            | "capture_truncated"
[0m[31m-            | "skipped_links"
[0m[31m-            | "skipped_policy"
[0m[31m-            | "skipped_binary"
[0m[31m-            | "unreadable_files"
[0m[31m-            | "unstable_files" => {}
[0m[32m+            "source_roots" | "total_bytes" | "capture_truncated" | "skipped_links"
[0m[32m+            | "skipped_policy" | "skipped_binary" | "unreadable_files" | "unstable_files" => {}
[0m             _ => {
                 return Err(io::Error::new(
                     ErrorKind::InvalidData,
Diff in \\?\D:\a\eliot-search\eliot-search\bins\eliot-searchd\src\lexical\manifest.rs:135:
                 "malformed snapshot manifest entry",
             ));
         }
[31m-        let root_index = fields[0].parse::<usize>().map_err(|_| {
[0m[31m-            io::Error::new(ErrorKind::InvalidData, "invalid root index")
[0m[31m-        })?;
[0m[32m+        let root_index = fields[0]
[0m[32m+            .parse::<usize>()
[0m[32m+            .map_err(|_| io::Error::new(ErrorKind::InvalidData, "invalid root index"))?;
[0m         let relative_path_bytes = decode_hex(fields[1])?;
[31m-        if relative_path_bytes.is_empty()
[0m[31m-            || relative_path_bytes.len() > MAX_RELATIVE_PATH_BYTES
[0m[31m-        {
[0m[32m+        if relative_path_bytes.is_empty() || relative_path_bytes.len() > MAX_RELATIVE_PATH_BYTES {
[0m             return Err(io::Error::new(
                 ErrorKind::InvalidData,
                 "relative path exceeds its finite bounds",
Diff in \\?\D:\a\eliot-search\eliot-search\bins\eliot-searchd\src\lexical\manifest.rs:148:
             ));
         }
[31m-        let relative_path = String::from_utf8(relative_path_bytes).map_err(|_| {
[0m[31m-            io::Error::new(ErrorKind::InvalidData, "relative path is not UTF-8")
[0m[31m-        })?;
[0m[32m+        let relative_path = String::from_utf8(relative_path_bytes)
[0m[32m+            .map_err(|_| io::Error::new(ErrorKind::InvalidData, "relative path is not UTF-8"))?;
[0m         if relative_path.starts_with('/')
             || relative_path.contains("../")
             || relative_path.contains("..\\")
Diff in \\?\D:\a\eliot-search\eliot-search\bins\eliot-searchd\src\lexical\manifest.rs:161:
             ));
         }
         let revision_fingerprint = decode_hex_32(fields[2])?;
[31m-        let byte_length = fields[3].parse::<u64>().map_err(|_| {
[0m[31m-            io::Error::new(ErrorKind::InvalidData, "invalid revision length")
[0m[31m-        })?;
[0m[31m-        let line_count = fields[4].parse::<usize>().map_err(|_| {
[0m[31m-            io::Error::new(ErrorKind::InvalidData, "invalid line count")
[0m[31m-        })?;
[0m[32m+        let byte_length = fields[3]
[0m[32m+            .parse::<u64>()
[0m[32m+            .map_err(|_| io::Error::new(ErrorKind::InvalidData, "invalid revision length"))?;
[0m[32m+        let line_count = fields[4]
[0m[32m+            .parse::<usize>()
[0m[32m+            .map_err(|_| io::Error::new(ErrorKind::InvalidData, "invalid line count"))?;
[0m         if byte_length > maximum_file_bytes {
             return Err(io::Error::new(
                 ErrorKind::InvalidData,
Diff in \\?\D:\a\eliot-search\eliot-search\bins\eliot-searchd\src\lexical\manifest.rs:218:
             "retained revision readback mismatch",
         ));
     }
[31m-    let text = String::from_utf8(bytes).map_err(|_| {
[0m[31m-        io::Error::new(ErrorKind::InvalidData, "retained revision is not UTF-8")
[0m[31m-    })?;
[0m[32m+    let text = String::from_utf8(bytes)
[0m[32m+        .map_err(|_| io::Error::new(ErrorKind::InvalidData, "retained revision is not UTF-8"))?;
[0m     let actual_lines = if text.is_empty() {
         0
     } else {
Diff in \\?\D:\a\eliot-search\eliot-search\bins\eliot-searchd\src\lexical\manifest.rs:241:
 
 fn read_bounded_file(path: &Path, maximum_bytes: u64) -> io::Result<Vec<u8>> {
     let metadata = fs::symlink_metadata(path)?;
[31m-    if is_link_or_reparse(&metadata)
[0m[31m-        || !metadata.is_file()
[0m[31m-        || metadata.len() > maximum_bytes
[0m[31m-    {
[0m[32m+    if is_link_or_reparse(&metadata) || !metadata.is_file() || metadata.len() > maximum_bytes {
[0m         return Err(io::Error::new(
             ErrorKind::InvalidData,
             "invalid retained lexical object",
Diff in \\?\D:\a\eliot-search\eliot-search\bins\eliot-searchd\src\lexical\search.rs:7:
 use std::io::{self, ErrorKind};
 
 use search_contracts::{NonZeroRevision, OpaqueId};
[31m-use search_lexical::{LexicalInput, DEFAULT_LEXICAL_LIMITS, analyze};
[0m[32m+use search_lexical::{DEFAULT_LEXICAL_LIMITS, LexicalInput, analyze};
[0m 
 use super::manifest::read_retained_document;
 use super::{LexicalIndex, LexicalMatch, LexicalSearchResult};
Diff in \\?\D:\a\eliot-search\eliot-search\bins\eliot-searchd\src\lexical\search.rs:35:
                 "lexical query must be non-empty and at most 1024 UTF-8 bytes",
             ));
         }
[31m-        let query_length = u64::try_from(query.len()).map_err(|_| {
[0m[31m-            io::Error::new(ErrorKind::InvalidData, "lexical query length overflow")
[0m[31m-        })?;
[0m[32m+        let query_length = u64::try_from(query.len())
[0m[32m+            .map_err(|_| io::Error::new(ErrorKind::InvalidData, "lexical query length overflow"))?;
[0m         let analysis = analyze(
             LexicalInput::new(
                 OpaqueId::new("query:lexical")
Diff in \\?\D:\a\eliot-search\eliot-search\bins\eliot-searchd\src\lexical\search.rs:76:
             let inverse_document_frequency = if document_count == 0.0 {
                 0.0
             } else {
[31m-                (1.0 + (document_count - document_frequency + 0.5)
[0m[31m-                    / (document_frequency + 0.5))
[0m[32m+                (1.0 + (document_count - document_frequency + 0.5) / (document_frequency + 0.5))
[0m                     .ln()
             };
[31m-            if !inverse_document_frequency.is_finite()
[0m[31m-                || inverse_document_frequency < 0.0
[0m[31m-            {
[0m[32m+            if !inverse_document_frequency.is_finite() || inverse_document_frequency < 0.0 {
[0m                 return Err(io::Error::new(
                     ErrorKind::InvalidData,
                     "lexical inverse-document-frequency is invalid",
Diff in \\?\D:\a\eliot-search\eliot-search\bins\eliot-searchd\src\lexical\search.rs:89:
                 ));
             }
             for posting in postings {
[31m-                let document = self
[0m[31m-                    .documents
[0m[31m-                    .get(posting.document_index)
[0m[31m-                    .ok_or_else(|| {
[0m[31m-                        io::Error::new(
[0m[31m-                            ErrorKind::InvalidData,
[0m[31m-                            "lexical posting references a missing document",
[0m[31m-                        )
[0m[31m-                    })?;
[0m[32m+                let document = self.documents.get(posting.document_index).ok_or_else(|| {
[0m[32m+                    io::Error::new(
[0m[32m+                        ErrorKind::InvalidData,
[0m[32m+                        "lexical posting references a missing document",
[0m[32m+                    )
[0m[32m+                })?;
[0m                 let term_frequency = posting.frequency as f64;
                 let document_length = document.token_count as f64;
                 let k1 = 1.2_f64;
Diff in \\?\D:\a\eliot-search\eliot-search\bins\eliot-searchd\src\lexical\search.rs:104:
                 let b = 0.75_f64;
                 let denominator = term_frequency
[31m-                    + k1
[0m[31m-                        * (1.0 - b
[0m[31m-                            + b * (document_length / self.average_document_length));
[0m[31m-                let contribution = inverse_document_frequency
[0m[31m-                    * (term_frequency * (k1 + 1.0) / denominator);
[0m[32m+                    + k1 * (1.0 - b + b * (document_length / self.average_document_length));
[0m[32m+                let contribution =
[0m[32m+                    inverse_document_frequency * (term_frequency * (k1 + 1.0) / denominator);
[0m                 if !contribution.is_finite() || contribution < 0.0 {
                     return Err(io::Error::new(
                         ErrorKind::InvalidData,
Diff in \\?\D:\a\eliot-search\eliot-search\bins\eliot-searchd\src\lexical\search.rs:114:
                         "lexical score contribution is invalid",
                     ));
                 }
[31m-                let accumulator = accumulators
[0m[31m-                    .entry(posting.document_index)
[0m[31m-                    .or_insert(Accumulator {
[0m[31m-                        score: 0.0,
[0m[31m-                        matched_terms: 0,
[0m[31m-                        first_byte_offset: posting.first_byte_offset,
[0m[31m-                    });
[0m[32m+                let accumulator =
[0m[32m+                    accumulators
[0m[32m+                        .entry(posting.document_index)
[0m[32m+                        .or_insert(Accumulator {
[0m[32m+                            score: 0.0,
[0m[32m+                            matched_terms: 0,
[0m[32m+                            first_byte_offset: posting.first_byte_offset,
[0m[32m+                        });
[0m                 accumulator.score += contribution;
                 accumulator.matched_terms = accumulator.matched_terms.saturating_add(1);
[31m-                accumulator.first_byte_offset = accumulator
[0m[31m-                    .first_byte_offset
[0m[31m-                    .min(posting.first_byte_offset);
[0m[32m+                accumulator.first_byte_offset =
[0m[32m+                    accumulator.first_byte_offset.min(posting.first_byte_offset);
[0m             }
         }
 
Diff in \\?\D:\a\eliot-search\eliot-search\bins\eliot-searchd\src\lexical\search.rs:164:
                         "ranked candidate references a missing document",
                     )
                 })?;
[31m-            let text = match read_retained_document(
[0m[31m-                &document.source,
[0m[31m-                self.limits.max_file_bytes,
[0m[31m-            ) {
[0m[32m+            let text = match read_retained_document(&document.source, self.limits.max_file_bytes) {
[0m                 Ok(text) => text,
                 Err(_) => {
                     unavailable_revisions = unavailable_revisions.saturating_add(1);
Diff in \\?\D:\a\eliot-search\eliot-search\bins\eliot-searchd\src\lexical\search.rs:209:
     }
 }
 
[31m-fn compare_documents(
[0m[31m-    index: &LexicalIndex,
[0m[31m-    left_index: usize,
[0m[31m-    right_index: usize,
[0m[31m-) -> Ordering {
[0m[32m+fn compare_documents(index: &LexicalIndex, left_index: usize, right_index: usize) -> Ordering {
[0m     match (
         index.documents.get(left_index),
         index.documents.get(right_index),
Diff in \\?\D:\a\eliot-search\eliot-search\bins\eliot-searchd\src\lexical\search.rs:222:
             .source
             .root_index
             .cmp(&right.source.root_index)
[31m-            .then_with(|| {
[0m[31m-                left.source
[0m[31m-                    .relative_path
[0m[31m-                    .cmp(&right.source.relative_path)
[0m[31m-            })
[0m[32m+            .then_with(|| left.source.relative_path.cmp(&right.source.relative_path))
[0m             .then_with(|| {
                 left.source
                     .revision_fingerprint
Diff in \\?\D:\a\eliot-search\eliot-search\bins\eliot-searchd\src\main.rs:190:
     let runtime_dir = options.data_root.join("runtime");
     fs::create_dir_all(&runtime_dir)?;
     let _owner = OwnerFile::acquire(&runtime_dir)?;
[31m-    let mut control = DevelopmentControlStore::open(&options.data_root)
[0m[31m-        .map_err(io::Error::other)?;
[0m[32m+    let mut control =
[0m[32m+        DevelopmentControlStore::open(&options.data_root).map_err(io::Error::other)?;
[0m     let token = load_or_create_token(&options.token_file)?;
[31m-    let mut snapshot = SnapshotIndex::capture(
[0m[31m-        &options.data_root,
[0m[31m-        &options.source_roots,
[0m[31m-        options.limits,
[0m[31m-    )?;
[0m[32m+    let mut snapshot =
[0m[32m+        SnapshotIndex::capture(&options.data_root, &options.source_roots, options.limits)?;
[0m     let mut lexical = build_lexical_index(&options.data_root, &snapshot, options.limits)?;
     publish_snapshot_control(&mut control, &snapshot)?;
 
Diff in \\?\D:\a\eliot-search\eliot-search\bins\eliot-searchd\src\main.rs:308:
         write_error(stream, "MALFORMED_REQUEST", "invalid protocol frame")?;
         return Ok(false);
     }
[31m-    if !constant_time_eq(token.unwrap_or_default().as_bytes(), expected_token.as_bytes()) {
[0m[32m+    if !constant_time_eq(
[0m[32m+        token.unwrap_or_default().as_bytes(),
[0m[32m+        expected_token.as_bytes(),
[0m[32m+    ) {
[0m         write_error(stream, "AUTHENTICATION_FAILED", "invalid local token")?;
         return Ok(false);
     }
Diff in \\?\D:\a\eliot-search\eliot-search\bins\eliot-searchd\src\main.rs:321:
         "status" => {
             write_response(
                 stream,
[31m-                &render_status(
[0m[31m-                    address,
[0m[31m-                    source_roots.len(),
[0m[31m-                    snapshot,
[0m[31m-                    lexical,
[0m[31m-                    control,
[0m[31m-                ),
[0m[32m+                &render_status(address, source_roots.len(), snapshot, lexical, control),
[0m             )?;
             Ok(false)
         }
Diff in \\?\D:\a\eliot-search\eliot-search\bins\eliot-searchd\src\main.rs:343:
             Ok(false)
         }
         "refresh" => {
[31m-            match SnapshotIndex::capture(data_root, source_roots, limits)
[0m[31m-                .and_then(|new_snapshot| {
[0m[31m-                    build_lexical_index(data_root, &new_snapshot, limits)
[0m[31m-                        .map(|new_lexical| (new_snapshot, new_lexical))
[0m[31m-                }) {
[0m[32m+            match SnapshotIndex::capture(data_root, source_roots, limits).and_then(|new_snapshot| {
[0m[32m+                build_lexical_index(data_root, &new_snapshot, limits)
[0m[32m+                    .map(|new_lexical| (new_snapshot, new_lexical))
[0m[32m+            }) {
[0m                 Ok((new_snapshot, new_lexical)) => {
                     if let Err(error) = publish_snapshot_control(control, &new_snapshot) {
                         write_error(stream, "SNAPSHOT_CONTROL_COMMIT_FAILED", &error.to_string())?;
Diff in \\?\D:\a\eliot-search\eliot-search\bins\eliot-searchd\src\main.rs:355:
                     }
                     *snapshot = new_snapshot;
                     *lexical = new_lexical;
[31m-                    write_response(
[0m[31m-                        stream,
[0m[31m-                        &render_health(snapshot, lexical, control, true),
[0m[31m-                    )?;
[0m[32m+                    write_response(stream, &render_health(snapshot, lexical, control, true))?;
[0m                 }
                 Err(error) => {
                     write_error(stream, "SNAPSHOT_REFRESH_FAILED", &error.to_string())?;
Diff in \\?\D:\a\eliot-search\eliot-search\bins\eliot-searchd\src\main.rs:705:
         fs::create_dir_all(parent)?;
     }
     let token = generate_local_token()?;
[31m-    let mut file = OpenOptions::new()
[0m[31m-        .write(true)
[0m[31m-        .create_new(true)
[0m[31m-        .open(path)?;
[0m[32m+    let mut file = OpenOptions::new().write(true).create_new(true).open(path)?;
[0m     file.write_all(token.as_bytes())?;
     file.write_all(b"\n")?;
     file.sync_all()?;
Diff in \\?\D:\a\eliot-search\eliot-search\bins\eliot-searchd\src\main.rs:1000:
 }
 
 fn next_value(arguments: &mut impl Iterator<Item = String>, name: &str) -> io::Result<String> {
[31m-    arguments.next().ok_or_else(|| {
[0m[31m-        io::Error::new(ErrorKind::InvalidInput, format!("{name} requires a value"))
[0m[31m-    })
[0m[32m+    arguments
[0m[32m+        .next()
[0m[32m+        .ok_or_else(|| io::Error::new(ErrorKind::InvalidInput, format!("{name} requires a value")))
[0m }
 
 fn parse_positive_usize(value: &str, name: &str) -> io::Result<usize> {
Diff in \\?\D:\a\eliot-search\eliot-search\bins\eliot-searchd\src\main.rs:1063:
     {
         return Err(io::Error::other("runtime self-test failed"));
     }
[31m-    println!(
[0m[31m-        concat!(
[0m[31m-            "{{\"ok\":true,\"service\":\"eliot-searchd\",",
[0m[31m-            "\"self_test\":\"PASS\",\"mode\":\"W3_LOCAL_LEXICAL\"}}"
[0m[31m-        )
[0m[31m-    );
[0m[32m+    println!(concat!(
[0m[32m+        "{{\"ok\":true,\"service\":\"eliot-searchd\",",
[0m[32m+        "\"self_test\":\"PASS\",\"mode\":\"W3_LOCAL_LEXICAL\"}}"
[0m[32m+    ));
[0m     Ok(())
 }
 
Diff in \\?\D:\a\eliot-search\eliot-search\bins\eliot-searchd\src\snapshot.rs:422:
     if !canonical.starts_with(root) || canonical.starts_with(data_root) {
         return Err(StableReadFailure::LinkOrEscape);
     }
[31m-    let final_metadata = fs::symlink_metadata(&canonical)
[0m[31m-        .map_err(|_| StableReadFailure::Unreadable)?;
[0m[32m+    let final_metadata =
[0m[32m+        fs::symlink_metadata(&canonical).map_err(|_| StableReadFailure::Unreadable)?;
[0m     if is_link_or_reparse(&final_metadata) || !final_metadata.is_file() {
         return Err(StableReadFailure::LinkOrEscape);
     }
Diff in \\?\D:\a\eliot-search\eliot-search\bins\eliot-searchd\src\snapshot.rs:478:
     }
 
     let sequence = TEMP_SEQUENCE.fetch_add(1, Ordering::Relaxed);
[31m-    let temporary = directory.join(format!(
[0m[31m-        ".{digest}.{}.{}.tmp",
[0m[31m-        std::process::id(),
[0m[31m-        sequence
[0m[31m-    ));
[0m[32m+    let temporary = directory.join(format!(".{digest}.{}.{}.tmp", std::process::id(), sequence));
[0m     {
         let mut file = OpenOptions::new()
             .write(true)
Diff in \\?\D:\a\eliot-search\eliot-search\bins\eliot-searchd\src\snapshot.rs:565:
 }
 
 fn write_unique_verified(path: &Path, bytes: &[u8], max_bytes: u64) -> io::Result<()> {
[31m-    let mut file = OpenOptions::new()
[0m[31m-        .write(true)
[0m[31m-        .create_new(true)
[0m[31m-        .open(path)?;
[0m[32m+    let mut file = OpenOptions::new().write(true).create_new(true).open(path)?;
[0m     file.write_all(bytes)?;
     file.sync_all()?;
     let parent = path.parent().ok_or_else(|| {
Diff in \\?\D:\a\eliot-search\eliot-search\bins\eliot-searchd\src\snapshot.rs:763:
                 | "credentials.json"
                 | "secrets.json"
                 | "wallet.dat"
[31m-    )
[0m[32m+        )
[0m     {
         return true;
     }
Diff in \\?\D:\a\eliot-search\eliot-search\bins\eliot-searchd\src\snapshot.rs:770:
     let denied_extensions = [
[31m-        "exe", "dll", "so", "dylib", "bin", "obj", "o", "a", "lib", "class",
[0m[31m-        "jar", "war", "zip", "7z", "rar", "gz", "bz2", "xz", "tar", "pdf",
[0m[31m-        "png", "jpg", "jpeg", "gif", "webp", "bmp", "ico", "mp3", "wav", "flac",
[0m[31m-        "mp4", "mkv", "mov", "avi", "db", "sqlite", "sqlite3", "mdb", "pdb",
[0m[31m-        "key", "pem", "pfx", "p12", "jks", "keystore", "kdbx", "der", "crt",
[0m[32m+        "exe", "dll", "so", "dylib", "bin", "obj", "o", "a", "lib", "class", "jar", "war", "zip",
[0m[32m+        "7z", "rar", "gz", "bz2", "xz", "tar", "pdf", "png", "jpg", "jpeg", "gif", "webp", "bmp",
[0m[32m+        "ico", "mp3", "wav", "flac", "mp4", "mkv", "mov", "avi", "db", "sqlite", "sqlite3", "mdb",
[0m[32m+        "pdb", "key", "pem", "pfx", "p12", "jks", "keystore", "kdbx", "der", "crt",
[0m     ];
     path.extension()
         .and_then(|extension| extension.to_str())
Diff in \\?\D:\a\eliot-search\eliot-search\bins\eliot-searchd\src\snapshot.rs:825:
     ];
     for (index, byte) in bytes.iter().copied().enumerate() {
         for (lane_index, lane) in lanes.iter_mut().enumerate() {
[31m-            let mixed = byte.wrapping_add(
[0m[31m-                u8::try_from((index + lane_index * 29) & 0xff).unwrap_or(0),
[0m[31m-            );
[0m[32m+            let mixed =
[0m[32m+                byte.wrapping_add(u8::try_from((index + lane_index * 29) & 0xff).unwrap_or(0));
[0m             *lane ^= u64::from(mixed);
             *lane = lane
[31m-                .wrapping_mul(0x0000_0100_0000_01b3_u64.wrapping_add(
[0m[31m-                    u64::try_from(lane_index * 2).unwrap_or(0),
[0m[31m-                ))
[0m[32m+                .wrapping_mul(
[0m[32m+                    0x0000_0100_0000_01b3_u64
[0m[32m+                        .wrapping_add(u64::try_from(lane_index * 2).unwrap_or(0)),
[0m[32m+                )
[0m                 .rotate_left(u32::try_from(11 + lane_index * 7).unwrap_or(11));
         }
     }
Diff in \\?\D:\a\eliot-search\eliot-search\bins\eliot-searchd\src\snapshot.rs:882:
 
 #[allow(dead_code)]
 fn path_has_parent_escape(path: &Path) -> bool {
[31m-    path.components().any(|component| matches!(component, Component::ParentDir))
[0m[32m+    path.components()
[0m[32m+        .any(|component| matches!(component, Component::ParentDir))
[0m }
 
Diff in \\?\D:\a\eliot-search\eliot-search\crates\search-eliot-adapter\src\adapter.rs:63:
         max_payload_bytes: usize,
     ) -> Result<Self, AdapterError> {
         Ok(Self {
[31m-            max_in_flight: NonZeroUsize::new(max_in_flight)
[0m[31m-                .ok_or(AdapterError::InvalidLimits)?,
[0m[32m+            max_in_flight: NonZeroUsize::new(max_in_flight).ok_or(AdapterError::InvalidLimits)?,
[0m             max_retained_terminal: NonZeroUsize::new(max_retained_terminal)
                 .ok_or(AdapterError::InvalidLimits)?,
             max_payload_bytes: NonZeroUsize::new(max_payload_bytes)
Diff in \\?\D:\a\eliot-search\eliot-search\crates\search-eliot-adapter\src\adapter.rs:365:
     /// # Errors
     ///
     /// Unknown or terminal requests are rejected.
[31m-    pub fn request_cancellation(
[0m[31m-        &mut self,
[0m[31m-        request_id: RequestId,
[0m[31m-    ) -> Result<(), AdapterError> {
[0m[32m+    pub fn request_cancellation(&mut self, request_id: RequestId) -> Result<(), AdapterError> {
[0m         let record = self
             .requests
             .get_mut(&request_id)
Diff in \\?\D:\a\eliot-search\eliot-search\crates\search-eliot-adapter\src\adapter.rs:389:
     ///
     /// The request must exist, the original request digest must match, and a
     /// second terminal response is rejected.
[31m-    pub fn complete(
[0m[31m-        &mut self,
[0m[31m-        receipt: TerminalReceipt,
[0m[31m-    ) -> Result<(), AdapterError> {
[0m[32m+    pub fn complete(&mut self, receipt: TerminalReceipt) -> Result<(), AdapterError> {
[0m         let record = self
             .requests
             .get_mut(&receipt.request_id)
Diff in \\?\D:\a\eliot-search\eliot-search\crates\search-eliot-adapter\src\adapter.rs:457:
     /// Returns a content-free terminal receipt for exact replay.
     #[must_use]
     pub fn terminal_receipt(&self, request_id: RequestId) -> Option<TerminalReceipt> {
[31m-        self.requests.get(&request_id).and_then(|record| record.terminal)
[0m[32m+        self.requests
[0m[32m+            .get(&request_id)
[0m[32m+            .and_then(|record| record.terminal)
[0m     }
 
     fn prune_terminal_history(&mut self) {
Diff in \\?\D:\a\eliot-search\eliot-search\crates\search-eval\src\audits.rs:701:
         return Err(EvalError::ProductReportIncomplete);
     }
     observations.sort_by(|left, right| {
[31m-        (&left.baseline_id, &left.repetition_id).cmp(&(
[0m[31m-            &right.baseline_id,
[0m[31m-            &right.repetition_id,
[0m[31m-        ))
[0m[32m+        (&left.baseline_id, &left.repetition_id).cmp(&(&right.baseline_id, &right.repetition_id))
[0m     });
     let mut seen = BTreeSet::new();
     let mut expected: BTreeMap<(OpaqueId, Blake3Digest32), Blake3Digest32> = BTreeMap::new();
Diff in \\?\D:\a\eliot-search\eliot-search\crates\search-eval\src\audits.rs:721:
         let key = (observation.baseline_id.clone(), observation.input_digest);
         match expected.get(&key) {
             Some(first)
[31m-                if first != &observation.output_digest
[0m[31m-                    && !observation.nondeterminism_expected =>
[0m[32m+                if first != &observation.output_digest && !observation.nondeterminism_expected =>
[0m             {
                 blockers.push(HardBlocker {
                     class: HardBlockerClass::Reproducibility,
Diff in \\?\D:\a\eliot-search\eliot-search\crates\search-eval\src\core.rs:410:
         if definition.unit.as_str().is_empty() || definition.minimum_samples == 0 {
             return Err(EvalError::MetricRegistryInvalid);
         }
[31m-        if definition.direction == MetricDirection::ZeroTolerance
[0m[31m-            && !definition.safety_metric
[0m[31m-        {
[0m[32m+        if definition.direction == MetricDirection::ZeroTolerance && !definition.safety_metric {
[0m             return Err(EvalError::MetricRegistryInvalid);
         }
         if definition.safety_metric
Diff in \\?\D:\a\eliot-search\eliot-search\crates\search-eval\src\core.rs:687:
             EvalError::OracleContamination
         });
     }
[31m-    input.artifacts.sort_by(|left, right| left.artifact_id.cmp(&right.artifact_id));
[0m[32m+    input
[0m[32m+        .artifacts
[0m[32m+        .sort_by(|left, right| left.artifact_id.cmp(&right.artifact_id));
[0m     if input
         .artifacts
         .windows(2)
Diff in \\?\D:\a\eliot-search\eliot-search\crates\search-eval\src\report.rs:6:
 
 use crate::{
     AdmissionAudit, AttemptStatus, BaselineComparison, BaselineComparisonClass,
[31m-    BaselineMetricReport, EvalError, EvalLimits, FaultMatrixReport,
[0m[31m-    FingerprintBuilder, FrozenRunManifest, HardBlocker, HardBlockerClass,
[0m[31m-    LeakageAudit, MetricDirection, ProbeStatus, ProtocolStressReport,
[0m[31m-    ReproducibilityReport, ResourceReport, SloReport, ValidatedAcceptancePolicy,
[0m[31m-    ValidatedCaseEvidence, ValidatedControlCorpus, ValidatedMetricRegistry,
[0m[31m-    ValidatedProbeEvidence,
[0m[32m+    BaselineMetricReport, EvalError, EvalLimits, FaultMatrixReport, FingerprintBuilder,
[0m[32m+    FrozenRunManifest, HardBlocker, HardBlockerClass, LeakageAudit, MetricDirection, ProbeStatus,
[0m[32m+    ProtocolStressReport, ReproducibilityReport, ResourceReport, SloReport,
[0m[32m+    ValidatedAcceptancePolicy, ValidatedCaseEvidence, ValidatedControlCorpus,
[0m[32m+    ValidatedMetricRegistry, ValidatedProbeEvidence,
[0m };
 
 /// Exact measured case coverage for all three A/B/C identities.
Diff in \\?\D:\a\eliot-search\eliot-search\crates\search-eval\src\report.rs:189:
     }
     let mut report_ids = BTreeSet::new();
     for report in &inputs.metric_reports {
[31m-        if report.run_digest != run.run_digest()
[0m[31m-            || !report_ids.insert(report.baseline_id.clone())
[0m[31m-        {
[0m[32m+        if report.run_digest != run.run_digest() || !report_ids.insert(report.baseline_id.clone()) {
[0m             return Err(EvalError::AggregateIdentityMismatch);
         }
     }
Diff in \\?\D:\a\eliot-search\eliot-search\crates\search-eval\src\report.rs:226:
             continue;
         }
         let metric = candidate_metrics.metrics.get(&definition.metric_id);
[31m-        if metric.is_none_or(|metric| {
[0m[31m-            !metric.complete || metric.value.is_none_or(|value| value != 0.0)
[0m[31m-        }) {
[0m[32m+        if metric
[0m[32m+            .is_none_or(|metric| !metric.complete || metric.value.is_none_or(|value| value != 0.0))
[0m[32m+        {
[0m             blockers.push(HardBlocker {
                 class: HardBlockerClass::Correctness,
                 check_id: definition.metric_id.clone(),
Diff in \\?\D:\a\eliot-search\eliot-search\crates\search-eval\src\report.rs:297:
         && !inputs.faults.cells.is_empty()
         && inputs.protocol.evidence.complete
         && !inputs.reproducibility.observations.is_empty()
[31m-        && inputs
[0m[31m-            .probes
[0m[31m-            .iter()
[0m[31m-            .all(|probe| !probe.evidence().mandatory || probe.evidence().status != ProbeStatus::Unavailable);
[0m[32m+        && inputs.probes.iter().all(|probe| {
[0m[32m+            !probe.evidence().mandatory || probe.evidence().status != ProbeStatus::Unavailable
[0m[32m+        });
[0m 
     let mut fingerprint = FingerprintBuilder::new(b"eliot-search/eval/product-pulse/v1");
     fingerprint.push_digest(run.run_digest());
Diff in \\?\D:\a\eliot-search\eliot-search\crates\search-index-qdrant\search-epoch-pins\src\lib.rs:16:
 use std::collections::BTreeMap;
 use std::sync::{Arc, Mutex, Weak};
 
[31m-use search_contracts::{
[0m[31m-    CollectionGenerationId, CollectionRouteRevision, Epoch, OpaqueId,
[0m[31m-};
[0m[32m+use search_contracts::{CollectionGenerationId, CollectionRouteRevision, Epoch, OpaqueId};
[0m 
 /// Closed pin-registry failure.
 #[derive(Clone, Copy, Debug, Eq, Ord, PartialEq, PartialOrd)]
Diff in \\?\D:\a\eliot-search\eliot-search\crates\search-index-qdrant\search-epoch-pins\src\lib.rs:430:
         let registry = self.registry.upgrade().ok_or(PinError::PinNotFound)?;
         let mut inner = registry.lock().map_err(|_| PinError::RegistryPoisoned)?;
         let max_ttl = inner.limits.max_continuation_ttl_ms;
[31m-        let record = inner.pins.get_mut(&self.pin_id).ok_or(PinError::PinNotFound)?;
[0m[31m-        if record.owner != self.owner || record.route != self.route || record.epoch != Some(self.epoch)
[0m[32m+        let record = inner
[0m[32m+            .pins
[0m[32m+            .get_mut(&self.pin_id)
[0m[32m+            .ok_or(PinError::PinNotFound)?;
[0m[32m+        if record.owner != self.owner
[0m[32m+            || record.route != self.route
[0m[32m+            || record.epoch != Some(self.epoch)
[0m         {
             return Err(PinError::OwnerMismatch);
         }
Diff in \\?\D:\a\eliot-search\eliot-search\crates\search-index-qdrant\search-index-reclaimer\src\lib.rs:15:
 
 pub use error::ReclaimError;
 pub use manifest::{
[31m-    CommittedRetiredManifest, PublicationCommitProof, ReclaimPointId,
[0m[31m-    RetiredPointManifest, validate_retired_manifest,
[0m[32m+    CommittedRetiredManifest, PublicationCommitProof, ReclaimPointId, RetiredPointManifest,
[0m[32m+    validate_retired_manifest,
[0m };
 pub use plan::{
[31m-    ReclaimBatch, ReclaimBudget, ReclaimPlan, ReclaimPlanDigest, ReclaimSettings,
[0m[31m-    plan,
[0m[32m+    ReclaimBatch, ReclaimBudget, ReclaimPlan, ReclaimPlanDigest, ReclaimSettings, plan,
[0m };
 pub use receipt::{
     ReclaimBatchOutcome, ReclaimBatchReceipt, ReclaimCheckpoint, ReclaimReceipt,
Diff in \\?\D:\a\eliot-search\eliot-search\crates\search-index-qdrant\search-index-reclaimer\src\manifest.rs:1:
 //! Exact committed retired-point manifests.
 
[31m-use search_contracts::{
[0m[31m-    Blake3Digest32, CollectionGenerationId, Epoch, ReceiptRef,
[0m[31m-};
[0m[32m+use search_contracts::{Blake3Digest32, CollectionGenerationId, Epoch, ReceiptRef};
[0m use search_epoch_pins::RouteIdentity;
 
 use crate::ReclaimError;
Diff in \\?\D:\a\eliot-search\eliot-search\crates\search-index-qdrant\search-index-reclaimer\src\manifest.rs:75:
     if manifest.point_ids.is_empty() {
         return Err(ReclaimError::EmptyManifest);
     }
[31m-    if manifest
[0m[31m-        .point_ids
[0m[31m-        .windows(2)
[0m[31m-        .any(|pair| pair[0] >= pair[1])
[0m[31m-    {
[0m[32m+    if manifest.point_ids.windows(2).any(|pair| pair[0] >= pair[1]) {
[0m         return Err(ReclaimError::InvalidPointSet);
     }
     if manifest.collection_generation_id != publication.collection_generation_id
Diff in \\?\D:\a\eliot-search\eliot-search\crates\search-index-qdrant\search-index-reclaimer\src\receipt.rs:5:
 use search_contracts::{Blake3Digest32, OpaqueId, ReceiptRef};
 use search_epoch_pins::ReclamationWatermark;
 
[31m-use crate::{
[0m[31m-    ReclaimBatch, ReclaimError, ReclaimPlan, ReclaimPlanDigest, ReclaimPointId,
[0m[31m-};
[0m[32m+use crate::{ReclaimBatch, ReclaimError, ReclaimPlan, ReclaimPlanDigest, ReclaimPointId};
[0m 
 /// Terminal observation for one exact delete/readback batch.
 #[derive(Clone, Copy, Debug, Eq, PartialEq)]
Diff in \\?\D:\a\eliot-search\eliot-search\crates\search-index-qdrant\search-index-reclaimer\src\receipt.rs:192:
         plan_digest: plan.plan_digest,
         manifest_digest: plan.manifest.manifest().manifest_digest,
         reclaimed_points,
[31m-        publication_receipt_ref: plan
[0m[31m-            .manifest
[0m[31m-            .manifest()
[0m[31m-            .publication_receipt_ref
[0m[31m-            .clone(),
[0m[32m+        publication_receipt_ref: plan.manifest.manifest().publication_receipt_ref.clone(),
[0m     })
 }
 
Diff in \\?\D:\a\eliot-search\eliot-search\crates\search-index-qdrant\search-point-identity\src\lib.rs:207:
         append_u64(&mut bytes, self.source_byte_start, limits)?;
         append_u64(&mut bytes, self.source_byte_end, limits)?;
         append_u8(&mut bytes, self.projection_kind.tag(), limits)?;
[31m-        append_bytes(
[0m[31m-            &mut bytes,
[0m[31m-            self.projection_fingerprint.as_bytes(),
[0m[31m-            limits,
[0m[31m-        )?;
[0m[31m-        append_u64(
[0m[31m-            &mut bytes,
[0m[31m-            self.projection_schema_revision.get(),
[0m[31m-            limits,
[0m[31m-        )?;
[0m[32m+        append_bytes(&mut bytes, self.projection_fingerprint.as_bytes(), limits)?;
[0m[32m+        append_u64(&mut bytes, self.projection_schema_revision.get(), limits)?;
[0m         Ok(bytes)
     }
 }
Diff in \\?\D:\a\eliot-search\eliot-search\crates\search-index-qdrant\search-point-identity\src\lib.rs:246:
         let mut output = String::with_capacity(32);
         for byte in self.0 {
             use core::fmt::Write as _;
[31m-            write!(&mut output, "{byte:02x}")
[0m[31m-                .expect("writing hexadecimal into String cannot fail");
[0m[32m+            write!(&mut output, "{byte:02x}").expect("writing hexadecimal into String cannot fail");
[0m         }
         output
     }
Diff in \\?\D:\a\eliot-search\eliot-search\crates\search-index-qdrant\search-point-identity\src\lib.rs:328:
     /// Registers or exactly replays one derived identity.
     ///
     /// A compact-ID collision with another complete key is a hard error.
[31m-    pub fn register(
[0m[31m-        &mut self,
[0m[31m-        identity: PointIdentity,
[0m[31m-    ) -> Result<PointId128, PointIdentityError> {
[0m[32m+    pub fn register(&mut self, identity: PointIdentity) -> Result<PointId128, PointIdentityError> {
[0m         if identity.profile_revision != POINT_IDENTITY_PROFILE_REVISION {
             return Err(PointIdentityError::IdentityMismatch);
         }
Diff in \\?\D:\a\eliot-search\eliot-search\crates\search-index-qdrant\search-point-identity\src\lib.rs:350:
         if self.by_id.len() >= self.max_points {
             return Err(PointIdentityError::RegistryCapacityExceeded);
         }
[31m-        self.by_key
[0m[31m-            .insert(identity.key.clone(), identity.point_id);
[0m[32m+        self.by_key.insert(identity.key.clone(), identity.point_id);
[0m         self.by_id.insert(identity.point_id, identity.key);
         Ok(identity.point_id)
     }
Diff in \\?\D:\a\eliot-search\eliot-search\crates\search-index-qdrant\search-point-identity\src\lib.rs:440:
         left = left.wrapping_mul(FNV_PRIME);
         left ^= left.rotate_right(29).wrapping_add(MIX_A);
 
[31m-        right ^= u64::from(byte).wrapping_add(
[0m[31m-            u64::try_from(index).unwrap_or(u64::MAX).rotate_left(17),
[0m[31m-        );
[0m[32m+        right ^=
[0m[32m+            u64::from(byte).wrapping_add(u64::try_from(index).unwrap_or(u64::MAX).rotate_left(17));
[0m         right = right.wrapping_mul(FNV_PRIME ^ MIX_B);
         right ^= right.rotate_left(31).wrapping_add(MIX_B);
     }
Diff in \\?\D:\a\eliot-search\eliot-search\crates\search-index-qdrant\search-point-identity\src\lib.rs:449:
[31m-    left ^= u64::try_from(bytes.len()).unwrap_or(u64::MAX).wrapping_mul(MIX_A);
[0m[31m-    right ^= u64::try_from(bytes.len()).unwrap_or(u64::MAX).wrapping_mul(MIX_B);
[0m[32m+    left ^= u64::try_from(bytes.len())
[0m[32m+        .unwrap_or(u64::MAX)
[0m[32m+        .wrapping_mul(MIX_A);
[0m[32m+    right ^= u64::try_from(bytes.len())
[0m[32m+        .unwrap_or(u64::MAX)
[0m[32m+        .wrapping_mul(MIX_B);
[0m     left = avalanche(left);
     right = avalanche(right ^ left.rotate_left(23));
     let mut output = [0_u8; 16];
Diff in \\?\D:\a\eliot-search\eliot-search\crates\search-index-qdrant\search-point-identity\src\lib.rs:484:
 
     #[test]
     fn exact_same_key_produces_exact_same_point_id() {
[31m-        let first = derive_point_identity(key(0, 0, 10), DEFAULT_POINT_IDENTITY_LIMITS)
[0m[31m-            .expect("first");
[0m[31m-        let second = derive_point_identity(key(0, 0, 10), DEFAULT_POINT_IDENTITY_LIMITS)
[0m[31m-            .expect("second");
[0m[32m+        let first =
[0m[32m+            derive_point_identity(key(0, 0, 10), DEFAULT_POINT_IDENTITY_LIMITS).expect("first");
[0m[32m+        let second =
[0m[32m+            derive_point_identity(key(0, 0, 10), DEFAULT_POINT_IDENTITY_LIMITS).expect("second");
[0m         assert_eq!(first, second);
         assert_eq!(first.point_id.to_hex().len(), 32);
         assert_eq!(first.point_id.to_hyphenated().len(), 36);
Diff in \\?\D:\a\eliot-search\eliot-search\crates\search-index-qdrant\search-point-identity\src\lib.rs:495:
 
     #[test]
     fn every_load_bearing_dimension_changes_identity() {
[31m-        let baseline = derive_point_identity(key(0, 0, 10), DEFAULT_POINT_IDENTITY_LIMITS)
[0m[31m-            .expect("baseline");
[0m[31m-        let changed_ordinal = derive_point_identity(key(1, 0, 10), DEFAULT_POINT_IDENTITY_LIMITS)
[0m[31m-            .expect("ordinal");
[0m[31m-        let changed_range = derive_point_identity(key(0, 1, 10), DEFAULT_POINT_IDENTITY_LIMITS)
[0m[31m-            .expect("range");
[0m[32m+        let baseline =
[0m[32m+            derive_point_identity(key(0, 0, 10), DEFAULT_POINT_IDENTITY_LIMITS).expect("baseline");
[0m[32m+        let changed_ordinal =
[0m[32m+            derive_point_identity(key(1, 0, 10), DEFAULT_POINT_IDENTITY_LIMITS).expect("ordinal");
[0m[32m+        let changed_range =
[0m[32m+            derive_point_identity(key(0, 1, 10), DEFAULT_POINT_IDENTITY_LIMITS).expect("range");
[0m         let mut changed_projection = key(0, 0, 10);
         changed_projection.projection_fingerprint = Blake3Digest32::from_bytes([8; 32]);
[31m-        let changed_projection = derive_point_identity(
[0m[31m-            changed_projection,
[0m[31m-            DEFAULT_POINT_IDENTITY_LIMITS,
[0m[31m-        )
[0m[31m-        .expect("projection");
[0m[32m+        let changed_projection =
[0m[32m+            derive_point_identity(changed_projection, DEFAULT_POINT_IDENTITY_LIMITS)
[0m[32m+                .expect("projection");
[0m         assert_ne!(baseline.point_id, changed_ordinal.point_id);
         assert_ne!(baseline.point_id, changed_range.point_id);
         assert_ne!(baseline.point_id, changed_projection.point_id);
Diff in \\?\D:\a\eliot-search\eliot-search\crates\search-index-qdrant\search-point-identity\src\lib.rs:517:
     fn provider_collection_or_insertion_order_is_not_an_input() {
         let one = derive_point_identity(key(5, 100, 200), DEFAULT_POINT_IDENTITY_LIMITS)
             .expect("identity");
[31m-        let mut registry_a = PointIdentityRegistry::new(DEFAULT_POINT_IDENTITY_LIMITS)
[0m[31m-            .expect("registry");
[0m[31m-        let mut registry_b = PointIdentityRegistry::new(DEFAULT_POINT_IDENTITY_LIMITS)
[0m[31m-            .expect("registry");
[0m[32m+        let mut registry_a =
[0m[32m+            PointIdentityRegistry::new(DEFAULT_POINT_IDENTITY_LIMITS).expect("registry");
[0m[32m+        let mut registry_b =
[0m[32m+            PointIdentityRegistry::new(DEFAULT_POINT_IDENTITY_LIMITS).expect("registry");
[0m         registry_a.register(one.clone()).expect("register");
[31m-        let other = derive_point_identity(key(1, 0, 10), DEFAULT_POINT_IDENTITY_LIMITS)
[0m[31m-            .expect("other");
[0m[32m+        let other =
[0m[32m+            derive_point_identity(key(1, 0, 10), DEFAULT_POINT_IDENTITY_LIMITS).expect("other");
[0m         registry_b.register(other).expect("other");
         assert_eq!(registry_b.register(one.clone()).expect("one"), one.point_id);
         assert_eq!(registry_a.key(one.point_id).expect("key"), &one.key);
Diff in \\?\D:\a\eliot-search\eliot-search\crates\search-index-qdrant\search-point-identity\src\lib.rs:532:
 
     #[test]
     fn compact_id_collision_is_detected_against_complete_key() {
[31m-        let first = derive_point_identity(key(0, 0, 10), DEFAULT_POINT_IDENTITY_LIMITS)
[0m[31m-            .expect("first");
[0m[31m-        let mut forged = derive_point_identity(key(1, 10, 20), DEFAULT_POINT_IDENTITY_LIMITS)
[0m[31m-            .expect("forged");
[0m[32m+        let first =
[0m[32m+            derive_point_identity(key(0, 0, 10), DEFAULT_POINT_IDENTITY_LIMITS).expect("first");
[0m[32m+        let mut forged =
[0m[32m+            derive_point_identity(key(1, 10, 20), DEFAULT_POINT_IDENTITY_LIMITS).expect("forged");
[0m         forged.point_id = first.point_id;
[31m-        let mut registry = PointIdentityRegistry::new(DEFAULT_POINT_IDENTITY_LIMITS)
[0m[31m-            .expect("registry");
[0m[32m+        let mut registry =
[0m[32m+            PointIdentityRegistry::new(DEFAULT_POINT_IDENTITY_LIMITS).expect("registry");
[0m         registry.register(first).expect("first");
         assert_eq!(
             registry.register(forged),
Diff in \\?\D:\a\eliot-search\eliot-search\crates\search-index-qdrant\search-point-identity\src\lib.rs:573:
         let first = derive_point_identity(key(0, 0, 10), limits).expect("first");
         let second = derive_point_identity(key(1, 10, 20), limits).expect("second");
         let mut registry = PointIdentityRegistry::new(limits).expect("registry");
[31m-        assert_eq!(registry.register(first.clone()).expect("first"), first.point_id);
[0m[31m-        assert_eq!(registry.register(first.clone()).expect("replay"), first.point_id);
[0m[32m+        assert_eq!(
[0m[32m+            registry.register(first.clone()).expect("first"),
[0m[32m+            first.point_id
[0m[32m+        );
[0m[32m+        assert_eq!(
[0m[32m+            registry.register(first.clone()).expect("replay"),
[0m[32m+            first.point_id
[0m[32m+        );
[0m         assert_eq!(
             registry.register(second),
             Err(PointIdentityError::RegistryCapacityExceeded)
Diff in \\?\D:\a\eliot-search\eliot-search\crates\search-index-qdrant\search-projection-planner\src\lib.rs:609:
     }
 
     let mut canonical = Vec::new();
[31m-    append_bytes(&mut canonical, b"eliot-search/projection-manifest/v1", budget)?;
[0m[32m+    append_bytes(
[0m[32m+        &mut canonical,
[0m[32m+        b"eliot-search/projection-manifest/v1",
[0m[32m+        budget,
[0m[32m+    )?;
[0m     append_u64(
         &mut canonical,
         u64::try_from(entries.len()).map_err(|_| ProjectionError::ManifestTooLarge)?,
Diff in \\?\D:\a\eliot-search\eliot-search\crates\search-index-qdrant\search-projection-planner\src\lib.rs:626:
             })
             .map_err(ProjectionError::from)?;
         append_bytes(&mut canonical, &identity, budget)?;
[32m+        append_text(&mut canonical, entry.source_membership_id.as_str(), budget)?;
[0m         append_text(
             &mut canonical,
[31m-            entry.source_membership_id.as_str(),
[0m[31m-            budget,
[0m[31m-        )?;
[0m[31m-        append_text(
[0m[31m-            &mut canonical,
[0m             entry.projection_membership_id.as_str(),
             budget,
         )?;
Diff in \\?\D:\a\eliot-search\eliot-search\crates\search-index-qdrant\search-projection-planner\src\lib.rs:736:
     Ok(())
 }
 
[31m-fn validate_manifest_entries(
[0m[31m-    entries: &[ProjectionManifestEntry],
[0m[31m-) -> Result<(), ProjectionError> {
[0m[32m+fn validate_manifest_entries(entries: &[ProjectionManifestEntry]) -> Result<(), ProjectionError> {
[0m     if entries
         .windows(2)
         .any(|pair| pair[0].point_id >= pair[1].point_id)
Diff in \\?\D:\a\eliot-search\eliot-search\crates\search-index-qdrant\search-publication\src\lib.rs:14:
 
 pub use error::PublicationError;
 pub use machine::{
[31m-    DEFAULT_MAX_PUBLICATION_POINTS, DurableIntent, PublicationCoordinator,
[0m[31m-    PublicationPhase, PublicationTransaction,
[0m[32m+    DEFAULT_MAX_PUBLICATION_POINTS, DurableIntent, PublicationCoordinator, PublicationPhase,
[0m[32m+    PublicationTransaction,
[0m };
 pub use model::{
     AbandonFence, ClosureReceipt, CompensationReceipt, ControlCommitObservation,
Diff in \\?\D:\a\eliot-search\eliot-search\crates\search-index-qdrant\search-publication\src\lib.rs:22:
     PreparedPublication, PublicationGuards, PublicationRecoveryDecision,
[31m-    PublicationRecoveryObservation, ReadbackVerified, RetiredManifest,
[0m[31m-    SnapshotPublishReceipt, StageReceipt, VisibleCommitReceipt,
[0m[32m+    PublicationRecoveryObservation, ReadbackVerified, RetiredManifest, SnapshotPublishReceipt,
[0m[32m+    StageReceipt, VisibleCommitReceipt,
[0m };
 pub use recovery::recover;
 
Diff in \\?\D:\a\eliot-search\eliot-search\crates\search-index-qdrant\search-publication\src\machine.rs:8:
 
 use crate::{
     AbandonFence, ClosureReceipt, CompensationReceipt, ControlCommitObservation,
[31m-    PreparedPublication, PublicationError, PublicationGuards, ReadbackVerified,
[0m[31m-    RetiredManifest, SnapshotPublishReceipt, StageReceipt, VisibleCommitReceipt,
[0m[32m+    PreparedPublication, PublicationError, PublicationGuards, ReadbackVerified, RetiredManifest,
[0m[32m+    SnapshotPublishReceipt, StageReceipt, VisibleCommitReceipt,
[0m };
 
 /// Maximum exact points in one publication transaction.
Diff in \\?\D:\a\eliot-search\eliot-search\crates\search-index-qdrant\search-publication\src\machine.rs:81:
         current_manifest_digest: Option<Blake3Digest32>,
         max_points: usize,
     ) -> Result<Self, PublicationError> {
[31m-        if max_points == 0
[0m[31m-            || current_manifest.is_some() != current_manifest_digest.is_some()
[0m[31m-        {
[0m[32m+        if max_points == 0 || current_manifest.is_some() != current_manifest_digest.is_some() {
[0m             return Err(PublicationError::InvalidPreparedPublication);
         }
         if let Some(manifest) = &current_manifest {
Diff in \\?\D:\a\eliot-search\eliot-search\crates\search-index-qdrant\search-publication\src\machine.rs:114:
     }
 
     /// Reserves the exact next epoch for one prepared transaction.
[31m-    pub fn submit(
[0m[31m-        &mut self,
[0m[31m-        prepared: PreparedPublication,
[0m[31m-    ) -> Result<Epoch, PublicationError> {
[0m[32m+    pub fn submit(&mut self, prepared: PreparedPublication) -> Result<Epoch, PublicationError> {
[0m         if self.active.is_some() {
             return Err(PublicationError::PublicationBusy);
         }
Diff in \\?\D:\a\eliot-search\eliot-search\crates\search-index-qdrant\search-publication\src\machine.rs:170:
     }
 
     /// Accepts exact new-point staging and readback.
[31m-    pub fn stage_new_points(
[0m[31m-        &mut self,
[0m[31m-        receipt: StageReceipt,
[0m[31m-    ) -> Result<(), PublicationError> {
[0m[32m+    pub fn stage_new_points(&mut self, receipt: StageReceipt) -> Result<(), PublicationError> {
[0m         let transaction = self.active_mut(PublicationPhase::IntentDurable)?;
         verify_transaction_identity(transaction, &receipt.transaction_id, receipt.target_epoch)?;
         let expected = manifest_diff(transaction)?.create;
Diff in \\?\D:\a\eliot-search\eliot-search\crates\search-index-qdrant\search-publication\src\machine.rs:190:
     }
 
     /// Accepts exact closure of retired point IDs.
[31m-    pub fn close_old_points(
[0m[31m-        &mut self,
[0m[31m-        receipt: ClosureReceipt,
[0m[31m-    ) -> Result<(), PublicationError> {
[0m[32m+    pub fn close_old_points(&mut self, receipt: ClosureReceipt) -> Result<(), PublicationError> {
[0m         let transaction = self.active_mut(PublicationPhase::NewPointsAcknowledged)?;
         verify_transaction_identity(transaction, &receipt.transaction_id, receipt.target_epoch)?;
         let expected = manifest_diff(transaction)?.retire;
Diff in \\?\D:\a\eliot-search\eliot-search\crates\search-index-qdrant\search-publication\src\machine.rs:225:
             .closure_receipt
             .as_ref()
             .ok_or(PublicationError::ClosureReadbackMismatch)?;
[31m-        if stage.readback_digest != staged_digest
[0m[31m-            || closure.readback_digest != closure_digest
[0m[31m-        {
[0m[32m+        if stage.readback_digest != staged_digest || closure.readback_digest != closure_digest {
[0m             return Err(PublicationError::StageReadbackMismatch);
         }
         let has_retired = !manifest_diff(transaction)?.retire.is_empty();
Diff in \\?\D:\a\eliot-search\eliot-search\crates\search-index-qdrant\search-publication\src\machine.rs:484:
     Ok(())
 }
 
[31m-fn manifest_diff(
[0m[31m-    transaction: &PublicationTransaction,
[0m[31m-) -> Result<ManifestDiff, PublicationError> {
[0m[32m+fn manifest_diff(transaction: &PublicationTransaction) -> Result<ManifestDiff, PublicationError> {
[0m     let empty = ProjectionManifest {
         entries: Vec::new(),
         canonical_bytes: b"eliot-search/empty-manifest/v1".to_vec(),
Diff in \\?\D:\a\eliot-search\eliot-search\crates\search-index-qdrant\search-publication\src\machine.rs:493:
     };
[31m-    let old = transaction
[0m[31m-        .prepared
[0m[31m-        .old_manifest
[0m[31m-        .as_ref()
[0m[31m-        .unwrap_or(&empty);
[0m[32m+    let old = transaction.prepared.old_manifest.as_ref().unwrap_or(&empty);
[0m     diff_manifests(old, &transaction.prepared.new_manifest)
         .map_err(|_| PublicationError::InvalidPreparedPublication)
 }
Diff in \\?\D:\a\eliot-search\eliot-search\crates\search-index-qdrant\search-publication\src\machine.rs:502:
 
[31m-fn entry_ids(
[0m[31m-    entries: &[search_projection_planner::ProjectionManifestEntry],
[0m[31m-) -> Vec<PointId128> {
[0m[32m+fn entry_ids(entries: &[search_projection_planner::ProjectionManifestEntry]) -> Vec<PointId128> {
[0m     entries.iter().map(|entry| entry.point_id).collect()
 }
 
Diff in \\?\D:\a\eliot-search\eliot-search\crates\search-index-qdrant\search-publication\src\recovery.rs:23:
         entries: Vec::new(),
         canonical_bytes: b"eliot-search/empty-manifest/v1".to_vec(),
     };
[31m-    let old = transaction
[0m[31m-        .prepared
[0m[31m-        .old_manifest
[0m[31m-        .as_ref()
[0m[31m-        .unwrap_or(&empty);
[0m[32m+    let old = transaction.prepared.old_manifest.as_ref().unwrap_or(&empty);
[0m     let difference = diff_manifests(old, &transaction.prepared.new_manifest)
         .map_err(|_| PublicationError::InvalidPreparedPublication)?;
     let expected_staged = difference
Diff in \\?\D:\a\eliot-search\eliot-search\crates\search-index-qdrant\search-publication\src\recovery.rs:40:
         .iter()
         .map(|entry| entry.point_id)
         .collect::<BTreeSet<_>>();
[31m-    let observed_staged = observation.staged_ids.iter().copied().collect::<BTreeSet<_>>();
[0m[31m-    let observed_closed = observation.closed_ids.iter().copied().collect::<BTreeSet<_>>();
[0m[32m+    let observed_staged = observation
[0m[32m+        .staged_ids
[0m[32m+        .iter()
[0m[32m+        .copied()
[0m[32m+        .collect::<BTreeSet<_>>();
[0m[32m+    let observed_closed = observation
[0m[32m+        .closed_ids
[0m[32m+        .iter()
[0m[32m+        .copied()
[0m[32m+        .collect::<BTreeSet<_>>();
[0m 
     if observed_staged.len() != observation.staged_ids.len()
         || observed_closed.len() != observation.closed_ids.len()
Diff in \\?\D:\a\eliot-search\eliot-search\crates\search-index-qdrant\search-publication\src\recovery.rs:65:
     }
 
     if !observation.intent_durable {
[31m-        return Ok(if observed_staged.is_empty() && observed_closed.is_empty() {
[0m[31m-            PublicationRecoveryDecision::Continue
[0m[31m-        } else {
[0m[31m-            PublicationRecoveryDecision::PublicationBlocked
[0m[31m-        });
[0m[32m+        return Ok(
[0m[32m+            if observed_staged.is_empty() && observed_closed.is_empty() {
[0m[32m+                PublicationRecoveryDecision::Continue
[0m[32m+            } else {
[0m[32m+                PublicationRecoveryDecision::PublicationBlocked
[0m[32m+            },
[0m[32m+        );
[0m     }
 
     if observed_staged == expected_staged && observed_closed == expected_closed {
Diff in \\?\D:\a\eliot-search\eliot-search\crates\search-index-qdrant\search-qdrant-bridge\src\lib.rs:207:
         {
             return Err(BridgeError::CollectionSchemaMismatch);
         }
[31m-        if !self.one_shard
[0m[31m-            || !self.strict_mode
[0m[31m-            || !self.wait_for_mutations
[0m[31m-            || !self.strong_ordering
[0m[32m+        if !self.one_shard || !self.strict_mode || !self.wait_for_mutations || !self.strong_ordering
[0m         {
             return Err(BridgeError::StrictModeRequired);
         }
Diff in \\?\D:\a\eliot-search\eliot-search\crates\search-index-qdrant\search-qdrant-bridge\src\lib.rs:535:
             .get_mut(route)
             .ok_or(BridgeError::CollectionNotFound)?;
         for id in &ids {
[31m-            let point = collection.points.get(id).ok_or(BridgeError::PointNotFound)?;
[0m[32m+            let point = collection
[0m[32m+                .points
[0m[32m+                .get(id)
[0m[32m+                .ok_or(BridgeError::PointNotFound)?;
[0m             if valid_until_epoch_exclusive <= point.payload.valid_from_epoch {
                 return Err(BridgeError::ExactReadbackMismatch);
             }
Diff in \\?\D:\a\eliot-search\eliot-search\crates\search-index-qdrant\search-qdrant-bridge\src\lib.rs:676:
         Ok(candidates)
     }
 
[31m-    fn replay(
[0m[31m-        &self,
[0m[31m-        mutation: &BridgeMutation,
[0m[31m-    ) -> Result<Option<MutationReceipt>, BridgeError> {
[0m[32m+    fn replay(&self, mutation: &BridgeMutation) -> Result<Option<MutationReceipt>, BridgeError> {
[0m         let Some(existing) = self.operations.get(&mutation.operation_id) else {
             return Ok(None);
         };
Diff in \\?\D:\a\eliot-search\eliot-search\crates\search-index-qdrant\search-qdrant-bridge\src\lib.rs:768:
     Ok(())
 }
 
[31m-fn validate_query_vector(
[0m[31m-    query: &[(u32, f32)],
[0m[31m-    schema: VectorSchema,
[0m[31m-) -> Result<(), BridgeError> {
[0m[32m+fn validate_query_vector(query: &[(u32, f32)], schema: VectorSchema) -> Result<(), BridgeError> {
[0m     if query.is_empty()
         || query.iter().any(|(_, value)| !value.is_finite())
         || query.windows(2).any(|pair| pair[0].0 >= pair[1].0)
Diff in \\?\D:\a\eliot-search\eliot-search\crates\search-index-qdrant\search-qdrant-supervisor\src\lib.rs:17:
 use core::num::{NonZeroU32, NonZeroU64};
 
 use search_contracts::{
[31m-    ArtifactDigest, Blake3Digest32, DataRootId, InstallationIncarnationId,
[0m[31m-    OpaqueId, OwnerEpoch, ReceiptRef, Sha256Digest32,
[0m[32m+    ArtifactDigest, Blake3Digest32, DataRootId, InstallationIncarnationId, OpaqueId, OwnerEpoch,
[0m[32m+    ReceiptRef, Sha256Digest32,
[0m };
 
 /// Closed Qdrant-supervisor failure.
Diff in \\?\D:\a\eliot-search\eliot-search\crates\search-index-qdrant\search-qdrant-supervisor\src\lib.rs:383:
         Ok(())
     }
 
[31m-    pub fn confirm_ready(
[0m[31m-        &mut self,
[0m[31m-        readiness: &ProcessReadiness,
[0m[31m-    ) -> Result<(), SupervisorError> {
[0m[32m+    pub fn confirm_ready(&mut self, readiness: &ProcessReadiness) -> Result<(), SupervisorError> {
[0m         let effect = match &self.state {
[31m-            SupervisorState::Starting(effect)
[0m[31m-            | SupervisorState::StartupOutcomeUnknown(effect) => effect.clone(),
[0m[32m+            SupervisorState::Starting(effect) | SupervisorState::StartupOutcomeUnknown(effect) => {
[0m[32m+                effect.clone()
[0m[32m+            }
[0m             _ => return Err(SupervisorError::InvalidLifecycleTransition),
         };
         verify_process_identity(&effect, readiness)?;
Diff in \\?\D:\a\eliot-search\eliot-search\crates\search-index-qdrant\search-qdrant-supervisor\src\lib.rs:418:
             _ => return Err(SupervisorError::InvalidLifecycleTransition),
         };
         if observation.identity != identity {
[31m-            self.state = SupervisorState::Quarantined(
[0m[31m-                SupervisorError::ProcessIdentityMismatch,
[0m[31m-            );
[0m[32m+            self.state = SupervisorState::Quarantined(SupervisorError::ProcessIdentityMismatch);
[0m             return Ok(RestartDecision::Quarantine);
         }
         if observation.expected_shutdown {
Diff in \\?\D:\a\eliot-search\eliot-search\crates\search-index-qdrant\search-qdrant-supervisor\src\lib.rs:439:
         }
         self.restart_count = self.restart_count.saturating_add(1);
         if self.restart_count > config.config.max_restarts_per_window {
[31m-            self.state = SupervisorState::Quarantined(
[0m[31m-                SupervisorError::RestartBudgetExceeded,
[0m[31m-            );
[0m[32m+            self.state = SupervisorState::Quarantined(SupervisorError::RestartBudgetExceeded);
[0m             Ok(RestartDecision::Quarantine)
         } else {
             self.state = SupervisorState::Stopped;
Diff in \\?\D:\a\eliot-search\eliot-search\crates\search-lexical\src\lib.rs:460:
     }
     let terms = term_stats
         .into_iter()
[31m-        .map(|(term, (frequency, first_position, last_position))| TermStatistics {
[0m[31m-            term,
[0m[31m-            frequency,
[0m[31m-            first_position,
[0m[31m-            last_position,
[0m[31m-        })
[0m[32m+        .map(
[0m[32m+            |(term, (frequency, first_position, last_position))| TermStatistics {
[0m[32m+                term,
[0m[32m+                frequency,
[0m[32m+                first_position,
[0m[32m+                last_position,
[0m[32m+            },
[0m[32m+        )
[0m         .collect::<Vec<_>>();
     let emitted_token_count =
         u64::try_from(tokens.len()).map_err(|_| LexicalError::OffsetOverflow)?;
Diff in \\?\D:\a\eliot-search\eliot-search\crates\search-lexical\src\lib.rs:472:
[31m-    let unique_term_count =
[0m[31m-        u64::try_from(terms.len()).map_err(|_| LexicalError::OffsetOverflow)?;
[0m[31m-    let input_bytes =
[0m[31m-        u64::try_from(input.len()).map_err(|_| LexicalError::OffsetOverflow)?;
[0m[32m+    let unique_term_count = u64::try_from(terms.len()).map_err(|_| LexicalError::OffsetOverflow)?;
[0m[32m+    let input_bytes = u64::try_from(input.len()).map_err(|_| LexicalError::OffsetOverflow)?;
[0m     Ok(LexicalAnalysis {
         tokens,
         terms,
Diff in \\?\D:\a\eliot-search\eliot-search\crates\search-lexical\src\lib.rs:551:
             .checked_add(1)
             .ok_or(LexicalError::OffsetOverflow)?;
     }
[31m-    let consumes_position = !filtered_short
[0m[31m-        && (!filtered_stop || config.preserve_stop_word_positions);
[0m[32m+    let consumes_position =
[0m[32m+        !filtered_short && (!filtered_stop || config.preserve_stop_word_positions);
[0m     let current_position = *position;
     if consumes_position {
         *position = position
Diff in \\?\D:\a\eliot-search\eliot-search\crates\search-lexical\src\lib.rs:604:
 
 fn is_token_character(character: char, policy: TokenCharacterPolicy) -> bool {
     character.is_alphanumeric()
[31m-        || (policy == TokenCharacterPolicy::UnicodeAlphanumericAndUnderscore
[0m[31m-            && character == '_')
[0m[32m+        || (policy == TokenCharacterPolicy::UnicodeAlphanumericAndUnderscore && character == '_')
[0m }
 
 fn normalize_term(value: &str, policy: CaseNormalization) -> String {
Diff in \\?\D:\a\eliot-search\eliot-search\crates\search-lexical\src\lib.rs:621:
     }
     let disallowed = bytes
         .iter()
[31m-        .filter(|byte| {
[0m[31m-            **byte < 0x20 && !matches!(**byte, b'\t' | b'\n' | b'\r' | 0x0c)
[0m[31m-        })
[0m[32m+        .filter(|byte| **byte < 0x20 && !matches!(**byte, b'\t' | b'\n' | b'\r' | 0x0c))
[0m         .count();
     let threshold = bytes.len().div_ceil(100).max(4);
     if disallowed >= threshold {
Diff in \\?\D:\a\eliot-search\eliot-search\crates\search-lexical\src\lib.rs:665:
 
     #[test]
     fn unicode_lowercase_preserves_original_byte_offsets() {
[31m-        let result = analyze(
[0m[31m-            input("Alpha ΓΆΜΜΑ"),
[0m[31m-            &config(&[]),
[0m[31m-            DEFAULT_LEXICAL_LIMITS,
[0m[31m-        )
[0m[31m-        .expect("analyze");
[0m[32m+        let result =
[0m[32m+            analyze(input("Alpha ΓΆΜΜΑ"), &config(&[]), DEFAULT_LEXICAL_LIMITS).expect("analyze");
[0m         assert_eq!(result.tokens[0].term, "alpha");
         assert_eq!(result.tokens[0].unit_byte_start, 0);
         assert_eq!(result.tokens[0].unit_byte_end, 5);
Diff in \\?\D:\a\eliot-search\eliot-search\crates\search-lexical\src\lib.rs:710:
 
     #[test]
     fn underscore_policy_is_explicit() {
[31m-        let joined = analyze(
[0m[31m-            input("one_two"),
[0m[31m-            &config(&[]),
[0m[31m-            DEFAULT_LEXICAL_LIMITS,
[0m[31m-        )
[0m[31m-        .expect("joined");
[0m[32m+        let joined =
[0m[32m+            analyze(input("one_two"), &config(&[]), DEFAULT_LEXICAL_LIMITS).expect("joined");
[0m         assert_eq!(joined.tokens[0].term, "one_two");
         let split_config = AnalyzerConfig::new(
             OpaqueId::new("analyzer:split").expect("analyzer"),
Diff in \\?\D:\a\eliot-search\eliot-search\crates\search-lexical\src\lib.rs:729:
             DEFAULT_LEXICAL_LIMITS,
         )
         .expect("config");
[31m-        let split = analyze(
[0m[31m-            input("one_two"),
[0m[31m-            &split_config,
[0m[31m-            DEFAULT_LEXICAL_LIMITS,
[0m[31m-        )
[0m[31m-        .expect("split");
[0m[32m+        let split =
[0m[32m+            analyze(input("one_two"), &split_config, DEFAULT_LEXICAL_LIMITS).expect("split");
[0m         assert_eq!(
             split
                 .tokens
Diff in \\?\D:\a\eliot-search\eliot-search\crates\search-lexical\src\lib.rs:788:
     #[test]
     fn binary_controls_fail_closed() {
         assert_eq!(
[31m-            analyze(
[0m[31m-                input("abc\0def"),
[0m[31m-                &config(&[]),
[0m[31m-                DEFAULT_LEXICAL_LIMITS,
[0m[31m-            ),
[0m[32m+            analyze(input("abc\0def"), &config(&[]), DEFAULT_LEXICAL_LIMITS,),
[0m             Err(LexicalError::BinaryContent)
         );
     }
Diff in \\?\D:\a\eliot-search\eliot-search\crates\search-lexical\src\sparse\encoding.rs:2:
 
 use search_contracts::{Blake3Digest32, NonZeroRevision, OpaqueId, ReceiptRef};
 
[31m-use crate::analyzer::{
[0m[31m-    analyze, LexicalAnalysis, LexicalInput, LexicalLimits,
[0m[31m-};
[0m[32m+use crate::analyzer::{LexicalAnalysis, LexicalInput, LexicalLimits, analyze};
[0m 
[32m+use super::SparseError;
[0m use super::fingerprint::{SparseFingerprint, fingerprint_bytes};
 use super::mapping::{CollisionReport, SparseFeatureSet, map_terms};
 use super::profile::{
Diff in \\?\D:\a\eliot-search\eliot-search\crates\search-lexical\src\sparse\encoding.rs:12:
[31m-    AcceptedSparseProfile, DocumentTfWeighting, FrozenCorpusStatistics, IdfMode,
[0m[31m-    SparseLimits, SparseProfile,
[0m[32m+    AcceptedSparseProfile, DocumentTfWeighting, FrozenCorpusStatistics, IdfMode, SparseLimits,
[0m[32m+    SparseProfile,
[0m };
 use super::vector::{SparseVector, weight_document, weight_query};
[31m-use super::SparseError;
[0m 
 #[derive(Clone, Copy, Debug, Eq, Ord, PartialEq, PartialOrd)]
 pub enum SparseEncodingKind {
Diff in \\?\D:\a\eliot-search\eliot-search\crates\search-lexical\src\sparse\encoding.rs:115:
         SparseEncodingKind::Document => {
             weight_document(&analysis, &features, profile, statistics, sparse_limits)?
         }
[31m-        SparseEncodingKind::Query => {
[0m[31m-            weight_query(&features, profile, statistics, sparse_limits)?
[0m[31m-        }
[0m[32m+        SparseEncodingKind::Query => weight_query(&features, profile, statistics, sparse_limits)?,
[0m     };
     vector.validate(profile)?;
     let vector_fingerprint = vector.fingerprint();
Diff in \\?\D:\a\eliot-search\eliot-search\crates\search-lexical\src\sparse\encoding.rs:136:
             distinct_terms: features.report.distinct_terms,
             vector_values: vector.indices.len(),
             collision_report: features.report.clone(),
[31m-            qualification_receipt: accepted
[0m[31m-                .qualification()
[0m[31m-                .qualification_receipt
[0m[31m-                .clone(),
[0m[32m+            qualification_receipt: accepted.qualification().qualification_receipt.clone(),
[0m             statistics_digest,
         },
         analysis,
Diff in \\?\D:\a\eliot-search\eliot-search\crates\search-lexical\src\sparse\mapping.rs:6:
 
 use crate::analyzer::LexicalAnalysis;
 
[32m+use super::SparseError;
[0m use super::fingerprint::{SparseFingerprint, fingerprint_bytes};
 use super::profile::{CollisionPolicy, SparseLimits, SparseProfile};
[31m-use super::SparseError;
[0m 
 #[derive(Clone, Debug, Eq, PartialEq)]
 pub struct SparseFeature {
Diff in \\?\D:\a\eliot-search\eliot-search\crates\search-lexical\src\sparse\mapping.rs:177:
     })
 }
 
[31m-fn collision_rate(
[0m[31m-    distinct_terms: usize,
[0m[31m-    distinct_indexes: usize,
[0m[31m-) -> Result<u32, SparseError> {
[0m[32m+fn collision_rate(distinct_terms: usize, distinct_indexes: usize) -> Result<u32, SparseError> {
[0m     if distinct_terms == 0 {
         return Ok(0);
     }
Diff in \\?\D:\a\eliot-search\eliot-search\crates\search-lexical\src\sparse\mapping.rs:189:
         .map_err(|_| SparseError::FingerprintOverflow)?
         .checked_mul(1_000_000)
         .ok_or(SparseError::FingerprintOverflow)?;
[31m-    let denominator = u128::try_from(distinct_terms)
[0m[31m-        .map_err(|_| SparseError::FingerprintOverflow)?;
[0m[31m-    u32::try_from(numerator / denominator)
[0m[31m-        .map_err(|_| SparseError::FingerprintOverflow)
[0m[32m+    let denominator =
[0m[32m+        u128::try_from(distinct_terms).map_err(|_| SparseError::FingerprintOverflow)?;
[0m[32m+    u32::try_from(numerator / denominator).map_err(|_| SparseError::FingerprintOverflow)
[0m }
 
[31m-fn fingerprint_features(
[0m[31m-    features: &[SparseFeature],
[0m[31m-) -> Result<SparseFingerprint, SparseError> {
[0m[32m+fn fingerprint_features(features: &[SparseFeature]) -> Result<SparseFingerprint, SparseError> {
[0m     let mut canonical = Vec::new();
     for feature in features {
         append(&mut canonical, &feature.index.to_be_bytes())?;
Diff in \\?\D:\a\eliot-search\eliot-search\crates\search-lexical\src\sparse\mapping.rs:204:
         append(&mut canonical, &feature.frequency.to_be_bytes())?;
         append(&mut canonical, &feature.first_position.to_be_bytes())?;
         append(&mut canonical, &feature.last_position.to_be_bytes())?;
[31m-        let term_count = u64::try_from(feature.terms.len())
[0m[31m-            .map_err(|_| SparseError::FingerprintOverflow)?;
[0m[32m+        let term_count =
[0m[32m+            u64::try_from(feature.terms.len()).map_err(|_| SparseError::FingerprintOverflow)?;
[0m         append(&mut canonical, &term_count.to_be_bytes())?;
         for term in &feature.terms {
[31m-            let length = u64::try_from(term.len())
[0m[31m-                .map_err(|_| SparseError::FingerprintOverflow)?;
[0m[32m+            let length = u64::try_from(term.len()).map_err(|_| SparseError::FingerprintOverflow)?;
[0m             append(&mut canonical, &length.to_be_bytes())?;
             append(&mut canonical, term.as_bytes())?;
         }
Diff in \\?\D:\a\eliot-search\eliot-search\crates\search-lexical\src\sparse\mod.rs:17:
 mod vector;
 
 pub use encoding::{
[31m-    SparseEncoding, SparseEncodingKind, SparseEncodingReceipt, encode_document,
[0m[31m-    encode_query,
[0m[32m+    SparseEncoding, SparseEncodingKind, SparseEncodingReceipt, encode_document, encode_query,
[0m };
 pub use error::SparseError;
 pub use fingerprint::SparseFingerprint;
Diff in \\?\D:\a\eliot-search\eliot-search\crates\search-lexical\src\sparse\mod.rs:25:
 pub use mapping::{
[31m-    CollisionReport, SparseFeature, SparseFeatureSet, map_terms,
[0m[31m-    measure_collision_terms, term_index,
[0m[32m+    CollisionReport, SparseFeature, SparseFeatureSet, map_terms, measure_collision_terms,
[0m[32m+    term_index,
[0m };
 pub use profile::{
[31m-    AcceptedSparseProfile, CollisionPolicy, DocumentTfWeighting,
[0m[31m-    FrozenCorpusStatistics, IdfMode, QueryTfWeighting, SparseLimits,
[0m[31m-    SparseProfile, SparseQualification, validate_sparse_profile,
[0m[32m+    AcceptedSparseProfile, CollisionPolicy, DocumentTfWeighting, FrozenCorpusStatistics, IdfMode,
[0m[32m+    QueryTfWeighting, SparseLimits, SparseProfile, SparseQualification, validate_sparse_profile,
[0m };
 pub use vector::SparseVector;
 
Diff in \\?\D:\a\eliot-search\eliot-search\crates\search-lexical\src\sparse\profile.rs:62:
         match self.document_tf {
             DocumentTfWeighting::Raw | DocumentTfWeighting::Logarithmic => {}
             DocumentTfWeighting::Bm25 { k1, b }
[31m-                if k1.is_finite()
[0m[31m-                    && b.is_finite()
[0m[31m-                    && k1 > 0.0
[0m[31m-                    && (0.0..=1.0).contains(&b) => {}
[0m[32m+                if k1.is_finite() && b.is_finite() && k1 > 0.0 && (0.0..=1.0).contains(&b) => {}
[0m             DocumentTfWeighting::Bm25 { .. } => return Err(SparseError::InvalidProfile),
         }
         match (self.idf_mode, self.qdrant_idf_enabled) {
Diff in \\?\D:\a\eliot-search\eliot-search\crates\search-lexical\src\sparse\profile.rs:72:
[31m-            (IdfMode::DelegatedToQdrant, true)
[0m[31m-            | (IdfMode::FrozenLocal | IdfMode::None, false) => Ok(()),
[0m[32m+            (IdfMode::DelegatedToQdrant, true) | (IdfMode::FrozenLocal | IdfMode::None, false) => {
[0m[32m+                Ok(())
[0m[32m+            }
[0m             _ => Err(SparseError::DoubleIdf),
         }
     }
Diff in \\?\D:\a\eliot-search\eliot-search\crates\search-lexical\src\sparse\profile.rs:168:
         if self.document_count == 0
             || !self.average_document_length.is_finite()
             || self.average_document_length <= 0.0
[31m-            || self
[0m[31m-                .document_frequency
[0m[31m-                .iter()
[0m[31m-                .any(|(index, frequency)| {
[0m[31m-                    *index >= profile.index_space
[0m[31m-                        || *frequency == 0
[0m[31m-                        || *frequency > self.document_count
[0m[31m-                })
[0m[32m+            || self.document_frequency.iter().any(|(index, frequency)| {
[0m[32m+                *index >= profile.index_space || *frequency == 0 || *frequency > self.document_count
[0m[32m+            })
[0m         {
             return Err(SparseError::StatisticsInvalid);
         }
Diff in \\?\D:\a\eliot-search\eliot-search\crates\search-lexical\src\sparse\vector.rs:8:
 
 use crate::analyzer::LexicalAnalysis;
 
[32m+use super::SparseError;
[0m use super::fingerprint::{SparseFingerprint, fingerprint_bytes};
 use super::mapping::SparseFeatureSet;
 use super::profile::{
Diff in \\?\D:\a\eliot-search\eliot-search\crates\search-lexical\src\sparse\vector.rs:14:
[31m-    DocumentTfWeighting, FrozenCorpusStatistics, IdfMode, QueryTfWeighting,
[0m[31m-    SparseLimits, SparseProfile,
[0m[32m+    DocumentTfWeighting, FrozenCorpusStatistics, IdfMode, QueryTfWeighting, SparseLimits,
[0m[32m+    SparseProfile,
[0m };
[31m-use super::SparseError;
[0m 
 #[derive(Clone, Debug, PartialEq)]
 pub struct SparseVector {
Diff in \\?\D:\a\eliot-search\eliot-search\crates\search-lexical\src\sparse\vector.rs:28:
             return Err(SparseError::EmptyVector);
         }
         if self.indices.windows(2).any(|pair| pair[0] >= pair[1])
[31m-            || self.indices.iter().any(|index| *index >= profile.index_space)
[0m[31m-            || self.values.iter().any(|value| !value.is_finite() || *value <= 0.0)
[0m[32m+            || self
[0m[32m+                .indices
[0m[32m+                .iter()
[0m[32m+                .any(|index| *index >= profile.index_space)
[0m[32m+            || self
[0m[32m+                .values
[0m[32m+                .iter()
[0m[32m+                .any(|value| !value.is_finite() || *value <= 0.0)
[0m         {
             return Err(SparseError::NonFiniteWeight);
         }
Diff in \\?\D:\a\eliot-search\eliot-search\crates\search-lexical\src\sparse\vector.rs:69:
                 let average = statistics
                     .ok_or(SparseError::StatisticsRequired)?
                     .average_document_length;
[31m-                let denominator = frequency
[0m[31m-                    + k1 * (1.0 - b + b * (document_length / average));
[0m[32m+                let denominator = frequency + k1 * (1.0 - b + b * (document_length / average));
[0m                 frequency * (k1 + 1.0) / denominator
             }
         };
Diff in \\?\D:\a\eliot-search\eliot-search\crates\search-lexical\src\sparse\vector.rs:107:
                     .copied()
                     .unwrap_or(0) as f64;
                 let document_count = statistics.document_count as f64;
[31m-                (1.0 + (document_count - document_frequency + 0.5)
[0m[31m-                    / (document_frequency + 0.5))
[0m[32m+                (1.0 + (document_count - document_frequency + 0.5) / (document_frequency + 0.5))
[0m                     .ln()
             }
         };
Diff in \\?\D:\a\eliot-search\eliot-search\crates\search-model-provider\src\lib.rs:207:
     if artifact
         .capabilities
         .contains(&ModelCapability::DenseEmbedding)
[31m-        && artifact.dense_dimensions.is_none_or(|dimensions| dimensions == 0)
[0m[32m+        && artifact
[0m[32m+            .dense_dimensions
[0m[32m+            .is_none_or(|dimensions| dimensions == 0)
[0m     {
         return Err(ModelError::ArtifactUnqualified);
     }
Diff in \\?\D:\a\eliot-search\eliot-search\crates\search-model-provider\src\lib.rs:717:
 }
 
 /// Orders rerank output deterministically inside one exact model/profile only.
[31m-pub fn order_rerank_scores(
[0m[31m-    output: &ValidatedModelOutput,
[0m[31m-) -> Result<Vec<RerankScore>, ModelError> {
[0m[32m+pub fn order_rerank_scores(output: &ValidatedModelOutput) -> Result<Vec<RerankScore>, ModelError> {
[0m     let ModelResponseBody::Rerank(scores) = &output.body else {
         return Err(ModelError::CapabilityUnavailable);
     };
Diff in \\?\D:\a\eliot-search\eliot-search\crates\search-model-provider\src\lib.rs:739:
     Ok(ordered)
 }
 
[31m-fn response_candidate_ids(
[0m[31m-    body: &ModelResponseBody,
[0m[31m-) -> Result<BTreeSet<OpaqueId>, ModelError> {
[0m[32m+fn response_candidate_ids(body: &ModelResponseBody) -> Result<BTreeSet<OpaqueId>, ModelError> {
[0m     let ids = match body {
         ModelResponseBody::DenseEmbeddings(values) => values
             .iter()
Diff in \\?\D:\a\eliot-search\eliot-search\crates\search-prep\search-materializer\src\lib.rs:362:
         .clone()
         .ok_or(MaterializationError::MissingRevisionReceipt)?;
     reject_binary_controls(input.bytes())?;
[31m-    let text = String::from_utf8(input.bytes)
[0m[31m-        .map_err(|_| MaterializationError::InvalidUtf8)?;
[0m[32m+    let text = String::from_utf8(input.bytes).map_err(|_| MaterializationError::InvalidUtf8)?;
[0m     let (lines, line_endings) = scan_lines(text.as_bytes(), limits)?;
[31m-    let line_count = u64::try_from(lines.len()).map_err(|_| MaterializationError::OffsetOverflow)?;
[0m[32m+    let line_count =
[0m[32m+        u64::try_from(lines.len()).map_err(|_| MaterializationError::OffsetOverflow)?;
[0m     let receipt = MaterializationReceipt {
         source_id: input.source_id.clone(),
         revision: input.revision,
Diff in \\?\D:\a\eliot-search\eliot-search\crates\search-prep\search-materializer\src\lib.rs:392:
     }
     let disallowed_controls = bytes
         .iter()
[31m-        .filter(|byte| {
[0m[31m-            **byte < 0x20 && !matches!(**byte, b'\t' | b'\n' | b'\r' | 0x0c)
[0m[31m-        })
[0m[32m+        .filter(|byte| **byte < 0x20 && !matches!(**byte, b'\t' | b'\n' | b'\r' | 0x0c))
[0m         .count();
     let threshold = bytes.len().div_ceil(100).max(4);
     if disallowed_controls >= threshold {
Diff in \\?\D:\a\eliot-search\eliot-search\crates\search-prep\search-materializer\src\lib.rs:415:
     while index < bytes.len() {
         let ending = match bytes[index] {
             b'\n' => Some((LineEnding::Lf, 1_usize)),
[31m-            b'\r' if bytes.get(index + 1) == Some(&b'\n') => {
[0m[31m-                Some((LineEnding::CrLf, 2_usize))
[0m[31m-            }
[0m[32m+            b'\r' if bytes.get(index + 1) == Some(&b'\n') => Some((LineEnding::CrLf, 2_usize)),
[0m             b'\r' => Some((LineEnding::Cr, 1_usize)),
             _ => None,
         };
Diff in \\?\D:\a\eliot-search\eliot-search\crates\search-prep\search-materializer\src\lib.rs:435:
         lines.push(LineSpan {
             line_index: u64::try_from(lines.len())
                 .map_err(|_| MaterializationError::OffsetOverflow)?,
[31m-            source_start: u64::try_from(start)
[0m[31m-                .map_err(|_| MaterializationError::OffsetOverflow)?,
[0m[32m+            source_start: u64::try_from(start).map_err(|_| MaterializationError::OffsetOverflow)?,
[0m             source_end: u64::try_from(source_end)
                 .map_err(|_| MaterializationError::OffsetOverflow)?,
             content_end: u64::try_from(content_end)
Diff in \\?\D:\a\eliot-search\eliot-search\crates\search-prep\search-materializer\src\lib.rs:459:
         lines.push(LineSpan {
             line_index: u64::try_from(lines.len())
                 .map_err(|_| MaterializationError::OffsetOverflow)?,
[31m-            source_start: u64::try_from(start)
[0m[31m-                .map_err(|_| MaterializationError::OffsetOverflow)?,
[0m[32m+            source_start: u64::try_from(start).map_err(|_| MaterializationError::OffsetOverflow)?,
[0m             source_end: u64::try_from(bytes.len())
                 .map_err(|_| MaterializationError::OffsetOverflow)?,
             content_end: u64::try_from(bytes.len())
Diff in \\?\D:\a\eliot-search\eliot-search\crates\search-prep\search-materializer\src\lib.rs:490:
     #[test]
     fn exact_utf8_bytes_are_preserved() {
         let bytes = "alpha\r\nbeta\nγ".as_bytes();
[31m-        let result = materialize(retained(bytes), DEFAULT_MATERIALIZATION_LIMITS)
[0m[31m-            .expect("materialize");
[0m[32m+        let result =
[0m[32m+            materialize(retained(bytes), DEFAULT_MATERIALIZATION_LIMITS).expect("materialize");
[0m         assert_eq!(result.bytes(), bytes);
         assert_eq!(result.receipt.input_bytes, result.receipt.output_bytes);
     }
Diff in \\?\D:\a\eliot-search\eliot-search\crates\search-prep\search-materializer\src\lib.rs:498:
 
     #[test]
     fn line_endings_and_offsets_are_exact() {
[31m-        let result = materialize(
[0m[31m-            retained(b"a\r\nb\nc\rd"),
[0m[31m-            DEFAULT_MATERIALIZATION_LIMITS,
[0m[31m-        )
[0m[31m-        .expect("materialize");
[0m[32m+        let result = materialize(retained(b"a\r\nb\nc\rd"), DEFAULT_MATERIALIZATION_LIMITS)
[0m[32m+            .expect("materialize");
[0m         assert_eq!(result.lines.len(), 4);
         assert_eq!(result.lines[0].source_start, 0);
         assert_eq!(result.lines[0].content_end, 1);
Diff in \\?\D:\a\eliot-search\eliot-search\crates\search-prep\search-materializer\src\lib.rs:516:
 
     #[test]
     fn final_terminator_does_not_create_phantom_line() {
[31m-        let result = materialize(retained(b"a\n"), DEFAULT_MATERIALIZATION_LIMITS)
[0m[31m-            .expect("materialize");
[0m[32m+        let result =
[0m[32m+            materialize(retained(b"a\n"), DEFAULT_MATERIALIZATION_LIMITS).expect("materialize");
[0m         assert_eq!(result.lines.len(), 1);
         assert_eq!(result.lines[0].ending, LineEnding::Lf);
         assert_eq!(result.receipt.line_endings.unterminated, 0);
Diff in \\?\D:\a\eliot-search\eliot-search\crates\search-prep\search-materializer\src\lib.rs:565:
     fn debug_output_does_not_dump_source_text() {
         let input = retained(b"sensitive source text");
         assert!(!format!("{input:?}").contains("sensitive source text"));
[31m-        let result = materialize(input, DEFAULT_MATERIALIZATION_LIMITS)
[0m[31m-            .expect("materialize");
[0m[32m+        let result = materialize(input, DEFAULT_MATERIALIZATION_LIMITS).expect("materialize");
[0m         let debug = format!("{result:?}");
         assert!(!debug.contains("sensitive source text"));
         assert!(debug.contains("UTF-8 bytes"));
Diff in \\?\D:\a\eliot-search\eliot-search\crates\search-prep\search-unitizer\src\lib.rs:91:
             Self::UnitTooLarge => "UNITIZATION_UNIT_TOO_LARGE",
             Self::UnitCoverageMismatch => "UNITIZATION_UNIT_COVERAGE_MISMATCH",
             Self::OffsetOverflow => "UNITIZATION_OFFSET_OVERFLOW",
[31m-            Self::MissingMaterializationReceipt => {
[0m[31m-                "UNITIZATION_MISSING_MATERIALIZATION_RECEIPT"
[0m[31m-            }
[0m[32m+            Self::MissingMaterializationReceipt => "UNITIZATION_MISSING_MATERIALIZATION_RECEIPT",
[0m         }
     }
 }
Diff in \\?\D:\a\eliot-search\eliot-search\crates\search-prep\search-unitizer\src\lib.rs:366:
         if unit_len > limits.max_unit_bytes {
             return Err(UnitizationError::UnitTooLarge);
         }
[31m-        if !input.text.is_char_boundary(source_start)
[0m[31m-            || !input.text.is_char_boundary(source_end)
[0m[31m-        {
[0m[32m+        if !input.text.is_char_boundary(source_start) || !input.text.is_char_boundary(source_end) {
[0m             return Err(UnitizationError::InvalidUtf8Boundary);
         }
         let logical_line_start = line_for_start(&input.lines, source_start)?;
Diff in \\?\D:\a\eliot-search\eliot-search\crates\search-prep\search-unitizer\src\lib.rs:375:
         let logical_line_end = line_for_end(&input.lines, source_end)?;
[31m-        let source_start_u64 = u64::try_from(source_start)
[0m[31m-            .map_err(|_| UnitizationError::OffsetOverflow)?;
[0m[31m-        let source_end_u64 = u64::try_from(source_end)
[0m[31m-            .map_err(|_| UnitizationError::OffsetOverflow)?;
[0m[31m-        let ordinal = u64::try_from(units.len())
[0m[31m-            .map_err(|_| UnitizationError::OffsetOverflow)?;
[0m[32m+        let source_start_u64 =
[0m[32m+            u64::try_from(source_start).map_err(|_| UnitizationError::OffsetOverflow)?;
[0m[32m+        let source_end_u64 =
[0m[32m+            u64::try_from(source_end).map_err(|_| UnitizationError::OffsetOverflow)?;
[0m[32m+        let ordinal = u64::try_from(units.len()).map_err(|_| UnitizationError::OffsetOverflow)?;
[0m         let starts_at_line_boundary = source_start == 0
[31m-            || input.lines.iter().any(|line| {
[0m[31m-                usize::try_from(line.source_end).ok() == Some(source_start)
[0m[31m-            });
[0m[31m-        let ends_at_line_boundary = input.lines.iter().any(|line| {
[0m[31m-            usize::try_from(line.source_end).ok() == Some(source_end)
[0m[31m-        });
[0m[32m+            || input
[0m[32m+                .lines
[0m[32m+                .iter()
[0m[32m+                .any(|line| usize::try_from(line.source_end).ok() == Some(source_start));
[0m[32m+        let ends_at_line_boundary = input
[0m[32m+            .lines
[0m[32m+            .iter()
[0m[32m+            .any(|line| usize::try_from(line.source_end).ok() == Some(source_end));
[0m         let text = input
             .text
             .get(source_start..source_end)
Diff in \\?\D:\a\eliot-search\eliot-search\crates\search-prep\search-unitizer\src\lib.rs:409:
     }
 
     validate_unit_coverage(&units, input.len(), limits)?;
[31m-    let input_bytes = u64::try_from(input.len())
[0m[31m-        .map_err(|_| UnitizationError::OffsetOverflow)?;
[0m[31m-    let unit_count = u64::try_from(units.len())
[0m[31m-        .map_err(|_| UnitizationError::OffsetOverflow)?;
[0m[31m-    let line_count = u64::try_from(input.lines.len())
[0m[31m-        .map_err(|_| UnitizationError::OffsetOverflow)?;
[0m[32m+    let input_bytes = u64::try_from(input.len()).map_err(|_| UnitizationError::OffsetOverflow)?;
[0m[32m+    let unit_count = u64::try_from(units.len()).map_err(|_| UnitizationError::OffsetOverflow)?;
[0m[32m+    let line_count =
[0m[32m+        u64::try_from(input.lines.len()).map_err(|_| UnitizationError::OffsetOverflow)?;
[0m     Ok(UnitizationResult {
         units,
         receipt: UnitizationReceipt {
Diff in \\?\D:\a\eliot-search\eliot-search\crates\search-prep\search-unitizer\src\lib.rs:447:
     let mut cursor = 0_usize;
     for (expected_index, line) in input.lines.iter().enumerate() {
         if line.line_index
[31m-            != u64::try_from(expected_index)
[0m[31m-                .map_err(|_| UnitizationError::OffsetOverflow)?
[0m[32m+            != u64::try_from(expected_index).map_err(|_| UnitizationError::OffsetOverflow)?
[0m         {
             return Err(UnitizationError::LineIndexMismatch);
         }
Diff in \\?\D:\a\eliot-search\eliot-search\crates\search-prep\search-unitizer\src\lib.rs:455:
[31m-        let start = usize::try_from(line.source_start)
[0m[31m-            .map_err(|_| UnitizationError::OffsetOverflow)?;
[0m[31m-        let end = usize::try_from(line.source_end)
[0m[31m-            .map_err(|_| UnitizationError::OffsetOverflow)?;
[0m[31m-        let content_end = usize::try_from(line.content_end)
[0m[31m-            .map_err(|_| UnitizationError::OffsetOverflow)?;
[0m[32m+        let start =
[0m[32m+            usize::try_from(line.source_start).map_err(|_| UnitizationError::OffsetOverflow)?;
[0m[32m+        let end = usize::try_from(line.source_end).map_err(|_| UnitizationError::OffsetOverflow)?;
[0m[32m+        let content_end =
[0m[32m+            usize::try_from(line.content_end).map_err(|_| UnitizationError::OffsetOverflow)?;
[0m         if start != cursor || start >= end || content_end < start || content_end > end {
             return Err(UnitizationError::InvalidLineSpan);
         }
Diff in \\?\D:\a\eliot-search\eliot-search\crates\search-prep\search-unitizer\src\lib.rs:503:
     let mut last_boundary_before_preferred = None;
     let mut first_boundary_after_preferred = None;
     for line in &input.lines {
[31m-        let boundary = usize::try_from(line.source_end)
[0m[31m-            .map_err(|_| UnitizationError::OffsetOverflow)?;
[0m[32m+        let boundary =
[0m[32m+            usize::try_from(line.source_end).map_err(|_| UnitizationError::OffsetOverflow)?;
[0m         if boundary <= start {
             continue;
         }
Diff in \\?\D:\a\eliot-search\eliot-search\crates\search-prep\search-unitizer\src\lib.rs:527:
     let split_target = preferred_end.min(hard_end);
     let mut boundary = floor_char_boundary(&input.text, split_target);
     if boundary <= start {
[31m-        boundary = next_char_boundary(&input.text, start, hard_end)
[0m[31m-            .ok_or(UnitizationError::NoProgress)?;
[0m[32m+        boundary =
[0m[32m+            next_char_boundary(&input.text, start, hard_end).ok_or(UnitizationError::NoProgress)?;
[0m     }
     if boundary <= start || boundary > hard_end {
         return Err(UnitizationError::NoProgress);
Diff in \\?\D:\a\eliot-search\eliot-search\crates\search-prep\search-unitizer\src\lib.rs:555:
     None
 }
 
[31m-fn line_for_start(
[0m[31m-    lines: &[SourceLineSpan],
[0m[31m-    start: usize,
[0m[31m-) -> Result<u64, UnitizationError> {
[0m[32m+fn line_for_start(lines: &[SourceLineSpan], start: usize) -> Result<u64, UnitizationError> {
[0m     for line in lines {
[31m-        let end = usize::try_from(line.source_end)
[0m[31m-            .map_err(|_| UnitizationError::OffsetOverflow)?;
[0m[32m+        let end = usize::try_from(line.source_end).map_err(|_| UnitizationError::OffsetOverflow)?;
[0m         if start < end {
             return Ok(line.line_index);
         }
Diff in \\?\D:\a\eliot-search\eliot-search\crates\search-prep\search-unitizer\src\lib.rs:569:
     Err(UnitizationError::LineCoverageMismatch)
 }
 
[31m-fn line_for_end(
[0m[31m-    lines: &[SourceLineSpan],
[0m[31m-    end: usize,
[0m[31m-) -> Result<u64, UnitizationError> {
[0m[32m+fn line_for_end(lines: &[SourceLineSpan], end: usize) -> Result<u64, UnitizationError> {
[0m     let last_byte = end.checked_sub(1).ok_or(UnitizationError::NoProgress)?;
     for line in lines {
[31m-        let start = usize::try_from(line.source_start)
[0m[31m-            .map_err(|_| UnitizationError::OffsetOverflow)?;
[0m[31m-        let line_end = usize::try_from(line.source_end)
[0m[31m-            .map_err(|_| UnitizationError::OffsetOverflow)?;
[0m[32m+        let start =
[0m[32m+            usize::try_from(line.source_start).map_err(|_| UnitizationError::OffsetOverflow)?;
[0m[32m+        let line_end =
[0m[32m+            usize::try_from(line.source_end).map_err(|_| UnitizationError::OffsetOverflow)?;
[0m         if last_byte >= start && last_byte < line_end {
             return line
                 .line_index
Diff in \\?\D:\a\eliot-search\eliot-search\crates\search-prep\search-unitizer\src\lib.rs:601:
     let mut emitted = 0_usize;
     for (expected_ordinal, unit) in units.iter().enumerate() {
         if unit.identity.ordinal
[31m-            != u64::try_from(expected_ordinal)
[0m[31m-                .map_err(|_| UnitizationError::OffsetOverflow)?
[0m[32m+            != u64::try_from(expected_ordinal).map_err(|_| UnitizationError::OffsetOverflow)?
[0m             || unit.identity.source_start != cursor
             || unit.identity.source_end <= unit.identity.source_start
             || unit.is_empty()
Diff in \\?\D:\a\eliot-search\eliot-search\crates\search-prep\search-unitizer\src\lib.rs:616:
             .checked_sub(unit.identity.source_start)
             .ok_or(UnitizationError::UnitCoverageMismatch)?;
         if declared_len
[31m-            != u64::try_from(unit.len())
[0m[31m-                .map_err(|_| UnitizationError::OffsetOverflow)?
[0m[32m+            != u64::try_from(unit.len()).map_err(|_| UnitizationError::OffsetOverflow)?
[0m         {
             return Err(UnitizationError::UnitCoverageMismatch);
         }
Diff in \\?\D:\a\eliot-search\eliot-search\crates\search-prep\search-unitizer\src\lib.rs:626:
             .ok_or(UnitizationError::OffsetOverflow)?;
         cursor = unit.identity.source_end;
     }
[31m-    if cursor
[0m[31m-        != u64::try_from(input_len).map_err(|_| UnitizationError::OffsetOverflow)?
[0m[32m+    if cursor != u64::try_from(input_len).map_err(|_| UnitizationError::OffsetOverflow)?
[0m         || emitted != input_len
     {
         return Err(UnitizationError::UnitCoverageMismatch);
Diff in \\?\D:\a\eliot-search\eliot-search\crates\search-prep\search-unitizer\src\lib.rs:656:
         let mut start = 0_usize;
         let mut index = 0_usize;
         while index < bytes.len() {
[31m-            let (content_end, end) = if bytes[index] == b'\r'
[0m[31m-                && bytes.get(index + 1) == Some(&b'\n')
[0m[31m-            {
[0m[31m-                (index, index + 2)
[0m[31m-            } else if matches!(bytes[index], b'\n' | b'\r') {
[0m[31m-                (index, index + 1)
[0m[31m-            } else {
[0m[31m-                index += 1;
[0m[31m-                continue;
[0m[31m-            };
[0m[32m+            let (content_end, end) =
[0m[32m+                if bytes[index] == b'\r' && bytes.get(index + 1) == Some(&b'\n') {
[0m[32m+                    (index, index + 2)
[0m[32m+                } else if matches!(bytes[index], b'\n' | b'\r') {
[0m[32m+                    (index, index + 1)
[0m[32m+                } else {
[0m[32m+                    index += 1;
[0m[32m+                    continue;
[0m[32m+                };
[0m             spans.push(SourceLineSpan {
                 line_index: u64::try_from(spans.len()).expect("index"),
                 source_start: u64::try_from(start).expect("offset"),
Diff in \\?\D:\a\eliot-search\eliot-search\crates\search-prep\search-unitizer\src\lib.rs:697:
     #[test]
     fn exact_reconstruction_has_no_gaps_or_overlap() {
         let text = "alpha\r\nbeta\nγamma";
[31m-        let result = unitize(
[0m[31m-            input(text, simple_lines(text)),
[0m[31m-            limits(7, 12),
[0m[31m-        )
[0m[31m-        .expect("unitize");
[0m[31m-        let reconstructed = result
[0m[31m-            .units
[0m[31m-            .iter()
[0m[31m-            .map(TextUnit::text)
[0m[31m-            .collect::<String>();
[0m[32m+        let result = unitize(input(text, simple_lines(text)), limits(7, 12)).expect("unitize");
[0m[32m+        let reconstructed = result.units.iter().map(TextUnit::text).collect::<String>();
[0m         assert_eq!(reconstructed, text);
         assert_eq!(result.receipt.input_bytes, result.receipt.emitted_bytes);
     }
Diff in \\?\D:\a\eliot-search\eliot-search\crates\search-prep\search-unitizer\src\lib.rs:714:
     #[test]
     fn line_boundaries_are_preferred_when_line_fits_hard_limit() {
         let text = "one\ntwo\nthree\n";
[31m-        let result = unitize(
[0m[31m-            input(text, simple_lines(text)),
[0m[31m-            limits(5, 10),
[0m[31m-        )
[0m[31m-        .expect("unitize");
[0m[32m+        let result = unitize(input(text, simple_lines(text)), limits(5, 10)).expect("unitize");
[0m         assert_eq!(result.units[0].text(), "one\n");
         assert!(result.units[0].ends_at_line_boundary);
         assert_eq!(result.units[1].text(), "two\n");
Diff in \\?\D:\a\eliot-search\eliot-search\crates\search-prep\search-unitizer\src\lib.rs:727:
     #[test]
     fn overlong_unicode_line_splits_only_at_character_boundaries() {
         let text = "αβγδεζηθ";
[31m-        let result = unitize(
[0m[31m-            input(text, simple_lines(text)),
[0m[31m-            limits(5, 6),
[0m[31m-        )
[0m[31m-        .expect("unitize");
[0m[32m+        let result = unitize(input(text, simple_lines(text)), limits(5, 6)).expect("unitize");
[0m         assert!(result.units.len() > 1);
         for unit in &result.units {
             assert!(unit.len() <= 6);
Diff in \\?\D:\a\eliot-search\eliot-search\crates\search-prep\search-unitizer\src\lib.rs:746:
     #[test]
     fn crlf_is_never_split_when_the_line_fits_hard_limit() {
         let text = "abcd\r\nef";
[31m-        let result = unitize(
[0m[31m-            input(text, simple_lines(text)),
[0m[31m-            limits(5, 8),
[0m[31m-        )
[0m[31m-        .expect("unitize");
[0m[32m+        let result = unitize(input(text, simple_lines(text)), limits(5, 8)).expect("unitize");
[0m         assert_eq!(result.units[0].text(), "abcd\r\n");
     }
 
Diff in \\?\D:\a\eliot-search\eliot-search\crates\search-prep\search-unitizer\src\lib.rs:757:
     #[test]
     fn output_is_deterministic() {
         let text = "a\nbb\nccc\ndddd";
[31m-        let first = unitize(
[0m[31m-            input(text, simple_lines(text)),
[0m[31m-            limits(4, 7),
[0m[31m-        )
[0m[31m-        .expect("first");
[0m[31m-        let second = unitize(
[0m[31m-            input(text, simple_lines(text)),
[0m[31m-            limits(4, 7),
[0m[31m-        )
[0m[31m-        .expect("second");
[0m[32m+        let first = unitize(input(text, simple_lines(text)), limits(4, 7)).expect("first");
[0m[32m+        let second = unitize(input(text, simple_lines(text)), limits(4, 7)).expect("second");
[0m         assert_eq!(first, second);
     }
 
Diff in \\?\D:\a\eliot-search\eliot-search\crates\search-provider-protocol\src\lib.rs:190:
 
 impl ProtocolRange {
     /// Creates an ordered inclusive range.
[31m-    pub const fn new(
[0m[31m-        min: ProtocolVersion,
[0m[31m-        max: ProtocolVersion,
[0m[31m-    ) -> Result<Self, ProtocolError> {
[0m[32m+    pub const fn new(min: ProtocolVersion, max: ProtocolVersion) -> Result<Self, ProtocolError> {
[0m         if min.get() > max.get() {
             Err(ProtocolError::InvalidVersion)
         } else {
Diff in \\?\D:\a\eliot-search\eliot-search\crates\search-provider-protocol\src\lib.rs:368:
         if total > limits.max_frame_bytes {
             return Err(ProtocolError::FrameTooLarge);
         }
[31m-        let body_len = u32::try_from(self.body.len())
[0m[31m-            .map_err(|_| ProtocolError::FrameTooLarge)?;
[0m[32m+        let body_len = u32::try_from(self.body.len()).map_err(|_| ProtocolError::FrameTooLarge)?;
[0m         let mut encoded = Vec::with_capacity(total);
         encoded.extend_from_slice(&FRAME_MAGIC);
         encoded.extend_from_slice(&self.version.get().to_be_bytes());
Diff in \\?\D:\a\eliot-search\eliot-search\crates\search-provider-protocol\src\lib.rs:489:
     }
 
     /// Converts an observation to a typed protocol result.
[31m-    pub const fn require_accepted(
[0m[31m-        observation: SequenceObservation,
[0m[31m-    ) -> Result<(), ProtocolError> {
[0m[32m+    pub const fn require_accepted(observation: SequenceObservation) -> Result<(), ProtocolError> {
[0m         match observation {
             SequenceObservation::Accepted => Ok(()),
             SequenceObservation::Duplicate => Err(ProtocolError::DuplicateSequence),
Diff in \\?\D:\a\eliot-search\eliot-search\crates\search-provider-protocol\src\lib.rs:701:
             state: SessionState::Offered,
             version: None,
             binding_verified: false,
[31m-            sequences: BidirectionalSequence::new(
[0m[31m-                client_first_sequence,
[0m[31m-                provider_first_sequence,
[0m[31m-            ),
[0m[32m+            sequences: BidirectionalSequence::new(client_first_sequence, provider_first_sequence),
[0m             replay: BTreeSet::new(),
             limits: limits.validate()?,
         })
Diff in \\?\D:\a\eliot-search\eliot-search\crates\search-provider-protocol\src\lib.rs:849:
             DEFAULT_PROTOCOL_LIMITS,
         )
         .expect("frame");
[31m-        let encoded = frame
[0m[31m-            .encode(DEFAULT_PROTOCOL_LIMITS)
[0m[31m-            .expect("encode");
[0m[32m+        let encoded = frame.encode(DEFAULT_PROTOCOL_LIMITS).expect("encode");
[0m         assert_eq!(
             WireFrame::decode(&encoded, DEFAULT_PROTOCOL_LIMITS).expect("decode"),
             frame
Diff in \\?\D:\a\eliot-search\eliot-search\crates\search-provider-protocol\src\lib.rs:879:
     #[test]
     fn direction_sequences_are_independent() {
         let mut sequences = BidirectionalSequence::new(1, 100);
[31m-        assert_eq!(sequences.client_mut().observe(1), SequenceObservation::Accepted);
[0m[32m+        assert_eq!(
[0m[32m+            sequences.client_mut().observe(1),
[0m[32m+            SequenceObservation::Accepted
[0m[32m+        );
[0m         assert_eq!(sequences.provider().next_expected(), Some(100));
     }
 
Diff in \\?\D:\a\eliot-search\eliot-search\crates\search-provider-protocol\src\lib.rs:893:
 
     #[test]
     fn unauthenticated_configuration_does_not_admit_requests() {
[31m-        let mut session = SessionMachine::new(DEFAULT_PROTOCOL_LIMITS, 1, 100)
[0m[31m-            .expect("session");
[0m[32m+        let mut session = SessionMachine::new(DEFAULT_PROTOCOL_LIMITS, 1, 100).expect("session");
[0m         session.negotiate(version(1)).expect("negotiate");
         assert_eq!(
             session.admit_request(RequestId::from_bytes([1; 16]), 1),
Diff in \\?\D:\a\eliot-search\eliot-search\crates\search-provider-protocol\src\lib.rs:904:
 
     #[test]
     fn replay_is_rejected_after_authentication() {
[31m-        let mut session = SessionMachine::new(DEFAULT_PROTOCOL_LIMITS, 1, 100)
[0m[31m-            .expect("session");
[0m[32m+        let mut session = SessionMachine::new(DEFAULT_PROTOCOL_LIMITS, 1, 100).expect("session");
[0m         session.negotiate(version(1)).expect("negotiate");
         let proof = ProofDigest::from_bytes([7; 32]);
         session.activate(&proof, &proof).expect("activate");
Diff in \\?\D:\a\eliot-search\eliot-search\crates\search-provider-protocol\src\lib.rs:919:
 
     #[test]
     fn drain_denies_new_work_and_close_is_terminal() {
[31m-        let mut session = SessionMachine::new(DEFAULT_PROTOCOL_LIMITS, 1, 100)
[0m[31m-            .expect("session");
[0m[32m+        let mut session = SessionMachine::new(DEFAULT_PROTOCOL_LIMITS, 1, 100).expect("session");
[0m         session.negotiate(version(1)).expect("negotiate");
         let proof = ProofDigest::from_bytes([7; 32]);
         session.activate(&proof, &proof).expect("activate");
Diff in \\?\D:\a\eliot-search\eliot-search\crates\search-provider-protocol\src\lib.rs:935:
 
     #[test]
     fn success_requires_complete_progress_and_terminal_is_unique() {
[31m-        let mut progress = ProgressState::new(2, DEFAULT_PROTOCOL_LIMITS)
[0m[31m-            .expect("progress");
[0m[32m+        let mut progress = ProgressState::new(2, DEFAULT_PROTOCOL_LIMITS).expect("progress");
[0m         progress.advance(1).expect("advance");
         assert_eq!(
             progress.finish(TerminalKind::Success),
Diff in \\?\D:\a\eliot-search\eliot-search\crates\search-query\search-access\src\lib.rs:17:
 use std::collections::{BTreeMap, BTreeSet};
 
 use search_contracts::{
[31m-    BindingId, Blake3Digest32, CollectionGenerationId, Epoch, GrantId,
[0m[31m-    InstallationId, InstallationIncarnationId, OpaqueId, OwnerEpoch, RecipeIdV1,
[0m[31m-    SourceMembershipId,
[0m[32m+    BindingId, Blake3Digest32, CollectionGenerationId, Epoch, GrantId, InstallationId,
[0m[32m+    InstallationIncarnationId, OpaqueId, OwnerEpoch, RecipeIdV1, SourceMembershipId,
[0m };
 
 /// Closed access failure.
Diff in \\?\D:\a\eliot-search\eliot-search\crates\search-query\search-access\src\lib.rs:523:
     let newly_restricted = current
         .denied_memberships
         .difference(&previous.denied_memberships)
[31m-        .chain(current.purged_memberships.difference(&previous.purged_memberships))
[0m[32m+        .chain(
[0m[32m+            current
[0m[32m+                .purged_memberships
[0m[32m+                .difference(&previous.purged_memberships),
[0m[32m+        )
[0m         .copied()
         .collect::<BTreeSet<_>>();
     let contaminated = execution
Diff in \\?\D:\a\eliot-search\eliot-search\crates\search-query\search-candidate-validator\src\lib.rs:17:
 use std::collections::BTreeSet;
 
 use search_access::{
[31m-    AccessCheckpoint, AccessError, AccessPermit, LiveSecurityState,
[0m[31m-    RequestSecurityFence, recheck_live_access,
[0m[32m+    AccessCheckpoint, AccessError, AccessPermit, LiveSecurityState, RequestSecurityFence,
[0m[32m+    recheck_live_access,
[0m };
 use search_contracts::{
[31m-    Blake3Digest32, CollectionGenerationId, Epoch, OpaqueId, ProfileId,
[0m[31m-    RepresentationId, RequestId, SourceMembershipId, SourceRevisionId, UnitId,
[0m[32m+    Blake3Digest32, CollectionGenerationId, Epoch, OpaqueId, ProfileId, RepresentationId,
[0m[32m+    RequestId, SourceMembershipId, SourceRevisionId, UnitId,
[0m };
 
 /// Closed candidate-validation failure.
Diff in \\?\D:\a\eliot-search\eliot-search\crates\search-query\search-candidate-validator\src\lib.rs:516:
     let result = build_readback_request(&nomination, max_read_bytes)
         .and_then(|request| reopen_and_verify(&request, port))
         .and_then(|verified| {
[31m-            let permit = recheck_before_emission(
[0m[31m-                &verified,
[0m[31m-                &context.request_security,
[0m[31m-                final_live_security,
[0m[31m-            )?;
[0m[32m+            let permit =
[0m[32m+                recheck_before_emission(&verified, &context.request_security, final_live_security)?;
[0m             Ok((verified, permit))
         });
     match result {
Diff in \\?\D:\a\eliot-search\eliot-search\crates\search-query\search-candidate-validator\src\lib.rs:527:
[31m-        Ok((source, emission_permit)) => {
[0m[31m-            ValidationOutcome::Validated(ValidatedSearchCandidate {
[0m[31m-                candidate_id: OpaqueId::new(format!(
[0m[31m-                    "candidate:{}:{}",
[0m[31m-                    nomination.leg_id,
[0m[31m-                    hex_point(nomination.point_id)
[0m[31m-                ))
[0m[31m-                .unwrap_or_else(|_| nomination.profile_id_to_opaque()),
[0m[31m-                leg_id: nomination.leg_id,
[0m[31m-                raw_score: nomination.raw_score,
[0m[31m-                source,
[0m[31m-                emission_permit,
[0m[31m-            })
[0m[31m-        }
[0m[32m+        Ok((source, emission_permit)) => ValidationOutcome::Validated(ValidatedSearchCandidate {
[0m[32m+            candidate_id: OpaqueId::new(format!(
[0m[32m+                "candidate:{}:{}",
[0m[32m+                nomination.leg_id,
[0m[32m+                hex_point(nomination.point_id)
[0m[32m+            ))
[0m[32m+            .unwrap_or_else(|_| nomination.profile_id_to_opaque()),
[0m[32m+            leg_id: nomination.leg_id,
[0m[32m+            raw_score: nomination.raw_score,
[0m[32m+            source,
[0m[32m+            emission_permit,
[0m[32m+        }),
[0m         Err(reason) => ValidationOutcome::Gap(CandidateValidationGap {
             leg_id: nomination.leg_id,
             source_membership_id: nomination.source_membership_id,
Diff in \\?\D:\a\eliot-search\eliot-search\crates\search-query\search-comparator\src\lib.rs:20:
 use std::collections::{BTreeMap, BTreeSet};
 
 use search_contracts::{
[31m-    AssuranceClass, BehaviorComparison, BehaviorConflict, BehaviorObservation,
[0m[31m-    Blake3Digest32, BoundedBehaviorSignature, BoundedList,
[0m[31m-    BoundedNonContentMetadata, BoundedObservation, BoundedSet,
[0m[31m-    ComparableImplementation, ComparisonAxis, CoverageUnknown,
[0m[31m-    CrossRepositoryBehaviorSet, EvidenceRole, LocalComparisonSubject,
[0m[31m-    MAX_LIST_ITEMS, MAX_REASON_CODES, MAX_SET_ITEMS, MatchBasis, OpaqueId,
[0m[31m-    PortfolioRevision, ReceiptRef, RecipeResultHeader, ReferencePortfolioId,
[0m[31m-    RepositoryLineageId, SearchReasonCodeV1, SearchSourceHandle,
[0m[32m+    AssuranceClass, BehaviorComparison, BehaviorConflict, BehaviorObservation, Blake3Digest32,
[0m[32m+    BoundedBehaviorSignature, BoundedList, BoundedNonContentMetadata, BoundedObservation,
[0m[32m+    BoundedSet, ComparableImplementation, ComparisonAxis, CoverageUnknown,
[0m[32m+    CrossRepositoryBehaviorSet, EvidenceRole, LocalComparisonSubject, MAX_LIST_ITEMS,
[0m[32m+    MAX_REASON_CODES, MAX_SET_ITEMS, MatchBasis, OpaqueId, PortfolioRevision, ReceiptRef,
[0m[32m+    RecipeResultHeader, ReferencePortfolioId, RepositoryLineageId, SearchReasonCodeV1,
[0m[32m+    SearchSourceHandle,
[0m };
 use search_subject_resolver::SubjectResolution;
 
Diff in \\?\D:\a\eliot-search\eliot-search\crates\search-query\search-comparator\src\lib.rs:387:
             || !observation.authorized
             || !observation.current
             || observation.observation.evidence_handles.is_empty()
[31m-            || observation.observation.evidence_handles.len()
[0m[31m-                > limits.max_handles_per_observation
[0m[32m+            || observation.observation.evidence_handles.len() > limits.max_handles_per_observation
[0m             || observation.observation.summary.as_str().is_empty()
         {
             return Err(CompareError::ComparableEvidenceInvalid);
Diff in \\?\D:\a\eliot-search\eliot-search\crates\search-query\search-comparator\src\lib.rs:591:
     parent.insert(other, root);
 }
 
[31m-fn candidate_order(
[0m[31m-    left: &ComparableCandidate,
[0m[31m-    right: &ComparableCandidate,
[0m[31m-) -> core::cmp::Ordering {
[0m[32m+fn candidate_order(left: &ComparableCandidate, right: &ComparableCandidate) -> core::cmp::Ordering {
[0m     match_basis_rank(left.implementation.match_basis)
         .cmp(&match_basis_rank(right.implementation.match_basis))
         .then_with(|| {
Diff in \\?\D:\a\eliot-search\eliot-search\crates\search-query\search-comparator\src\lib.rs:609:
                 .lineage_id
                 .cmp(&right.implementation.lineage_id)
         })
[31m-        .then_with(|| left.subject_hypothesis_digest.cmp(&right.subject_hypothesis_digest))
[0m[32m+        .then_with(|| {
[0m[32m+            left.subject_hypothesis_digest
[0m[32m+                .cmp(&right.subject_hypothesis_digest)
[0m[32m+        })
[0m }
 
 /// One normalized axis component in a behavior signature.
Diff in \\?\D:\a\eliot-search\eliot-search\crates\search-query\search-comparator\src\lib.rs:892:
     {
         return BehaviorComparisonDecision::Unknown;
     }
[31m-    if left.observation_digest == right.observation_digest
[0m[31m-        && relation != PredicateRelation::Unknown
[0m[32m+    if left.observation_digest == right.observation_digest && relation != PredicateRelation::Unknown
[0m     {
         return BehaviorComparisonDecision::EquivalentObservation;
     }
Diff in \\?\D:\a\eliot-search\eliot-search\crates\search-query\search-comparator\src\lib.rs:903:
     if relation == PredicateRelation::Unknown {
         return BehaviorComparisonDecision::Unknown;
     }
[31m-    if assurance_rank(left.observation.assurance)
[0m[31m-        < assurance_rank(minimum_conflict_assurance)
[0m[31m-        || assurance_rank(right.observation.assurance)
[0m[31m-            < assurance_rank(minimum_conflict_assurance)
[0m[32m+    if assurance_rank(left.observation.assurance) < assurance_rank(minimum_conflict_assurance)
[0m[32m+        || assurance_rank(right.observation.assurance) < assurance_rank(minimum_conflict_assurance)
[0m     {
         return BehaviorComparisonDecision::InsufficientAssurance;
     }
Diff in \\?\D:\a\eliot-search\eliot-search\crates\search-query\search-comparator\src\lib.rs:1083:
         }
     }
 
[31m-    let relation_map = build_relation_map(
[0m[31m-        predicate_relations,
[0m[31m-        request.request.source_view_digest,
[0m[31m-    )?;
[0m[32m+    let relation_map = build_relation_map(predicate_relations, request.request.source_view_digest)?;
[0m     let mut shared = Vec::new();
     let mut variants = Vec::new();
     let mut outliers = Vec::new();
Diff in \\?\D:\a\eliot-search\eliot-search\crates\search-query\search-comparator\src\lib.rs:1205:
                     shared.push(aggregate_observation(
                         representative,
                         occurrences,
[31m-                        u32::try_from(lineages.len().saturating_add(1))
[0m[31m-                            .unwrap_or(u32::MAX),
[0m[32m+                        u32::try_from(lineages.len().saturating_add(1)).unwrap_or(u32::MAX),
[0m                         limits.max_handles_per_observation,
                     )?);
                 }
Diff in \\?\D:\a\eliot-search\eliot-search\crates\search-query\search-comparator\src\lib.rs:1220:
                     )?);
                 }
                 BehaviorComparisonDecision::Conflict => {
[31m-                    let local_observation = decisive_local
[0m[31m-                        .ok_or(CompareError::ComparisonReportInvalid)?;
[0m[32m+                    let local_observation =
[0m[32m+                        decisive_local.ok_or(CompareError::ComparisonReportInvalid)?;
[0m                     conflicts.push(make_conflict(
                         axis,
                         local_observation,
Diff in \\?\D:\a\eliot-search\eliot-search\crates\search-query\search-comparator\src\lib.rs:1252:
                     .len();
                 if count == 1
                     && !locals.iter().any(|value| {
[31m-                        value.observation_digest
[0m[31m-                            == occurrences[0].observation.observation_digest
[0m[32m+                        value.observation_digest == occurrences[0].observation.observation_digest
[0m                     })
                 {
                     outliers.push(aggregate_observation(
Diff in \\?\D:\a\eliot-search\eliot-search\crates\search-query\search-comparator\src\lib.rs:1275:
         left.axis
             .cmp(&right.axis)
             .then_with(|| left.left.summary.as_str().cmp(right.left.summary.as_str()))
[31m-            .then_with(|| left.right.summary.as_str().cmp(right.right.summary.as_str()))
[0m[32m+            .then_with(|| {
[0m[32m+                left.right
[0m[32m+                    .summary
[0m[32m+                    .as_str()
[0m[32m+                    .cmp(right.right.summary.as_str())
[0m[32m+            })
[0m     });
     unknowns.sort_by(|left, right| left.unknown_ref.cmp(&right.unknown_ref));
 
Diff in \\?\D:\a\eliot-search\eliot-search\crates\search-query\search-comparator\src\lib.rs:1335:
     }
 }
 
[31m-fn ordered_pair(
[0m[31m-    left: Blake3Digest32,
[0m[31m-    right: Blake3Digest32,
[0m[31m-) -> (Blake3Digest32, Blake3Digest32) {
[0m[32m+fn ordered_pair(left: Blake3Digest32, right: Blake3Digest32) -> (Blake3Digest32, Blake3Digest32) {
[0m     if left <= right {
         (left, right)
     } else {
Diff in \\?\D:\a\eliot-search\eliot-search\crates\search-query\search-comparator\src\lib.rs:1355:
     let handles = dedupe_handles(
         occurrences
             .iter()
[31m-            .flat_map(|value| value.observation.observation.evidence_handles.iter().cloned())
[0m[31m-            .chain(
[0m[31m-                representative
[0m[32m+            .flat_map(|value| {
[0m[32m+                value
[0m                     .observation
[32m+                    .observation
[0m                     .evidence_handles
                     .iter()
[31m-                    .cloned(),
[0m[31m-            ),
[0m[32m+                    .cloned()
[0m[32m+            })
[0m[32m+            .chain(representative.observation.evidence_handles.iter().cloned()),
[0m         max_handles,
     )?;
     Ok(BehaviorObservation {
Diff in \\?\D:\a\eliot-search\eliot-search\crates\search-query\search-comparator\src\lib.rs:1369:
         axis: representative.observation.axis,
         summary: representative.observation.summary.clone(),
         evidence_handles: handles,
[31m-        configuration_predicate: representative
[0m[31m-            .observation
[0m[31m-            .configuration_predicate
[0m[31m-            .clone(),
[0m[32m+        configuration_predicate: representative.observation.configuration_predicate.clone(),
[0m         independent_lineage_count: independent_count,
         assurance: representative.observation.assurance,
     })
Diff in \\?\D:\a\eliot-search\eliot-search\crates\search-query\search-comparator\src\lib.rs:1541:
             continue;
         }
         *lineages.entry(candidate.lineage_id).or_default() += 1;
[31m-        *sources
[0m[31m-            .entry(candidate.source_identity_digest)
[0m[31m-            .or_default() += 1;
[0m[32m+        *sources.entry(candidate.source_identity_digest).or_default() += 1;
[0m         selected.push(candidate.handle);
     }
     bounded(selected)
Diff in \\?\D:\a\eliot-search\eliot-search\crates\search-query\search-comparator\src\lib.rs:1605:
         implementations.push(candidate.implementation);
     }
     implementations.sort_by(|left, right| {
[31m-        left.lineage_id
[0m[31m-            .cmp(&right.lineage_id)
[0m[31m-            .then_with(|| match_basis_rank(left.match_basis).cmp(&match_basis_rank(right.match_basis)))
[0m[32m+        left.lineage_id.cmp(&right.lineage_id).then_with(|| {
[0m[32m+            match_basis_rank(left.match_basis).cmp(&match_basis_rank(right.match_basis))
[0m[32m+        })
[0m     });
     if implementations.len() > MAX_LIST_ITEMS {
         return Err(CompareError::ComparisonBudgetExhausted);
Diff in \\?\D:\a\eliot-search\eliot-search\crates\search-query\search-comparator\src\lib.rs:1761:
 }
 
 fn append(output: &mut Vec<u8>, value: &[u8]) -> Result<(), CompareError> {
[31m-    let length = u64::try_from(value.len())
[0m[31m-        .map_err(|_| CompareError::ComparisonBudgetExhausted)?;
[0m[32m+    let length = u64::try_from(value.len()).map_err(|_| CompareError::ComparisonBudgetExhausted)?;
[0m     output.extend_from_slice(&length.to_be_bytes());
     output.extend_from_slice(value);
     if output.len() > 8 * 1024 * 1024 {
Diff in \\?\D:\a\eliot-search\eliot-search\crates\search-query\search-continuation\src\lib.rs:19:
 use std::collections::{BTreeMap, BTreeSet};
 
 use search_contracts::{
[31m-    BindingId, Blake3Digest32, BoundedList, ContinuationHandle, ContinuationId,
[0m[31m-    ContinuationRecord, HandleTokenDigest, LifecycleRecordStatus, MAX_LIST_ITEMS,
[0m[31m-    MAX_SET_ITEMS, NonZeroRevision, OpaqueHandleToken, OpaqueId, OpaqueRef,
[0m[31m-    PlanFingerprint, ResultFence, UtcTimestamp,
[0m[32m+    BindingId, Blake3Digest32, BoundedList, ContinuationHandle, ContinuationId, ContinuationRecord,
[0m[32m+    HandleTokenDigest, LifecycleRecordStatus, MAX_LIST_ITEMS, MAX_SET_ITEMS, NonZeroRevision,
[0m[32m+    OpaqueHandleToken, OpaqueId, OpaqueRef, PlanFingerprint, ResultFence, UtcTimestamp,
[0m };
 
 /// Default maximum continuation lifetime: fifteen minutes.
Diff in \\?\D:\a\eliot-search\eliot-search\crates\search-query\search-continuation\src\lib.rs:559:
 
     fn cleanup_effect(&self) -> ContinuationEffect {
         match &self.record {
[31m-            ContinuationRecord::EphemeralWindow(record) => {
[0m[31m-                ContinuationEffect::ReleaseEpochPin {
[0m[31m-                    epoch_pin_ref: record.epoch_pin_ref.clone(),
[0m[31m-                }
[0m[31m-            }
[0m[32m+            ContinuationRecord::EphemeralWindow(record) => ContinuationEffect::ReleaseEpochPin {
[0m[32m+                epoch_pin_ref: record.epoch_pin_ref.clone(),
[0m[32m+            },
[0m             ContinuationRecord::DurableReplanCheckpoint(record) => {
                 ContinuationEffect::DeleteDurableCheckpoint {
                     durable_job_ref: record.durable_job_ref.clone(),
Diff in \\?\D:\a\eliot-search\eliot-search\crates\search-query\search-continuation\src\lib.rs:854:
     }
 
     /// Expires one deterministic bounded batch.
[31m-    pub fn expire(
[0m[31m-        &mut self,
[0m[31m-        now: &UtcTimestamp,
[0m[31m-    ) -> Result<ExpiryReceipt, ContinuationError> {
[0m[32m+    pub fn expire(&mut self, now: &UtcTimestamp) -> Result<ExpiryReceipt, ContinuationError> {
[0m         let mut pending = self
             .records
             .iter()
Diff in \\?\D:\a\eliot-search\eliot-search\crates\search-query\search-continuation\src\lib.rs:1064:
         expires_at: &UtcTimestamp,
         ttl_millis: u64,
     ) -> Result<(), ContinuationError> {
[31m-        if ttl_millis == 0
[0m[31m-            || ttl_millis > self.limits.max_ttl_millis
[0m[31m-            || created_at >= expires_at
[0m[31m-        {
[0m[32m+        if ttl_millis == 0 || ttl_millis > self.limits.max_ttl_millis || created_at >= expires_at {
[0m             Err(ContinuationError::InvalidTtl)
         } else {
             Ok(())
Diff in \\?\D:\a\eliot-search\eliot-search\crates\search-query\search-continuation\src\lib.rs:1152:
             return Err(ContinuationError::ResourceExhausted);
         }
         for id in &ids {
[31m-            let value = self.records.get(id).ok_or(ContinuationError::NotAuthorized)?;
[0m[32m+            let value = self
[0m[32m+                .records
[0m[32m+                .get(id)
[0m[32m+                .ok_or(ContinuationError::NotAuthorized)?;
[0m             if value
                 .last_invalidation_generation
                 .is_some_and(|previous| generation < previous)
Diff in \\?\D:\a\eliot-search\eliot-search\crates\search-query\search-continuation\src\lib.rs:1163:
         let mut invalidated = Vec::new();
         let mut effects = Vec::new();
         for id in ids {
[31m-            let value = self.records.get_mut(&id).ok_or(ContinuationError::NotAuthorized)?;
[0m[32m+            let value = self
[0m[32m+                .records
[0m[32m+                .get_mut(&id)
[0m[32m+                .ok_or(ContinuationError::NotAuthorized)?;
[0m             if !value.is_active() || value.last_invalidation_generation == Some(generation) {
                 continue;
             }
Diff in \\?\D:\a\eliot-search\eliot-search\crates\search-query\search-handles\src\lib.rs:17:
 use std::collections::{BTreeMap, BTreeSet};
 
 use search_contracts::{
[31m-    BindingId, Blake3Digest32, BufferSnapshotId, DisclosureCeiling, GrantId,
[0m[31m-    HandleClass, HandleId, HandleTokenDigest, NonZeroRevision, OpaqueHandleToken,
[0m[31m-    OpaqueId, OwnerEpoch, RepresentationId, SearchSourceHandle, SourceMembershipId,
[0m[31m-    SourceRevisionId, UnitId, UtcTimestamp, WorkspaceViewRevisionId,
[0m[32m+    BindingId, Blake3Digest32, BufferSnapshotId, DisclosureCeiling, GrantId, HandleClass, HandleId,
[0m[32m+    HandleTokenDigest, NonZeroRevision, OpaqueHandleToken, OpaqueId, OwnerEpoch, RepresentationId,
[0m[32m+    SearchSourceHandle, SourceMembershipId, SourceRevisionId, UnitId, UtcTimestamp,
[0m[32m+    WorkspaceViewRevisionId,
[0m };
 
 /// Closed handle failure.
Diff in \\?\D:\a\eliot-search\eliot-search\crates\search-query\search-handles\src\lib.rs:259:
     type Error;
 
     fn mint_material(&mut self) -> Result<MintMaterial, Self::Error>;
[31m-    fn token_digest(
[0m[31m-        &self,
[0m[31m-        token: &OpaqueHandleToken,
[0m[31m-    ) -> Result<HandleTokenDigest, Self::Error>;
[0m[32m+    fn token_digest(&self, token: &OpaqueHandleToken) -> Result<HandleTokenDigest, Self::Error>;
[0m }
 
 /// Finite server-owned handle store.
Diff in \\?\D:\a\eliot-search\eliot-search\crates\search-query\search-handles\src\lib.rs:354:
         }
         let record = HandleRecord {
             handle_id: material.handle_id,
[31m-            handle_revision: NonZeroRevision::new(1)
[0m[31m-                .map_err(|_| HandleError::InvalidTransition)?,
[0m[32m+            handle_revision: NonZeroRevision::new(1).map_err(|_| HandleError::InvalidTransition)?,
[0m             handle_class: class,
             token_digest: material.token_digest,
             target,
Diff in \\?\D:\a\eliot-search\eliot-search\crates\search-query\search-handles\src\lib.rs:369:
         self.records.insert(record.token_digest, record);
         Ok(SearchSourceHandle {
             handle_id: material.handle_id,
[31m-            handle_revision: NonZeroRevision::new(1)
[0m[31m-                .map_err(|_| HandleError::InvalidTransition)?,
[0m[32m+            handle_revision: NonZeroRevision::new(1).map_err(|_| HandleError::InvalidTransition)?,
[0m             handle_class: class,
             expires_at: Some(material.expires_at),
             opaque_token: material.opaque_token,
Diff in \\?\D:\a\eliot-search\eliot-search\crates\search-query\search-handles\src\lib.rs:453:
                 expired = expired.saturating_add(1);
             }
         }
[31m-        let more_expired = self.records.values().any(|record| {
[0m[31m-            record.state == HandleRecordState::Active && record.expires_at <= *now
[0m[31m-        });
[0m[32m+        let more_expired = self
[0m[32m+            .records
[0m[32m+            .values()
[0m[32m+            .any(|record| record.state == HandleRecordState::Active && record.expires_at <= *now);
[0m         ExpiryReceipt {
             expired,
             more_expired,
Diff in \\?\D:\a\eliot-search\eliot-search\crates\search-query\search-handles\src\lib.rs:466:
         let used = self
             .records
             .values()
[31m-            .filter(|record| record.handle_class == class && record.state == HandleRecordState::Active)
[0m[32m+            .filter(|record| {
[0m[32m+                record.handle_class == class && record.state == HandleRecordState::Active
[0m[32m+            })
[0m             .count();
         let limit = match class {
             HandleClass::Ephemeral => self.policy.max_ephemeral_records,
Diff in \\?\D:\a\eliot-search\eliot-search\crates\search-query\search-handles\src\lib.rs:596:
 pub trait HandleReadbackPort {
     type Error;
 
[31m-    fn read_exact(
[0m[31m-        &mut self,
[0m[31m-        permit: &HandleExpansionPermit,
[0m[31m-    ) -> Result<HandleReadback, Self::Error>;
[0m[32m+    fn read_exact(&mut self, permit: &HandleExpansionPermit)
[0m[32m+    -> Result<HandleReadback, Self::Error>;
[0m }
 
 /// Bounded source-backed handle expansion.
Diff in \\?\D:\a\eliot-search\eliot-search\crates\search-query\search-handles\src\lib.rs:633:
         return Err(HandleError::ReadbackMismatch);
     }
     let expected = match &permit.target {
[31m-        HandleTarget::RetainedSource(target) => {
[0m[31m-            (target.content_digest, target.excerpt_digest)
[0m[31m-        }
[0m[31m-        HandleTarget::UnsavedBuffer(target) => {
[0m[31m-            (target.content_digest, target.excerpt_digest)
[0m[31m-        }
[0m[32m+        HandleTarget::RetainedSource(target) => (target.content_digest, target.excerpt_digest),
[0m[32m+        HandleTarget::UnsavedBuffer(target) => (target.content_digest, target.excerpt_digest),
[0m     };
     if (readback.content_digest, readback.excerpt_digest) != expected {
         return Err(HandleError::ReadbackMismatch);
Diff in \\?\D:\a\eliot-search\eliot-search\crates\search-query\search-overlay\src\lib.rs:23:
 use std::collections::{BTreeMap, BTreeSet};
 
 use search_contracts::{
[31m-    AccessPolicyRevision, BindingId, Blake3Digest32, BoundedList, BufferSnapshotId,
[0m[31m-    MAX_LIST_ITEMS, NonZeroRevision, OpaqueId, OpaqueRef, OverlayRevision,
[0m[31m-    PositionEncoding, ProfileId, PurgeFenceRevision, ReceiptRef, SourceId,
[0m[31m-    SourceMembershipId, SourceNamespaceId, SourceOwnerGeneration,
[0m[31m-    SourceRevisionRef, UtcTimestamp, WorkspaceViewRevisionId,
[0m[32m+    AccessPolicyRevision, BindingId, Blake3Digest32, BoundedList, BufferSnapshotId, MAX_LIST_ITEMS,
[0m[32m+    NonZeroRevision, OpaqueId, OpaqueRef, OverlayRevision, PositionEncoding, ProfileId,
[0m[32m+    PurgeFenceRevision, ReceiptRef, SourceId, SourceMembershipId, SourceNamespaceId,
[0m[32m+    SourceOwnerGeneration, SourceRevisionRef, UtcTimestamp, WorkspaceViewRevisionId,
[0m };
 use search_ports::MutationIdentity;
 
Diff in \\?\D:\a\eliot-search\eliot-search\crates\search-query\search-overlay\src\lib.rs:666:
 
     fn precedence(&self) -> OverlayPrecedence {
         match self {
[31m-            Self::UnsavedMatch { precedence, .. }
[0m[31m-            | Self::SavedReference { precedence, .. } => *precedence,
[0m[32m+            Self::UnsavedMatch { precedence, .. } | Self::SavedReference { precedence, .. } => {
[0m[32m+                *precedence
[0m[32m+            }
[0m         }
     }
 }
Diff in \\?\D:\a\eliot-search\eliot-search\crates\search-query\search-overlay\src\lib.rs:859:
     ) -> Result<UnsavedBufferGuard, OverlayError> {
         live.validate_binding(snapshot.binding)?;
         self.validate_snapshot(&snapshot, &bytes, declared_ttl_millis)?;
[31m-        if self.unsaved.contains_key(&snapshot.binding.source_membership_id) {
[0m[32m+        if self
[0m[32m+            .unsaved
[0m[32m+            .contains_key(&snapshot.binding.source_membership_id)
[0m[32m+        {
[0m             return Err(OverlayError::UnsavedVersionConflict);
         }
         self.validate_unsaved_capacity(snapshot.binding, bytes.len(), 0)?;
Diff in \\?\D:\a\eliot-search\eliot-search\crates\search-query\search-overlay\src\lib.rs:909:
         let overlay_revision = self.next_revision()?;
         let replacement = UnsavedEntry {
             snapshot: next_snapshot.clone(),
[31m-            bytes: MemoryOnlyBytes::new(
[0m[31m-                next_bytes,
[0m[31m-                self.limits.max_unsaved_bytes_per_snapshot,
[0m[31m-            )?,
[0m[32m+            bytes: MemoryOnlyBytes::new(next_bytes, self.limits.max_unsaved_bytes_per_snapshot)?,
[0m             guard_digest: next_guard_digest,
             overlay_revision,
         };
Diff in \\?\D:\a\eliot-search\eliot-search\crates\search-query\search-overlay\src\lib.rs:1301:
             .ok_or(OverlayError::OverlayGuardMismatch)?;
         verify_guard(guard, entry)?;
         live.validate_binding(entry.snapshot.binding)?;
[31m-        if observed_saved_revision.source_namespace_id
[0m[31m-                != entry.snapshot.binding.source_namespace_id
[0m[32m+        if observed_saved_revision.source_namespace_id != entry.snapshot.binding.source_namespace_id
[0m             || observed_saved_revision.source_id != entry.snapshot.binding.source_id
             || observed_saved_revision.content_digest != entry.snapshot.content_digest
             || observed_saved_revision.byte_length != entry.snapshot.byte_length
Diff in \\?\D:\a\eliot-search\eliot-search\crates\search-query\search-overlay\src\lib.rs:1513:
 fn scope_matches(scope: &OverlayInvalidationScope, entry: &UnsavedEntry) -> bool {
     match scope {
         OverlayInvalidationScope::All => true,
[31m-        OverlayInvalidationScope::Binding(binding) => {
[0m[31m-            entry.snapshot.binding.binding_id == *binding
[0m[31m-        }
[0m[32m+        OverlayInvalidationScope::Binding(binding) => entry.snapshot.binding.binding_id == *binding,
[0m         OverlayInvalidationScope::Membership(membership) => {
             entry.snapshot.binding.source_membership_id == *membership
         }
Diff in \\?\D:\a\eliot-search\eliot-search\crates\search-query\search-overlay\src\lib.rs:1561:
         }
         let accepted = match kind {
             OverlaySearchKind::ExactLiteral => true,
[31m-            OverlaySearchKind::Token => {
[0m[31m-                token_boundary(input, start) && token_boundary(input, end)
[0m[31m-            }
[0m[32m+            OverlaySearchKind::Token => token_boundary(input, start) && token_boundary(input, end),
[0m         };
         if accepted {
             if matches.len() >= max_matches {
Diff in \\?\D:\a\eliot-search\eliot-search\crates\search-query\search-overlay\src\lib.rs:1572:
             matches.push(OverlayMatchRange {
                 byte_start: u64::try_from(start)
                     .map_err(|_| OverlayError::OverlayBudgetExhausted)?,
[31m-                byte_end: u64::try_from(end)
[0m[31m-                    .map_err(|_| OverlayError::OverlayBudgetExhausted)?,
[0m[32m+                byte_end: u64::try_from(end).map_err(|_| OverlayError::OverlayBudgetExhausted)?,
[0m             });
         }
     }
Diff in \\?\D:\a\eliot-search\eliot-search\crates\search-query\search-overlay\src\lib.rs:1596:
 
 fn candidate_input_key(
     candidate: &CandidateInput,
[31m-) -> (core::cmp::Reverse<OverlayPrecedence>, SourceMembershipId, Blake3Digest32) {
[0m[32m+) -> (
[0m[32m+    core::cmp::Reverse<OverlayPrecedence>,
[0m[32m+    SourceMembershipId,
[0m[32m+    Blake3Digest32,
[0m[32m+) {
[0m     match candidate {
         CandidateInput::Published(value) => (
             core::cmp::Reverse(OverlayPrecedence::Published),
Diff in \\?\D:\a\eliot-search\eliot-search\crates\search-query\search-query-planner\src\lib.rs:16:
 use core::fmt;
 use std::collections::{BTreeMap, BTreeSet};
 
[31m-use search_access::{
[0m[31m-    AccessModality, AuthorizedScope, SafeRetrievalLeg, ValidatedGrant,
[0m[31m-};
[0m[32m+use search_access::{AccessModality, AuthorizedScope, SafeRetrievalLeg, ValidatedGrant};
[0m use search_contracts::{
[31m-    LegKind, QueryExecutionBudget, QuerySnapshotFence, RecipeBodyV1, RecipeIdV1,
[0m[31m-    RequestId, SearchRecipeRequest, SourceMembershipId,
[0m[32m+    LegKind, QueryExecutionBudget, QuerySnapshotFence, RecipeBodyV1, RecipeIdV1, RequestId,
[0m[32m+    SearchRecipeRequest, SourceMembershipId,
[0m };
 
 /// Closed query-planning failure.
Diff in \\?\D:\a\eliot-search\eliot-search\crates\search-query\search-query-planner\src\lib.rs:183:
     {
         return Err(PlanError::BudgetClassDenied);
     }
[31m-    snapshot.validate().map_err(|_| PlanError::InvalidSnapshot)?;
[0m[32m+    snapshot
[0m[32m+        .validate()
[0m[32m+        .map_err(|_| PlanError::InvalidSnapshot)?;
[0m     validate_global_budget(global_budget)?;
 
     let modalities = recipe_modalities(request.recipe);
Diff in \\?\D:\a\eliot-search\eliot-search\crates\search-query\search-query-planner\src\lib.rs:279:
         return Err(PlanError::NoExecutableLegs);
     }
     if drafts.len()
[31m-        > usize::try_from(global_budget.max_scoring_legs)
[0m[31m-            .map_err(|_| PlanError::TooManyLegs)?
[0m[32m+        > usize::try_from(global_budget.max_scoring_legs).map_err(|_| PlanError::TooManyLegs)?
[0m     {
         return Err(PlanError::TooManyLegs);
     }
Diff in \\?\D:\a\eliot-search\eliot-search\crates\search-query\search-query-planner\src\lib.rs:331:
     validate_global_budget(global)?;
     if leg_count == 0
         || leg_count
[31m-            > usize::try_from(global.max_scoring_legs)
[0m[31m-                .map_err(|_| PlanError::TooManyLegs)?
[0m[32m+            > usize::try_from(global.max_scoring_legs).map_err(|_| PlanError::TooManyLegs)?
[0m     {
         return Err(PlanError::TooManyLegs);
     }
Diff in \\?\D:\a\eliot-search\eliot-search\crates\search-query\search-query-planner\src\lib.rs:530:
 
 fn validate_dag(legs: &[PlannedLeg]) -> Result<(), PlanError> {
     for leg in legs {
[31m-        if leg.depends_on.iter().any(|dependency| *dependency >= leg.leg_id) {
[0m[32m+        if leg
[0m[32m+            .depends_on
[0m[32m+            .iter()
[0m[32m+            .any(|dependency| *dependency >= leg.leg_id)
[0m[32m+        {
[0m             return Err(PlanError::InvalidDependencyGraph);
         }
     }
Diff in \\?\D:\a\eliot-search\eliot-search\crates\search-query\search-query-planner\src\lib.rs:558:
     mix(&mut lanes, &budget.deadline_ms.to_be_bytes());
     mix(&mut lanes, &budget.max_source_read_bytes.to_be_bytes());
     for leg in legs {
[31m-        mix(&mut lanes, &u64::try_from(leg.leg_id).unwrap_or(u64::MAX).to_be_bytes());
[0m[32m+        mix(
[0m[32m+            &mut lanes,
[0m[32m+            &u64::try_from(leg.leg_id).unwrap_or(u64::MAX).to_be_bytes(),
[0m[32m+        );
[0m         mix(&mut lanes, &[leg_kind_tag(leg.leg_kind)]);
         for membership in &leg.memberships {
             mix(&mut lanes, membership.as_bytes());
Diff in \\?\D:\a\eliot-search\eliot-search\crates\search-query\search-result-projector\src\lib.rs:20:
 use search_access::AccessCheckpoint;
 use search_candidate_validator::ValidatedSearchCandidate as SourceBackedCandidate;
 use search_contracts::{
[31m-    AssuranceClass, BoundedList, BoundedNonContentRankingTrace, BoundedSet,
[0m[31m-    CandidateId, ContinuationHandle, Coverage, EntityKind, EvidenceRole,
[0m[31m-    ObservationFreshnessState, PlanFingerprint, PlanId, ReceiptRef, RequestId,
[0m[31m-    ResultFence, SearchCandidateSet, SearchReasonCodeV1, SearchSourceHandle,
[0m[31m-    ValidatedSearchCandidate, MAX_LIST_ITEMS, MAX_REASON_CODES,
[0m[32m+    AssuranceClass, BoundedList, BoundedNonContentRankingTrace, BoundedSet, CandidateId,
[0m[32m+    ContinuationHandle, Coverage, EntityKind, EvidenceRole, MAX_LIST_ITEMS, MAX_REASON_CODES,
[0m[32m+    ObservationFreshnessState, PlanFingerprint, PlanId, ReceiptRef, RequestId, ResultFence,
[0m[32m+    SearchCandidateSet, SearchReasonCodeV1, SearchSourceHandle, ValidatedSearchCandidate,
[0m };
 
 /// Closed result-projection failure.
Diff in \\?\D:\a\eliot-search\eliot-search\crates\search-query\search-result-projector\src\lib.rs:217:
             continue;
         }
 
[31m-        let reason_codes = BoundedSet::<_, MAX_REASON_CODES>::from_items(
[0m[31m-            input.public.reason_codes,
[0m[31m-        )
[0m[31m-        .map_err(|_| ProjectionError::CandidateBudgetExceeded)?;
[0m[32m+        let reason_codes = BoundedSet::<_, MAX_REASON_CODES>::from_items(input.public.reason_codes)
[0m[32m+            .map_err(|_| ProjectionError::CandidateBudgetExceeded)?;
[0m         let candidate = ValidatedSearchCandidate {
             candidate_id: input.public.candidate_id,
             source_handle: input.public.source_handle,
Diff in \\?\D:\a\eliot-search\eliot-search\crates\search-query\search-result-projector\src\lib.rs:230:
             freshness: input.public.freshness,
             ranking_trace: input.public.ranking_trace,
             reason_codes,
[31m-            candidate_validation_receipt_ref: input
[0m[31m-                .public
[0m[31m-                .candidate_validation_receipt_ref,
[0m[32m+            candidate_validation_receipt_ref: input.public.candidate_validation_receipt_ref,
[0m         };
         candidate
             .validate()
Diff in \\?\D:\a\eliot-search\eliot-search\crates\search-query\search-retrieval-executor\src\lib.rs:18:
 use std::collections::{BTreeMap, BTreeSet};
 
 use search_access::{
[31m-    AccessCheckpoint, AccessError, AccessPermit, ContaminationDecision,
[0m[31m-    LiveSecurityState, RequestSecurityFence, recheck_live_access,
[0m[32m+    AccessCheckpoint, AccessError, AccessPermit, ContaminationDecision, LiveSecurityState,
[0m[32m+    RequestSecurityFence, recheck_live_access,
[0m };
 use search_contracts::{
[31m-    Blake3Digest32, CollectionRouteRevision, LegKind, OpaqueId, RequestId,
[0m[31m-    SourceMembershipId,
[0m[32m+    Blake3Digest32, CollectionRouteRevision, LegKind, OpaqueId, RequestId, SourceMembershipId,
[0m };
 use search_epoch_pins::{EpochPinGuard, EpochPinPurpose, PinError, PinRegistry, RouteIdentity};
[31m-use search_query_planner::{
[0m[31m-    CompiledPlanDigest, CompiledSearchPlan, LegBudget, PlannedLeg,
[0m[31m-};
[0m[32m+use search_query_planner::{CompiledPlanDigest, CompiledSearchPlan, LegBudget, PlannedLeg};
[0m 
 /// Closed execution failure.
 #[derive(Clone, Copy, Debug, Eq, Ord, PartialEq, PartialOrd)]
Diff in \\?\D:\a\eliot-search\eliot-search\crates\search-query\search-retrieval-executor\src\lib.rs:407:
 }
 
 /// Normalizes raw scores only within one exact scoring population.
[31m-pub fn normalize_within_population(
[0m[31m-    output: LegOutput,
[0m[31m-) -> Result<RankedLegOutput, ExecuteError> {
[0m[32m+pub fn normalize_within_population(output: LegOutput) -> Result<RankedLegOutput, ExecuteError> {
[0m     let population_digest = output
         .scoring_population_digest
         .ok_or(ExecuteError::PopulationMismatch)?;
Diff in \\?\D:\a\eliot-search\eliot-search\crates\search-query\search-retrieval-executor\src\lib.rs:571:
     plan: &CompiledSearchPlan,
 ) -> ExecutionCoverage {
     let executed_legs = execution.outputs.keys().copied().collect::<BTreeSet<_>>();
[31m-    let failed_legs = execution.failed_legs.keys().copied().collect::<BTreeSet<_>>();
[0m[31m-    let all_complete = execution.outputs.values().all(|output| {
[0m[31m-        output.completion == LegCompletion::CompleteCandidateScope
[0m[31m-    });
[0m[32m+    let failed_legs = execution
[0m[32m+        .failed_legs
[0m[32m+        .keys()
[0m[32m+        .copied()
[0m[32m+        .collect::<BTreeSet<_>>();
[0m[32m+    let all_complete = execution
[0m[32m+        .outputs
[0m[32m+        .values()
[0m[32m+        .all(|output| output.completion == LegCompletion::CompleteCandidateScope);
[0m     let complete_candidate_scope = all_complete
         && executed_legs.len() == plan.legs.len()
         && failed_legs.is_empty()
Diff in \\?\D:\a\eliot-search\eliot-search\crates\search-query\search-retrieval-executor\src\lib.rs:593:
 }
 
 /// Idempotently cancels request-local execution and releases owned pins by drop.
[31m-pub fn cancel(
[0m[31m-    guard: &mut ExecutionGuard,
[0m[31m-    execution: &mut ExecutionState,
[0m[31m-) -> CancelOutcome {
[0m[32m+pub fn cancel(guard: &mut ExecutionGuard, execution: &mut ExecutionState) -> CancelOutcome {
[0m     let already_cancelled = guard.cancelled;
     guard.cancelled = true;
     execution.cancelled = true;
Diff in \\?\D:\a\eliot-search\eliot-search\crates\search-research-export-adapter\src\export.rs:57:
         let limits = Self {
             max_items: NonZeroUsize::new(max_items).ok_or(ExportError::InvalidLimits)?,
             max_gaps: NonZeroUsize::new(max_gaps).ok_or(ExportError::InvalidLimits)?,
[31m-            max_item_bytes: NonZeroUsize::new(max_item_bytes)
[0m[31m-                .ok_or(ExportError::InvalidLimits)?,
[0m[32m+            max_item_bytes: NonZeroUsize::new(max_item_bytes).ok_or(ExportError::InvalidLimits)?,
[0m             max_total_bytes: NonZeroUsize::new(max_total_bytes)
                 .ok_or(ExportError::InvalidLimits)?,
         };
Diff in \\?\D:\a\eliot-search\eliot-search\crates\search-research-export-adapter\src\export.rs:306:
         &mut self,
         coverage: ExportCoverage,
         plan_digest: Blake3Digest32,
[31m-    ) -> Result<ResearchExport<Identity, Source, Citation, Payload, GapIdentity, GapReason>, ExportError>
[0m[31m-    {
[0m[32m+    ) -> Result<
[0m[32m+        ResearchExport<Identity, Source, Citation, Payload, GapIdentity, GapReason>,
[0m[32m+        ExportError,
[0m[32m+    > {
[0m         self.require_collecting()?;
         if coverage == ExportCoverage::Complete && !self.gaps.is_empty() {
             self.state = BuilderState::Quarantined;
Diff in \\?\D:\a\eliot-search\eliot-search\crates\search-runtime\search-os-secrets\src\lib.rs:21:
 use std::collections::BTreeMap;
 
 use search_contracts::{
[31m-    Blake3Digest32, InstallationId, InstallationIncarnationId, NonZeroRevision,
[0m[31m-    OpaqueId, ReceiptRef,
[0m[32m+    Blake3Digest32, InstallationId, InstallationIncarnationId, NonZeroRevision, OpaqueId,
[0m[32m+    ReceiptRef,
[0m };
 use search_ports::{MonotonicInstant, MutationIdentity};
 
Diff in \\?\D:\a\eliot-search\eliot-search\crates\search-runtime\search-os-secrets\src\lib.rs:197:
 impl SecretReference {
     /// Creates an opaque bound reference.
     #[must_use]
[31m-    pub const fn new(
[0m[31m-        id: OpaqueId,
[0m[31m-        binding: SecretBinding,
[0m[31m-        version: NonZeroRevision,
[0m[31m-    ) -> Self {
[0m[32m+    pub const fn new(id: OpaqueId, binding: SecretBinding, version: NonZeroRevision) -> Self {
[0m         Self {
             id,
             binding,
Diff in \\?\D:\a\eliot-search\eliot-search\crates\search-runtime\search-os-secrets\src\lib.rs:244:
 impl SecretOperation {
     /// Creates a replay fence.
     #[must_use]
[31m-    pub const fn new(
[0m[31m-        mutation: MutationIdentity,
[0m[31m-        request_digest: Blake3Digest32,
[0m[31m-    ) -> Self {
[0m[32m+    pub const fn new(mutation: MutationIdentity, request_digest: Blake3Digest32) -> Self {
[0m         Self {
             mutation,
             request_digest,
Diff in \\?\D:\a\eliot-search\eliot-search\crates\search-runtime\search-os-secrets\src\lib.rs:593:
             replacement_ciphertext_digest,
             replacement_record_revision,
         };
[31m-        self.records
[0m[31m-            .get_mut(id)
[0m[31m-            .ok_or(SecretError::NotFound)?
[0m[31m-            .state = SecretRecordState::RotationPending(pending);
[0m[32m+        self.records.get_mut(id).ok_or(SecretError::NotFound)?.state =
[0m[32m+            SecretRecordState::RotationPending(pending);
[0m         Ok(SecretMutationEffect::WriteEncrypted {
             reference: replacement_reference,
             ciphertext: replacement_ciphertext,
Diff in \\?\D:\a\eliot-search\eliot-search\crates\search-runtime\search-os-secrets\src\lib.rs:632:
         let pending = match self.get(id)?.state() {
             SecretRecordState::RotationPending(pending) if !require_unknown => pending.clone(),
             SecretRecordState::OutcomeUnknown(UnknownSecretMutation::Rotation(pending))
[31m-                if require_unknown => pending.clone(),
[0m[32m+                if require_unknown =>
[0m[32m+            {
[0m[32m+                pending.clone()
[0m[32m+            }
[0m             _ => return Err(SecretError::InvalidTransition),
         };
         verify_rotation_readback(&pending, readback)?;
Diff in \\?\D:\a\eliot-search\eliot-search\crates\search-runtime\search-os-secrets\src\lib.rs:670:
             return Err(SecretError::InvalidTransition);
         }
         self.register_operation(&operation)?;
[31m-        self.records
[0m[31m-            .get_mut(id)
[0m[31m-            .ok_or(SecretError::NotFound)?
[0m[31m-            .state = SecretRecordState::DeletePending(PendingDelete {
[0m[31m-            operation: operation.clone(),
[0m[31m-        });
[0m[32m+        self.records.get_mut(id).ok_or(SecretError::NotFound)?.state =
[0m[32m+            SecretRecordState::DeletePending(PendingDelete {
[0m[32m+                operation: operation.clone(),
[0m[32m+            });
[0m         Ok(SecretMutationEffect::Delete {
             reference: current.reference,
             operation,
Diff in \\?\D:\a\eliot-search\eliot-search\crates\search-runtime\search-os-secrets\src\lib.rs:709:
         let pending = match self.get(id)?.state() {
             SecretRecordState::DeletePending(pending) if !require_unknown => pending.clone(),
             SecretRecordState::OutcomeUnknown(UnknownSecretMutation::Delete(pending))
[31m-                if require_unknown => pending.clone(),
[0m[32m+                if require_unknown =>
[0m[32m+            {
[0m[32m+                pending.clone()
[0m[32m+            }
[0m             _ => return Err(SecretError::InvalidTransition),
         };
         if !pending.operation.is_same_request(&readback.operation) {
Diff in \\?\D:\a\eliot-search\eliot-search\crates\search-runtime\search-os-secrets\src\lib.rs:765:
             }
             _ => return Err(SecretError::InvalidTransition),
         };
[31m-        self.records
[0m[31m-            .get_mut(id)
[0m[31m-            .ok_or(SecretError::NotFound)?
[0m[31m-            .state = SecretRecordState::OutcomeUnknown(unknown);
[0m[32m+        self.records.get_mut(id).ok_or(SecretError::NotFound)?.state =
[0m[32m+            SecretRecordState::OutcomeUnknown(unknown);
[0m         Ok(())
     }
 
Diff in \\?\D:\a\eliot-search\eliot-search\crates\search-runtime\search-os-secrets\src\lib.rs:775:
     /// Explicitly quarantines one reference.
[31m-    pub fn quarantine(
[0m[31m-        &mut self,
[0m[31m-        id: &OpaqueId,
[0m[31m-        reason: SecretError,
[0m[31m-    ) -> Result<(), SecretError> {
[0m[31m-        self.records
[0m[31m-            .get_mut(id)
[0m[31m-            .ok_or(SecretError::NotFound)?
[0m[31m-            .state = SecretRecordState::Quarantined(reason);
[0m[32m+    pub fn quarantine(&mut self, id: &OpaqueId, reason: SecretError) -> Result<(), SecretError> {
[0m[32m+        self.records.get_mut(id).ok_or(SecretError::NotFound)?.state =
[0m[32m+            SecretRecordState::Quarantined(reason);
[0m         Ok(())
     }
 
Diff in \\?\D:\a\eliot-search\eliot-search\crates\search-runtime\search-os-secrets\src\lib.rs:1045:
                     ciphertext_digest: Blake3Digest32::from_bytes([7; 32]),
                     record_revision: NonZeroRevision::new(2).expect("revision"),
                     operation,
[31m-                    durable_receipt: Some(
[0m[31m-                        ReceiptRef::new("receipt:rotation").expect("receipt"),
[0m[31m-                    ),
[0m[32m+                    durable_receipt: Some(ReceiptRef::new("receipt:rotation").expect("receipt")),
[0m                 },
             )
             .expect("confirm");
Diff in \\?\D:\a\eliot-search\eliot-search\crates\search-runtime\search-os-secrets\src\lib.rs:1054:
         assert_eq!(receipt.reference.version().get(), 2);
[31m-        assert!(matches!(catalog.get(&id).expect("record").state(), SecretRecordState::Active));
[0m[32m+        assert!(matches!(
[0m[32m+            catalog.get(&id).expect("record").state(),
[0m[32m+            SecretRecordState::Active
[0m[32m+        ));
[0m     }
 
     #[test]
Diff in \\?\D:\a\eliot-search\eliot-search\crates\search-runtime\search-os-secrets\src\lib.rs:1090:
                 &SecretDeleteReadback {
                     reference_absent: false,
                     operation,
[31m-                    durable_receipt: Some(
[0m[31m-                        ReceiptRef::new("receipt:delete").expect("receipt"),
[0m[31m-                    ),
[0m[32m+                    durable_receipt: Some(ReceiptRef::new("receipt:delete").expect("receipt"),),
[0m                 },
             ),
             Err(SecretError::OutcomeUnknown)
Diff in \\?\D:\a\eliot-search\eliot-search\crates\search-source\search-revision-store\src\lib.rs:495:
                 RevisionState::Pending(_)
                 | RevisionState::OutcomeUnknown(_)
                 | RevisionState::Active(_)
[31m-                | RevisionState::Quarantined { .. } => {
[0m[31m-                    Err(RevisionStoreError::RevisionConflict)
[0m[31m-                }
[0m[32m+                | RevisionState::Quarantined { .. } => Err(RevisionStoreError::RevisionConflict),
[0m             };
         }
         validate_next_source_revision(&self.states, &intent.key)?;
Diff in \\?\D:\a\eliot-search\eliot-search\crates\search-source\search-revision-store\src\lib.rs:538:
     ) -> Result<RevisionStoreReceipt, RevisionStoreError> {
         let intent = match self.state(key)? {
             RevisionState::Pending(intent) | RevisionState::OutcomeUnknown(intent)
[31m-                if &intent.operation == operation => intent.clone(),
[0m[32m+                if &intent.operation == operation =>
[0m[32m+            {
[0m[32m+                intent.clone()
[0m[32m+            }
[0m             RevisionState::Pending(_) | RevisionState::OutcomeUnknown(_) => {
                 return Err(RevisionStoreError::OperationConflict);
             }
Diff in \\?\D:\a\eliot-search\eliot-search\crates\search-source\search-revision-store\src\lib.rs:635:
     if ciphertext_bytes == 0 || ciphertext_bytes > limits.max_ciphertext_bytes {
         return Err(RevisionStoreError::CiphertextSizeInvalid);
     }
[31m-    if intent.payload.nonce().is_empty()
[0m[31m-        || intent.payload.nonce().len() > limits.max_nonce_bytes
[0m[31m-    {
[0m[32m+    if intent.payload.nonce().is_empty() || intent.payload.nonce().len() > limits.max_nonce_bytes {
[0m         return Err(RevisionStoreError::NonceInvalid);
     }
     if intent.authorization_receipt.is_none() {
Diff in \\?\D:\a\eliot-search\eliot-search\crates\search-source\search-revision-store\src\lib.rs:740:
     type BackendError;
 
     /// Attempts one atomic immutable encrypted-object write.
[31m-    fn write_immutable(
[0m[31m-        &mut self,
[0m[31m-        intent: &RevisionWriteIntent,
[0m[31m-    ) -> Result<(), Self::BackendError>;
[0m[32m+    fn write_immutable(&mut self, intent: &RevisionWriteIntent) -> Result<(), Self::BackendError>;
[0m 
     /// Reads exact content-free object metadata after write or unknown outcome.
     fn readback(
Diff in \\?\D:\a\eliot-search\eliot-search\crates\search-source\search-revision-store\src\lib.rs:776:
 
     fn operation(name: &str, digest: u8) -> RevisionOperation {
         RevisionOperation::new(
[31m-            OpaqueId::new(format!("revision-operation:{name}"))
[0m[31m-                .expect("operation"),
[0m[32m+            OpaqueId::new(format!("revision-operation:{name}")).expect("operation"),
[0m             Blake3Digest32::from_bytes([digest; 32]),
         )
     }
Diff in \\?\D:\a\eliot-search\eliot-search\crates\search-source\search-revision-store\src\lib.rs:790:
             vec![content; 12],
             vec![content; 32],
             EncryptionBinding {
[31m-                key_reference: OpaqueId::new("secret:revision-key")
[0m[31m-                    .expect("key"),
[0m[32m+                key_reference: OpaqueId::new("secret:revision-key").expect("key"),
[0m                 key_version: NonZeroRevision::new(1).expect("version"),
                 cipher_suite: CipherSuite::AuthenticatedEncryptionV1,
             },
Diff in \\?\D:\a\eliot-search\eliot-search\crates\search-source\search-revision-store\src\lib.rs:805:
             key: key(revision),
             source_binding_revision: NonZeroRevision::new(1).expect("revision"),
             payload: payload(content),
[31m-            storage_object_id: OpaqueId::new(format!("object:{name}"))
[0m[31m-                .expect("object"),
[0m[31m-            residency_key: OpaqueId::new("residency:local")
[0m[31m-                .expect("residency"),
[0m[32m+            storage_object_id: OpaqueId::new(format!("object:{name}")).expect("object"),
[0m[32m+            residency_key: OpaqueId::new("residency:local").expect("residency"),
[0m             authorization_receipt: Some(
[31m-                ReceiptRef::new(format!("receipt:authorization:{name}"))
[0m[31m-                    .expect("receipt"),
[0m[32m+                ReceiptRef::new(format!("receipt:authorization:{name}")).expect("receipt"),
[0m             ),
             operation: operation(name, content),
         }
Diff in \\?\D:\a\eliot-search\eliot-search\crates\search-source\search-revision-store\src\lib.rs:822:
             key: intent.key.clone(),
             storage_object_id: intent.storage_object_id.clone(),
             ciphertext_digest: intent.payload.ciphertext_digest,
[31m-            ciphertext_bytes: u64::try_from(intent.payload.ciphertext_len())
[0m[31m-                .expect("length"),
[0m[32m+            ciphertext_bytes: u64::try_from(intent.payload.ciphertext_len()).expect("length"),
[0m             plaintext_digest: intent.payload.plaintext_digest,
             plaintext_bytes: intent.payload.plaintext_bytes,
             encryption: intent.payload.encryption.clone(),
Diff in \\?\D:\a\eliot-search\eliot-search\crates\search-source\search-revision-store\src\lib.rs:830:
             readback_verified: true,
[31m-            object_receipt: Some(
[0m[31m-                ReceiptRef::new("receipt:object").expect("receipt"),
[0m[31m-            ),
[0m[32m+            object_receipt: Some(ReceiptRef::new("receipt:object").expect("receipt")),
[0m         }
     }
 
Diff in \\?\D:\a\eliot-search\eliot-search\crates\search-source\search-revision-store\src\lib.rs:844:
 
     #[test]
     fn first_revision_must_be_one_and_revisions_are_sequential() {
[31m-        let mut store = RevisionStore::new(DEFAULT_REVISION_STORE_LIMITS)
[0m[31m-            .expect("store");
[0m[32m+        let mut store = RevisionStore::new(DEFAULT_REVISION_STORE_LIMITS).expect("store");
[0m         assert_eq!(
             store.prepare_append(intent(2, "two", 2)),
             Err(RevisionStoreError::RevisionSequenceInvalid)
Diff in \\?\D:\a\eliot-search\eliot-search\crates\search-source\search-revision-store\src\lib.rs:863:
 
     #[test]
     fn exact_active_revision_replays_without_rewrite() {
[31m-        let mut store = RevisionStore::new(DEFAULT_REVISION_STORE_LIMITS)
[0m[31m-            .expect("store");
[0m[32m+        let mut store = RevisionStore::new(DEFAULT_REVISION_STORE_LIMITS).expect("store");
[0m         let intent = intent(1, "one", 1);
         store.prepare_append(intent.clone()).expect("prepare");
         store
Diff in \\?\D:\a\eliot-search\eliot-search\crates\search-source\search-revision-store\src\lib.rs:871:
             .confirm_append(&intent.key, &intent.operation, readback(&intent))
             .expect("confirm");
[31m-        let PrepareAppendResult::AlreadyStored(receipt) = store
[0m[31m-            .prepare_append(intent)
[0m[31m-            .expect("replay")
[0m[32m+        let PrepareAppendResult::AlreadyStored(receipt) =
[0m[32m+            store.prepare_append(intent).expect("replay")
[0m         else {
             panic!("exact immutable revision must replay")
         };
Diff in \\?\D:\a\eliot-search\eliot-search\crates\search-source\search-revision-store\src\lib.rs:881:
 
     #[test]
     fn same_revision_with_other_content_is_conflict() {
[31m-        let mut store = RevisionStore::new(DEFAULT_REVISION_STORE_LIMITS)
[0m[31m-            .expect("store");
[0m[32m+        let mut store = RevisionStore::new(DEFAULT_REVISION_STORE_LIMITS).expect("store");
[0m         let first = intent(1, "one", 1);
         store.prepare_append(first.clone()).expect("prepare");
         store
Diff in \\?\D:\a\eliot-search\eliot-search\crates\search-source\search-revision-store\src\lib.rs:896:
 
     #[test]
     fn unknown_write_is_not_active_success() {
[31m-        let mut store = RevisionStore::new(DEFAULT_REVISION_STORE_LIMITS)
[0m[31m-            .expect("store");
[0m[32m+        let mut store = RevisionStore::new(DEFAULT_REVISION_STORE_LIMITS).expect("store");
[0m         let intent = intent(1, "one", 1);
         store.prepare_append(intent.clone()).expect("prepare");
         store
Diff in \\?\D:\a\eliot-search\eliot-search\crates\search-source\search-revision-store\src\lib.rs:911:
 
     #[test]
     fn exact_readback_recovers_unknown_write() {
[31m-        let mut store = RevisionStore::new(DEFAULT_REVISION_STORE_LIMITS)
[0m[31m-            .expect("store");
[0m[32m+        let mut store = RevisionStore::new(DEFAULT_REVISION_STORE_LIMITS).expect("store");
[0m         let intent = intent(1, "one", 1);
         store.prepare_append(intent.clone()).expect("prepare");
         store
Diff in \\?\D:\a\eliot-search\eliot-search\crates\search-source\search-revision-store\src\lib.rs:920:
             .expect("unknown");
         assert!(matches!(
             store
[31m-                .recover_unknown(
[0m[31m-                    &intent.key,
[0m[31m-                    &intent.operation,
[0m[31m-                    Some(readback(&intent)),
[0m[31m-                )
[0m[32m+                .recover_unknown(&intent.key, &intent.operation, Some(readback(&intent)),)
[0m                 .expect("recover"),
             RecoveryResult::Applied(_)
         ));
Diff in \\?\D:\a\eliot-search\eliot-search\crates\search-source\search-revision-store\src\lib.rs:933:
 
     #[test]
     fn absent_readback_removes_unknown_intent_for_retry() {
[31m-        let mut store = RevisionStore::new(DEFAULT_REVISION_STORE_LIMITS)
[0m[31m-            .expect("store");
[0m[32m+        let mut store = RevisionStore::new(DEFAULT_REVISION_STORE_LIMITS).expect("store");
[0m         let intent = intent(1, "one", 1);
         store.prepare_append(intent.clone()).expect("prepare");
         store
Diff in \\?\D:\a\eliot-search\eliot-search\crates\search-source\search-revision-store\src\lib.rs:954:
 
     #[test]
     fn contradictory_readback_quarantines_revision() {
[31m-        let mut store = RevisionStore::new(DEFAULT_REVISION_STORE_LIMITS)
[0m[31m-            .expect("store");
[0m[32m+        let mut store = RevisionStore::new(DEFAULT_REVISION_STORE_LIMITS).expect("store");
[0m         let intent = intent(1, "one", 1);
         store.prepare_append(intent.clone()).expect("prepare");
         store
Diff in \\?\D:\a\eliot-search\eliot-search\crates\search-source\search-revision-store\src\lib.rs:977:
 
     #[test]
     fn operation_id_reuse_with_other_request_digest_is_rejected() {
[31m-        let mut store = RevisionStore::new(DEFAULT_REVISION_STORE_LIMITS)
[0m[31m-            .expect("store");
[0m[32m+        let mut store = RevisionStore::new(DEFAULT_REVISION_STORE_LIMITS).expect("store");
[0m         let first = intent(1, "same", 1);
         store.prepare_append(first.clone()).expect("prepare");
         store
Diff in \\?\D:\a\eliot-search\eliot-search\crates\search-source\search-safe-reader\src\lib.rs:318:
                 &self.stable_file_identity_digest,
             )
             .field("source_bytes", &self.source_bytes)
[31m-            .field(
[0m[31m-                "security_barrier_revision",
[0m[31m-                &self.security_barrier_revision,
[0m[31m-            )
[0m[32m+            .field("security_barrier_revision", &self.security_barrier_revision)
[0m             .field("before_metadata_receipt", &self.before_metadata_receipt)
             .field("after_metadata_receipt", &self.after_metadata_receipt)
             .field("read_receipt", &self.read_receipt)
Diff in \\?\D:\a\eliot-search\eliot-search\crates\search-source\search-safe-reader\src\lib.rs:352:
     ) -> Result<Self::Handle, Self::BackendError>;
 
     /// Inspects load-bearing metadata from the exact already-open handle.
[31m-    fn inspect(
[0m[31m-        &mut self,
[0m[31m-        handle: &Self::Handle,
[0m[31m-    ) -> Result<FinalHandleMetadata, Self::BackendError>;
[0m[32m+    fn inspect(&mut self, handle: &Self::Handle)
[0m[32m+    -> Result<FinalHandleMetadata, Self::BackendError>;
[0m 
     /// Reads the exact finite range from the same already-open handle.
     fn read_exact_at(
Diff in \\?\D:\a\eliot-search\eliot-search\crates\search-source\search-safe-reader\src\lib.rs:445:
             return Err(SafeReadError::SecurityDenied);
         }
     }
[31m-    if metadata.security_barrier_revision
[0m[31m-        != request.expected_security_barrier_revision
[0m[31m-    {
[0m[32m+    if metadata.security_barrier_revision != request.expected_security_barrier_revision {
[0m         return Err(SafeReadError::SecurityRevisionMismatch);
     }
[31m-    if metadata.stable_file_identity_digest
[0m[31m-        != request.expected_stable_file_identity_digest
[0m[31m-    {
[0m[32m+    if metadata.stable_file_identity_digest != request.expected_stable_file_identity_digest {
[0m         return Err(SafeReadError::StableIdentityMismatch);
     }
     if metadata.source_bytes == 0 || metadata.source_bytes > limits.max_source_bytes {
Diff in \\?\D:\a\eliot-search\eliot-search\crates\search-source\search-safe-reader\src\lib.rs:554:
             security_disposition: ReadSecurityDisposition::Permitted,
             security_barrier_revision: NonZeroRevision::new(3).expect("revision"),
             change_token: OpaqueId::new("change:one").expect("token"),
[31m-            metadata_receipt: Some(
[0m[31m-                ReceiptRef::new("receipt:metadata").expect("receipt"),
[0m[31m-            ),
[0m[32m+            metadata_receipt: Some(ReceiptRef::new("receipt:metadata").expect("receipt")),
[0m         }
     }
 
Diff in \\?\D:\a\eliot-search\eliot-search\crates\search-source\search-safe-reader\src\lib.rs:563:
     fn request() -> SafeReadRequest {
         SafeReadRequest {
[31m-            relative_path: RelativePathToken::new(
[0m[31m-                "src/lib.rs",
[0m[31m-                DEFAULT_SAFE_READ_LIMITS,
[0m[31m-            )
[0m[31m-            .expect("path"),
[0m[32m+            relative_path: RelativePathToken::new("src/lib.rs", DEFAULT_SAFE_READ_LIMITS)
[0m[32m+                .expect("path"),
[0m             expected_root_identity_digest: Blake3Digest32::from_bytes([1; 32]),
             expected_stable_file_identity_digest: Blake3Digest32::from_bytes([2; 32]),
[31m-            expected_security_barrier_revision: NonZeroRevision::new(3)
[0m[31m-                .expect("revision"),
[0m[32m+            expected_security_barrier_revision: NonZeroRevision::new(3).expect("revision"),
[0m             range: ReadRange {
                 offset: 1,
                 length: 3,
Diff in \\?\D:\a\eliot-search\eliot-search\crates\search-source\search-safe-reader\src\lib.rs:591:
 
     #[test]
     fn exact_same_handle_read_succeeds() {
[31m-        let result = safe_read(&mut backend(), &request(), DEFAULT_SAFE_READ_LIMITS)
[0m[31m-            .expect("read");
[0m[32m+        let result = safe_read(&mut backend(), &request(), DEFAULT_SAFE_READ_LIMITS).expect("read");
[0m         assert_eq!(result.bytes(), b"bcd");
     }
 
Diff in \\?\D:\a\eliot-search\eliot-search\crates\search-source\search-safe-reader\src\lib.rs:662:
 
     #[test]
     fn result_debug_does_not_dump_source_bytes() {
[31m-        let result = safe_read(&mut backend(), &request(), DEFAULT_SAFE_READ_LIMITS)
[0m[31m-            .expect("read");
[0m[32m+        let result = safe_read(&mut backend(), &request(), DEFAULT_SAFE_READ_LIMITS).expect("read");
[0m         let debug = format!("{result:?}");
         assert!(!debug.contains("bcd"));
         assert!(debug.contains("<3 bytes>"));
Diff in \\?\D:\a\eliot-search\eliot-search\crates\search-source\search-source-admission\src\lib.rs:28:
 use core::fmt;
 use std::collections::BTreeSet;
 
[31m-use search_contracts::{
[0m[31m-    Blake3Digest32, NonZeroRevision, OpaqueId, OwnerEpoch, ReceiptRef,
[0m[31m-};
[0m[32m+use search_contracts::{Blake3Digest32, NonZeroRevision, OpaqueId, OwnerEpoch, ReceiptRef};
[0m use search_ports::{MonotonicInstant, MutationIdentity};
 
 /// Conservative finite admission limits.
Diff in \\?\D:\a\eliot-search\eliot-search\crates\search-source\search-source-admission\src\lib.rs:250:
 
 impl AdmissionOperation {
     /// Creates an admission replay fence.
[31m-    pub const fn new(
[0m[31m-        mutation: MutationIdentity,
[0m[31m-        request_digest: Blake3Digest32,
[0m[31m-    ) -> Self {
[0m[32m+    pub const fn new(mutation: MutationIdentity, request_digest: Blake3Digest32) -> Self {
[0m         Self {
             mutation,
             request_digest,
Diff in \\?\D:\a\eliot-search\eliot-search\crates\search-source\search-source-admission\src\lib.rs:573:
             None => {}
             Some(attestation) => {
                 if !attestation.proof_verified {
[31m-                    quarantine.insert(
[0m[31m-                        AdmissionQuarantineReason::VirtualAttestationUnauthenticated,
[0m[31m-                    );
[0m[32m+                    quarantine.insert(AdmissionQuarantineReason::VirtualAttestationUnauthenticated);
[0m                 }
                 if attestation.candidate_id != request.candidate.candidate_id
                     || attestation.content_digest != request.candidate.content_digest
Diff in \\?\D:\a\eliot-search\eliot-search\crates\search-source\search-source-admission\src\lib.rs:748:
     fn operation(name: &str, digest: u8) -> AdmissionOperation {
         AdmissionOperation::new(
             MutationIdentity::new(
[31m-                OpaqueId::new(format!("admission-operation:{name}"))
[0m[31m-                    .expect("operation"),
[0m[32m+                OpaqueId::new(format!("admission-operation:{name}")).expect("operation"),
[0m                 IdempotencyClass::RetrySameIdentity,
             ),
             Blake3Digest32::from_bytes([digest; 32]),
Diff in \\?\D:\a\eliot-search\eliot-search\crates\search-source\search-source-admission\src\lib.rs:771:
 
     fn evidence() -> AdmissionEvidence {
         AdmissionEvidence {
[31m-            source_observation_receipt: ReceiptRef::new("receipt:source")
[0m[31m-                .expect("receipt"),
[0m[31m-            owner_verification_receipt: ReceiptRef::new("receipt:owner")
[0m[31m-                .expect("receipt"),
[0m[31m-            security_barrier_receipt: ReceiptRef::new("receipt:security")
[0m[31m-                .expect("receipt"),
[0m[32m+            source_observation_receipt: ReceiptRef::new("receipt:source").expect("receipt"),
[0m[32m+            owner_verification_receipt: ReceiptRef::new("receipt:owner").expect("receipt"),
[0m[32m+            security_barrier_receipt: ReceiptRef::new("receipt:security").expect("receipt"),
[0m             evidence_digest: Blake3Digest32::from_bytes([1; 32]),
             additional_receipts: Vec::new(),
         }
Diff in \\?\D:\a\eliot-search\eliot-search\crates\search-source\search-source-admission\src\lib.rs:786:
         AdmissionRequest {
             operation: operation(candidate, 2),
             candidate: SourceCandidate {
[31m-                candidate_id: OpaqueId::new(format!("candidate:{candidate}"))
[0m[31m-                    .expect("candidate"),
[0m[32m+                candidate_id: OpaqueId::new(format!("candidate:{candidate}")).expect("candidate"),
[0m                 profile: AdmissionProfile::Direct,
                 modality: SourceModality::RegularFile,
                 residency: ResidencyClass::LocalFixed,
Diff in \\?\D:\a\eliot-search\eliot-search\crates\search-source\search-source-admission\src\lib.rs:817:
 
     #[test]
     fn exact_current_request_is_admitted() {
[31m-        assert!(matches!(evaluate(request("one")), AdmissionOutcome::Admitted(_)));
[0m[32m+        assert!(matches!(
[0m[32m+            evaluate(request("one")),
[0m[32m+            AdmissionOutcome::Admitted(_)
[0m[32m+        ));
[0m     }
 
     #[test]
Diff in \\?\D:\a\eliot-search\eliot-search\crates\search-source\search-source-admission\src\lib.rs:827:
         let AdmissionOutcome::Denied(denial) = evaluate(request) else {
             panic!("stale epoch must deny")
         };
[31m-        assert!(denial.reasons.contains(&AdmissionDenialReason::OwnerEpochMismatch));
[0m[32m+        assert!(
[0m[32m+            denial
[0m[32m+                .reasons
[0m[32m+                .contains(&AdmissionDenialReason::OwnerEpochMismatch)
[0m[32m+        );
[0m     }
 
     #[test]
Diff in \\?\D:\a\eliot-search\eliot-search\crates\search-source\search-source-admission\src\lib.rs:837:
         let AdmissionOutcome::Denied(denial) = evaluate(request) else {
             panic!("remote residency must deny")
         };
[31m-        assert!(denial.reasons.contains(&AdmissionDenialReason::ResidencyDenied));
[0m[32m+        assert!(
[0m[32m+            denial
[0m[32m+                .reasons
[0m[32m+                .contains(&AdmissionDenialReason::ResidencyDenied)
[0m[32m+        );
[0m     }
 
     #[test]
Diff in \\?\D:\a\eliot-search\eliot-search\crates\search-source\search-source-admission\src\lib.rs:844:
     fn contradictory_security_evidence_quarantines() {
         let mut request = request("one");
         request.security_disposition = SecurityDisposition::Quarantined;
[31m-        assert!(matches!(evaluate(request), AdmissionOutcome::Quarantined(_)));
[0m[32m+        assert!(matches!(
[0m[32m+            evaluate(request),
[0m[32m+            AdmissionOutcome::Quarantined(_)
[0m[32m+        ));
[0m     }
 
     #[test]
Diff in \\?\D:\a\eliot-search\eliot-search\crates\search-source\search-source-admission\src\lib.rs:882:
             proof_digest: Blake3Digest32::from_bytes([5; 32]),
             proof_verified: false,
         });
[31m-        assert!(matches!(evaluate(request), AdmissionOutcome::Quarantined(_)));
[0m[32m+        assert!(matches!(
[0m[32m+            evaluate(request),
[0m[32m+            AdmissionOutcome::Quarantined(_)
[0m[32m+        ));
[0m     }
 
     #[test]
Diff in \\?\D:\a\eliot-search\eliot-search\crates\search-source\search-source-admission\src\lib.rs:899:
     #[test]
     fn exact_operation_replay_returns_same_terminal_outcome() {
         let outcome = evaluate(request("one"));
[31m-        let mut ledger = AdmissionLedger::new(DEFAULT_ADMISSION_LIMITS)
[0m[31m-            .expect("ledger");
[0m[32m+        let mut ledger = AdmissionLedger::new(DEFAULT_ADMISSION_LIMITS).expect("ledger");
[0m         assert!(!ledger.record(outcome.clone()).expect("first").replayed);
         let replay = ledger.record(outcome).expect("replay");
         assert!(replay.replayed);
Diff in \\?\D:\a\eliot-search\eliot-search\crates\search-source\search-source-admission\src\lib.rs:916:
             Blake3Digest32::from_bytes([99; 32]),
         );
         let second = evaluate(second_request);
[31m-        let mut ledger = AdmissionLedger::new(DEFAULT_ADMISSION_LIMITS)
[0m[31m-            .expect("ledger");
[0m[32m+        let mut ledger = AdmissionLedger::new(DEFAULT_ADMISSION_LIMITS).expect("ledger");
[0m         ledger.record(first).expect("first");
         assert_eq!(
             ledger.record(second),
